project_id,project_name,state,county,phase,decided,lifecycle_outcome,n_opposition_events,first_opposition_date,what_to_recover
prj_13,VoltCore Bitcoin Mine,AL,morgan,proposed,no,pending,1,2026-06-23,"project announcement date, day or month precision, primary or trade-press record preferred; append to data/project_lifecycles source with source_url"
prj_17,EdgeConneX Sheridan,AR,grant,proposed,no,pending,1,2025-10-01,"project announcement date, day or month precision, primary or trade-press record preferred; append to data/project_lifecycles source with source_url"
prj_69,Jackson County Data Center,IA,jackson,proposed,no,pending,1,2024-09-17,"project announcement date, day or month precision, primary or trade-press record preferred; append to data/project_lifecycles source with source_url"
prj_71,Karis Dubuque,IA,dubuque,proposed,no,pending,1,2026-05-26,"project announcement date, day or month precision, primary or trade-press record preferred; append to data/project_lifecycles source with source_url"
prj_91,TeraWulf Newburg,MD,charles,proposed,no,pending,1,2026-03-02,"project announcement date, day or month precision, primary or trade-press record preferred; append to data/project_lifecycles source with source_url"
prj_101,Everett Docklands Data Center,MA,middlesex,proposed,no,pending,1,2026-02-24,"project announcement date, day or month precision, primary or trade-press record preferred; append to data/project_lifecycles source with source_url"
prj_130,CRG Festus Data Center,MO,jefferson,proposed,no,pending,1,2026-04-10,"project announcement date, day or month precision, primary or trade-press record preferred; append to data/project_lifecycles source with source_url"
prj_131,Metrobloks Liberty Data Center Campus,MO,clay,approved,yes,advanced_confirmed,1,2026-03-24,"project announcement date, day or month precision, primary or trade-press record preferred; append to data/project_lifecycles source with source_url"
prj_141,Armory Innovation Data Center,MO,st. louis,proposed,no,pending,1,2026-04-21,"project announcement date, day or month precision, primary or trade-press record preferred; append to data/project_lifecycles source with source_url"
prj_142,Oppidan Foristell Data Center Sites,MO,st. charles county; warren,proposed,no,pending,1,2026-03-16,"project announcement date, day or month precision, primary or trade-press record preferred; append to data/project_lifecycles source with source_url"
prj_172,Greensboro Dream Center,NC,guilford,construction,yes,advanced_confirmed,1,2026-03-25,"project announcement date, day or month precision, primary or trade-press record preferred; append to data/project_lifecycles source with source_url"
prj_175,T5 Data Centers Kings Mountain,NC,cleveland county; gaston,expansion,yes,advanced_confirmed,1,2026-02-26,"project announcement date, day or month precision, primary or trade-press record preferred; append to data/project_lifecycles source with source_url"
prj_186,Charlotte University City Data Center,NC,mecklenburg,construction,yes,advanced_confirmed,1,2026-04-23,"project announcement date, day or month precision, primary or trade-press record preferred; append to data/project_lifecycles source with source_url"
prj_359,Stokes Wheeling,WV,ohio,preliminary,no,pending,1,2026-07-08,"project announcement date, day or month precision, primary or trade-press record preferred; append to data/project_lifecycles source with source_url"
prj_364,Comcast Moorestown,NJ,burlington,proposed,no,pending,1,2025-10-31,"project announcement date, day or month precision, primary or trade-press record preferred; append to data/project_lifecycles source with source_url"
prj_381,Wilsonville Data Center,AL,shelby,proposed,no,pending,1,2025-08-24,"project announcement date, day or month precision, primary or trade-press record preferred; append to data/project_lifecycles source with source_url"
prj_1002,Province Group Perry Village Data Center Campus,OH,lake,proposed,no,pending,1,2025-07-01,"project announcement date, day or month precision, primary or trade-press record preferred; append to data/project_lifecycles source with source_url"
