source,as_of,name,state,announced_date,county,capacity_mw,decision_date,status,source_url,operator
loudoun_lola,2026-08-18,IAD 12 & IAD 13 Data Center,VA,2023-08-23,,,,Approved,https://logis.loudoun.gov/gis/rest/services/Projects/LOLA_DATA/MapServer/0/query,
loudoun_lola,2026-08-18,ACC-10 DATA CENTER LOUDOUN CENTER,VA,2017-01-20,,,,Approved,https://logis.loudoun.gov/gis/rest/services/Projects/LOLA_DATA/MapServer/0/query,
loudoun_lola,2026-08-18,VANTAGE DATA CENTERS VA2 LLC,VA,2022-04-26,,,,Approved,https://logis.loudoun.gov/gis/rest/services/Projects/LOLA_DATA/MapServer/0/query,
loudoun_lola,2026-08-18,H5 DATA CENTER,VA,2023-01-19,,,,Approved,https://logis.loudoun.gov/gis/rest/services/Projects/LOLA_DATA/MapServer/0/query,
loudoun_lola,2026-08-18,VANTAGE DATA CENTERS VA2,VA,2023-01-30,,,,Approved,https://logis.loudoun.gov/gis/rest/services/Projects/LOLA_DATA/MapServer/0/query,
loudoun_lola,2026-08-18,Manekin Plaza,VA,2023-03-30,,,,Approved,https://logis.loudoun.gov/gis/rest/services/Projects/LOLA_DATA/MapServer/0/query,
loudoun_lola,2026-08-18,RACEFIELD SUBSTATION,VA,2023-12-13,,,,Approved,https://logis.loudoun.gov/gis/rest/services/Projects/LOLA_DATA/MapServer/0/query,
loudoun_lola,2026-08-18,Loudoun Business Park,VA,2025-07-09,,,,In Review,https://logis.loudoun.gov/gis/rest/services/Projects/LOLA_DATA/MapServer/0/query,
loudoun_lola,2026-08-18,Loudoun Business Park,VA,2026-03-05,,,,In Review,https://logis.loudoun.gov/gis/rest/services/Projects/LOLA_DATA/MapServer/0/query,
loudoun_lola,2026-08-18,Data Center Standards and Locations Phase 1,VA,2024-01-31,,,,Approved,https://logis.loudoun.gov/gis/rest/services/Projects/LOLA_DATA/MapServer/0/query,
loudoun_lola,2026-08-18,Data Center Standards and Locations Phase 2,VA,2025-09-19,,,,In Review,https://logis.loudoun.gov/gis/rest/services/Projects/LOLA_DATA/MapServer/0/query,
loudoun_lola,2026-08-18,TRUE NORTH DATA- SYCOLIN RD,VA,2017-08-18,,,,Approved,https://logis.loudoun.gov/gis/rest/services/Projects/LOLA_DATA/MapServer/0/query,
loudoun_lola,2026-08-18,606 DATA CENTER,VA,2018-01-26,,,,Approved,https://logis.loudoun.gov/gis/rest/services/Projects/LOLA_DATA/MapServer/0/query,
loudoun_lola,2026-08-18,TRUE NORTH DATA - SWM,VA,2018-03-26,,,,Approved,https://logis.loudoun.gov/gis/rest/services/Projects/LOLA_DATA/MapServer/0/query,
loudoun_lola,2026-08-18,AREP BEAUMEADE DATA CENTER,VA,2021-02-25,,,,Approved,https://logis.loudoun.gov/gis/rest/services/Projects/LOLA_DATA/MapServer/0/query,
loudoun_lola,2026-08-18,606 DATA CENTER,VA,2018-05-01,,,,Approved,https://logis.loudoun.gov/gis/rest/services/Projects/LOLA_DATA/MapServer/0/query,
loudoun_lola,2026-08-18,606 DATA CENTER,VA,2018-12-07,,,,Approved,https://logis.loudoun.gov/gis/rest/services/Projects/LOLA_DATA/MapServer/0/query,
loudoun_lola,2026-08-18,AREP BEAUMEADE DATA CENTER,VA,2021-12-14,,,,Approved,https://logis.loudoun.gov/gis/rest/services/Projects/LOLA_DATA/MapServer/0/query,
loudoun_lola,2026-08-18,LOUDOUN METRO DATA CENTERS LM3 & LM4,VA,2015-02-05,,,,Approved,https://logis.loudoun.gov/gis/rest/services/Projects/LOLA_DATA/MapServer/0/query,
loudoun_lola,2026-08-18,WAXPOOL INTXN IMPRO ASB ASHBRN DATA CEN,VA,2015-05-18,,,,Approved,https://logis.loudoun.gov/gis/rest/services/Projects/LOLA_DATA/MapServer/0/query,
loudoun_lola,2026-08-18,DARVISH DATA CENTER,VA,2022-03-02,,,,In Review,https://logis.loudoun.gov/gis/rest/services/Projects/LOLA_DATA/MapServer/0/query,
loudoun_lola,2026-08-18,RIDGETOP DATA CENTER,VA,2023-07-21,,,,In Review,https://logis.loudoun.gov/gis/rest/services/Projects/LOLA_DATA/MapServer/0/query,
loudoun_lola,2026-08-18,INOVA Health System Phase 1,VA,2023-08-21,,,,Approved,https://logis.loudoun.gov/gis/rest/services/Projects/LOLA_DATA/MapServer/0/query,
loudoun_lola,2026-08-18,H5 Data Center,VA,2023-09-20,,,,Approved,https://logis.loudoun.gov/gis/rest/services/Projects/LOLA_DATA/MapServer/0/query,
loudoun_lola,2026-08-18,Ashburn East Phase 1 & 2,VA,2023-09-25,,,,Approved,https://logis.loudoun.gov/gis/rest/services/Projects/LOLA_DATA/MapServer/0/query,
loudoun_lola,2026-08-18,1501 Moran Road - AS02,VA,2023-09-29,,,,Approved,https://logis.loudoun.gov/gis/rest/services/Projects/LOLA_DATA/MapServer/0/query,
loudoun_lola,2026-08-18,Allegro North Campus - Building 2A,VA,2023-10-27,,,,In Review,https://logis.loudoun.gov/gis/rest/services/Projects/LOLA_DATA/MapServer/0/query,
loudoun_lola,2026-08-18,Project Motion - Phase 3,VA,2023-11-09,,,,Approved,https://logis.loudoun.gov/gis/rest/services/Projects/LOLA_DATA/MapServer/0/query,
loudoun_lola,2026-08-18,JK TECHNOLOGY PARK #3,VA,2023-11-20,,,,In Review,https://logis.loudoun.gov/gis/rest/services/Projects/LOLA_DATA/MapServer/0/query,
loudoun_lola,2026-08-18,Pacific Corporate Park,VA,2023-11-21,,,,Approved,https://logis.loudoun.gov/gis/rest/services/Projects/LOLA_DATA/MapServer/0/query,
loudoun_lola,2026-08-18,JK Technology Park #2,VA,2023-12-01,,,,In Review,https://logis.loudoun.gov/gis/rest/services/Projects/LOLA_DATA/MapServer/0/query,
loudoun_lola,2026-08-18,Project Aspen,VA,2023-12-07,,,,Approved,https://logis.loudoun.gov/gis/rest/services/Projects/LOLA_DATA/MapServer/0/query,
loudoun_lola,2026-08-18,Allegro North Campus - Building 2B-2E Site Plan,VA,2023-12-08,,,,In Review,https://logis.loudoun.gov/gis/rest/services/Projects/LOLA_DATA/MapServer/0/query,
loudoun_lola,2026-08-18,Vantage VA16,VA,2023-12-08,,,,Approved,https://logis.loudoun.gov/gis/rest/services/Projects/LOLA_DATA/MapServer/0/query,
loudoun_lola,2026-08-18,Stack Ashburn Data Center,VA,2023-12-20,,,,Approved,https://logis.loudoun.gov/gis/rest/services/Projects/LOLA_DATA/MapServer/0/query,
loudoun_lola,2026-08-18,Prologis - Erin's Run Drive,VA,2024-04-02,,,,In Review,https://logis.loudoun.gov/gis/rest/services/Projects/LOLA_DATA/MapServer/0/query,
loudoun_lola,2026-08-18,Thayer Rd,VA,2024-05-08,,,,In Review,https://logis.loudoun.gov/gis/rest/services/Projects/LOLA_DATA/MapServer/0/query,
loudoun_lola,2026-08-18,TUSCARORA CROSSING LANDBAY 7,VA,2024-05-08,,,,Approved,https://logis.loudoun.gov/gis/rest/services/Projects/LOLA_DATA/MapServer/0/query,
loudoun_lola,2026-08-18,Digital Dulles Phase III,VA,2024-05-08,,,,In Review,https://logis.loudoun.gov/gis/rest/services/Projects/LOLA_DATA/MapServer/0/query,
loudoun_lola,2026-08-18,Digital Filigree,VA,2024-05-13,,,,Approved,https://logis.loudoun.gov/gis/rest/services/Projects/LOLA_DATA/MapServer/0/query,
loudoun_lola,2026-08-18,Loudoun Center LC3 Data Center SPAM,VA,2024-05-31,,,,Approved,https://logis.loudoun.gov/gis/rest/services/Projects/LOLA_DATA/MapServer/0/query,
loudoun_lola,2026-08-18,Ashburn Data Center,VA,2024-06-17,,,,In Review,https://logis.loudoun.gov/gis/rest/services/Projects/LOLA_DATA/MapServer/0/query,
loudoun_lola,2026-08-18,Dulles Design,VA,2024-06-20,,,,In Review,https://logis.loudoun.gov/gis/rest/services/Projects/LOLA_DATA/MapServer/0/query,
loudoun_lola,2026-08-18,IAD03 Relocation Drive Phase II,VA,2024-06-21,,,,Approved,https://logis.loudoun.gov/gis/rest/services/Projects/LOLA_DATA/MapServer/0/query,
loudoun_lola,2026-08-18,Dulles Berry LC8 Data Center,VA,2024-07-12,,,,Approved,https://logis.loudoun.gov/gis/rest/services/Projects/LOLA_DATA/MapServer/0/query,
loudoun_lola,2026-08-18,110 Terminal Drive Data Center,VA,2024-08-01,,,,In Review,https://logis.loudoun.gov/gis/rest/services/Projects/LOLA_DATA/MapServer/0/query,
loudoun_lola,2026-08-18,Data Centers at Compass Creek,VA,2024-08-14,,,,Approved,https://logis.loudoun.gov/gis/rest/services/Projects/LOLA_DATA/MapServer/0/query,
loudoun_lola,2026-08-18,Site Plan Amendment for EPLAN-2023-0128,VA,2024-09-20,,,,Approved,https://logis.loudoun.gov/gis/rest/services/Projects/LOLA_DATA/MapServer/0/query,
loudoun_lola,2026-08-18,Dulles Electric Data Centers,VA,2024-10-16,,,,In Review,https://logis.loudoun.gov/gis/rest/services/Projects/LOLA_DATA/MapServer/0/query,
loudoun_lola,2026-08-18,ME-DC Pacific,VA,2024-10-17,,,,In Review,https://logis.loudoun.gov/gis/rest/services/Projects/LOLA_DATA/MapServer/0/query,
loudoun_lola,2026-08-18,Mercure Business Park Lot 22,VA,2024-10-30,,,,In Review,https://logis.loudoun.gov/gis/rest/services/Projects/LOLA_DATA/MapServer/0/query,
loudoun_lola,2026-08-18,Mercure Business Park Lot 19 & LOT 20,VA,2024-10-30,,,,In Review,https://logis.loudoun.gov/gis/rest/services/Projects/LOLA_DATA/MapServer/0/query,
loudoun_lola,2026-08-18,Clintmar,VA,2024-11-01,,,,In Review,https://logis.loudoun.gov/gis/rest/services/Projects/LOLA_DATA/MapServer/0/query,
loudoun_lola,2026-08-18,22990 Indian Creek Drive,VA,2024-11-11,,,,In Review,https://logis.loudoun.gov/gis/rest/services/Projects/LOLA_DATA/MapServer/0/query,
loudoun_lola,2026-08-18,44122 Mercure Circle,VA,2024-11-14,,,,In Review,https://logis.loudoun.gov/gis/rest/services/Projects/LOLA_DATA/MapServer/0/query,
loudoun_lola,2026-08-18,44112 Mercure Circle,VA,2024-11-14,,,,In Review,https://logis.loudoun.gov/gis/rest/services/Projects/LOLA_DATA/MapServer/0/query,
loudoun_lola,2026-08-18,Farah-Naples Data Center Site Plan,VA,2024-11-19,,,,In Review,https://logis.loudoun.gov/gis/rest/services/Projects/LOLA_DATA/MapServer/0/query,
loudoun_lola,2026-08-18,NTT VA6 AND VA7 SITE PLAN AMENDMENT 2024,VA,2024-11-21,,,,Approved,https://logis.loudoun.gov/gis/rest/services/Projects/LOLA_DATA/MapServer/0/query,
loudoun_lola,2026-08-18,ParagonPark III Technology Park,VA,2024-12-11,,,,In Review,https://logis.loudoun.gov/gis/rest/services/Projects/LOLA_DATA/MapServer/0/query,
loudoun_lola,2026-08-18,Tech Park at Dulles,VA,2024-12-20,,,,In Review,https://logis.loudoun.gov/gis/rest/services/Projects/LOLA_DATA/MapServer/0/query,
loudoun_lola,2026-08-18,Compass Creek Section 4,VA,2024-12-23,,,,Approved,https://logis.loudoun.gov/gis/rest/services/Projects/LOLA_DATA/MapServer/0/query,
loudoun_lola,2026-08-18,Samuels Mill Assemblage,VA,2024-12-30,,,,In Review,https://logis.loudoun.gov/gis/rest/services/Projects/LOLA_DATA/MapServer/0/query,
loudoun_lola,2026-08-18,Project Motion - Phase 4,VA,2024-12-31,,,,In Review,https://logis.loudoun.gov/gis/rest/services/Projects/LOLA_DATA/MapServer/0/query,
loudoun_lola,2026-08-18,Parcel J at Ashburn Center,VA,2025-01-03,,,,Approved,https://logis.loudoun.gov/gis/rest/services/Projects/LOLA_DATA/MapServer/0/query,
loudoun_lola,2026-08-18,H&M Property,VA,2025-01-24,,,,Approved,https://logis.loudoun.gov/gis/rest/services/Projects/LOLA_DATA/MapServer/0/query,
loudoun_lola,2026-08-18,Allegro North Campus- Building 2F Site Plan,VA,2025-02-07,,,,In Review,https://logis.loudoun.gov/gis/rest/services/Projects/LOLA_DATA/MapServer/0/query,
loudoun_lola,2026-08-18,Sterling Technology Park,VA,2025-02-12,,,,In Review,https://logis.loudoun.gov/gis/rest/services/Projects/LOLA_DATA/MapServer/0/query,
loudoun_lola,2026-08-18,Ashburn Shallow Bay,VA,2025-02-12,,,,In Review,https://logis.loudoun.gov/gis/rest/services/Projects/LOLA_DATA/MapServer/0/query,
loudoun_lola,2026-08-18,Ashbrook Tech Center,VA,2025-03-21,,,,In Review,https://logis.loudoun.gov/gis/rest/services/Projects/LOLA_DATA/MapServer/0/query,
loudoun_lola,2026-08-18,AREP BEAUMEADE DATA CENTER,VA,2025-04-17,,,,Approved,https://logis.loudoun.gov/gis/rest/services/Projects/LOLA_DATA/MapServer/0/query,
loudoun_lola,2026-08-18,Prologis Park Building 4,VA,2025-06-18,,,,In Review,https://logis.loudoun.gov/gis/rest/services/Projects/LOLA_DATA/MapServer/0/query,
loudoun_lola,2026-08-18,CyrusOne Sterling 11 Data Center Phase 2,VA,2025-07-31,,,,Approved,https://logis.loudoun.gov/gis/rest/services/Projects/LOLA_DATA/MapServer/0/query,
loudoun_lola,2026-08-18,Greenlin Park,VA,2025-08-08,,,,In Review,https://logis.loudoun.gov/gis/rest/services/Projects/LOLA_DATA/MapServer/0/query,
loudoun_lola,2026-08-18,1501 Moran Road - AS02 Final Site Plan REVISION,VA,2025-09-05,,,,Approved,https://logis.loudoun.gov/gis/rest/services/Projects/LOLA_DATA/MapServer/0/query,
loudoun_lola,2026-08-18,Corscale VA2 Building 1 SPAM 1,VA,2025-09-10,,,,In Review,https://logis.loudoun.gov/gis/rest/services/Projects/LOLA_DATA/MapServer/0/query,
loudoun_lola,2026-08-18,Site Plan Amendment for H5 Data Center,VA,2025-10-17,,,,In Review,https://logis.loudoun.gov/gis/rest/services/Projects/LOLA_DATA/MapServer/0/query,
loudoun_lola,2026-08-18,LC11 & LC12 DATA CENTER,VA,2025-10-17,,,,In Review,https://logis.loudoun.gov/gis/rest/services/Projects/LOLA_DATA/MapServer/0/query,
loudoun_lola,2026-08-18,"BELMONT INNOVATION CAMPUS BUILDINGS 1,2 & 5",VA,2025-11-05,,,,In Review,https://logis.loudoun.gov/gis/rest/services/Projects/LOLA_DATA/MapServer/0/query,
loudoun_lola,2026-08-18,DULLES BERRY LC8 DATA CENTER,VA,2026-01-29,,,,In Review,https://logis.loudoun.gov/gis/rest/services/Projects/LOLA_DATA/MapServer/0/query,
loudoun_lola,2026-08-18,LC9 & LC10 Data Center,VA,2026-03-31,,,,In Review,https://logis.loudoun.gov/gis/rest/services/Projects/LOLA_DATA/MapServer/0/query,
loudoun_lola,2026-08-18,Site Plan Amendment for NTT Global Data Centers VA,VA,2026-05-28,,,,In Review,https://logis.loudoun.gov/gis/rest/services/Projects/LOLA_DATA/MapServer/0/query,
loudoun_lola,2026-08-18,Twin Creeks Buildings 4 & 5,VA,2026-06-03,,,,In Review,https://logis.loudoun.gov/gis/rest/services/Projects/LOLA_DATA/MapServer/0/query,
loudoun_lola,2026-08-18,Arcola Grove Data Centers Site Plan,VA,2026-06-17,,,,In Review,https://logis.loudoun.gov/gis/rest/services/Projects/LOLA_DATA/MapServer/0/query,
loudoun_lola,2026-08-18,Thayer Road,VA,2026-06-25,,,,In Review,https://logis.loudoun.gov/gis/rest/services/Projects/LOLA_DATA/MapServer/0/query,
loudoun_lola,2026-08-18,Bridgefield Tech Center,VA,2026-07-28,,,,Submitted - Online,https://logis.loudoun.gov/gis/rest/services/Projects/LOLA_DATA/MapServer/0/query,
loudoun_lola,2026-08-18,Twin Creeks Buildings 1-3,VA,2026-07-29,,,,In Review,https://logis.loudoun.gov/gis/rest/services/Projects/LOLA_DATA/MapServer/0/query,
loudoun_lola,2026-08-18,AWS 42949 Fadeley Lane,VA,2026-08-11,,,,Submitted - Online,https://logis.loudoun.gov/gis/rest/services/Projects/LOLA_DATA/MapServer/0/query,
loudoun_lola,2026-08-18,INTERGATE ASHBURN DATA CENTER,VA,2012-05-31,,,,Approved,https://logis.loudoun.gov/gis/rest/services/Projects/LOLA_DATA/MapServer/0/query,
loudoun_lola,2026-08-18,TRUE NORTH DATA,VA,2018-01-05,,,,Approved,https://logis.loudoun.gov/gis/rest/services/Projects/LOLA_DATA/MapServer/0/query,
loudoun_lola,2026-08-18,TRUE NORTH DATA SWM,VA,2018-05-10,,,,Approved,https://logis.loudoun.gov/gis/rest/services/Projects/LOLA_DATA/MapServer/0/query,
loudoun_lola,2026-08-18,AMAZON DATA SERVICES,VA,2020-10-08,,,,Approved,https://logis.loudoun.gov/gis/rest/services/Projects/LOLA_DATA/MapServer/0/query,
loudoun_lola,2026-08-18,AREP BEAUMEADE DATA CENTER,VA,2021-02-26,,,,Approved,https://logis.loudoun.gov/gis/rest/services/Projects/LOLA_DATA/MapServer/0/query,
loudoun_lola,2026-08-18,Floodplain Study for LC11 & LC12 Data Center,VA,2023-09-07,,,,Approved,https://logis.loudoun.gov/gis/rest/services/Projects/LOLA_DATA/MapServer/0/query,
loudoun_lola,2026-08-18,Floodplain Alteration for LC11 & LC12 Data Center,VA,2023-09-20,,,,Approved,https://logis.loudoun.gov/gis/rest/services/Projects/LOLA_DATA/MapServer/0/query,
loudoun_lola,2026-08-18,Silverbrook Center Floodplain Study,VA,2023-12-14,,,,Approved,https://logis.loudoun.gov/gis/rest/services/Projects/LOLA_DATA/MapServer/0/query,
loudoun_lola,2026-08-18,Silverbrook Center Floodplain Alteration,VA,2023-12-14,,,,Approved,https://logis.loudoun.gov/gis/rest/services/Projects/LOLA_DATA/MapServer/0/query,
loudoun_lola,2026-08-18,Ashbrook Tech Center Floodplain Study,VA,2025-09-11,,,,Approved,https://logis.loudoun.gov/gis/rest/services/Projects/LOLA_DATA/MapServer/0/query,
loudoun_lola,2026-08-18,Clintmar,VA,2026-03-09,,,,In Review,https://logis.loudoun.gov/gis/rest/services/Projects/LOLA_DATA/MapServer/0/query,
loudoun_lola,2026-08-18,Ashburn Data Center Floodplain Alteration,VA,2026-04-01,,,,In Review,https://logis.loudoun.gov/gis/rest/services/Projects/LOLA_DATA/MapServer/0/query,
loudoun_lola,2026-08-18,LOUDOUN METRO DATA CENTERS LM1 & LM2,VA,2013-06-19,,,,Approved,https://logis.loudoun.gov/gis/rest/services/Projects/LOLA_DATA/MapServer/0/query,
loudoun_lola,2026-08-18,ASHBURN NEXUS,VA,2018-02-06,,,,Approved,https://logis.loudoun.gov/gis/rest/services/Projects/LOLA_DATA/MapServer/0/query,
loudoun_lola,2026-08-18,606 DATA CENTER,VA,2018-06-27,,,,In Review,https://logis.loudoun.gov/gis/rest/services/Projects/LOLA_DATA/MapServer/0/query,
loudoun_lola,2026-08-18,CYRUSONE KINCORA LB Q PH 3,VA,2019-01-24,,,,Approved,https://logis.loudoun.gov/gis/rest/services/Projects/LOLA_DATA/MapServer/0/query,
loudoun_lola,2026-08-18,RAGINGWIRE VA3 GREENFIELDS,VA,2020-02-13,,,,Approved,https://logis.loudoun.gov/gis/rest/services/Projects/LOLA_DATA/MapServer/0/query,
loudoun_lola,2026-08-18,SDC ASHBURN ALPHA 1,VA,2020-10-22,,,,Approved,https://logis.loudoun.gov/gis/rest/services/Projects/LOLA_DATA/MapServer/0/query,
loudoun_lola,2026-08-18,DULLES BERRY LC8 DATA CENTER,VA,2022-07-19,,,,Approved,https://logis.loudoun.gov/gis/rest/services/Projects/LOLA_DATA/MapServer/0/query,
loudoun_lola,2026-08-18,H5 DATA CENTER,VA,2022-10-28,,,,Approved,https://logis.loudoun.gov/gis/rest/services/Projects/LOLA_DATA/MapServer/0/query,
loudoun_lola,2026-08-18,DIGITAL DULLES BUILDING 7 & 9,VA,2020-07-21,,,,Approved,https://logis.loudoun.gov/gis/rest/services/Projects/LOLA_DATA/MapServer/0/query,
loudoun_lola,2026-08-18,DULLES BERRY LC4 DATA CENTER,VA,2022-01-25,,,,Approved,https://logis.loudoun.gov/gis/rest/services/Projects/LOLA_DATA/MapServer/0/query,
loudoun_lola,2026-08-18,H5 DATA CENTER,VA,2022-10-28,,,,Approved,https://logis.loudoun.gov/gis/rest/services/Projects/LOLA_DATA/MapServer/0/query,
loudoun_lola,2026-08-18,"INTERGATE ASHBURN DATA CENTER, PHASE 1, 2, & 3",VA,2011-09-12,,,,Approved,https://logis.loudoun.gov/gis/rest/services/Projects/LOLA_DATA/MapServer/0/query,
loudoun_lola,2026-08-18,LOUDOUN CENTER ACC-10 DATA CEN,VA,2017-05-23,,,,Approved,https://logis.loudoun.gov/gis/rest/services/Projects/LOLA_DATA/MapServer/0/query,
loudoun_lola,2026-08-18,H5 DATA CENTER,VA,2023-03-07,,,,Approved,https://logis.loudoun.gov/gis/rest/services/Projects/LOLA_DATA/MapServer/0/query,
loudoun_lola,2026-08-18,45865 Maries Road (STPL-2023-0035),VA,2024-11-19,,,,In Review,https://logis.loudoun.gov/gis/rest/services/Projects/LOLA_DATA/MapServer/0/query,
loudoun_lola,2026-08-18,ALIGNED ENERGY DATA CENTER,VA,2022-05-25,,,,Approved,https://logis.loudoun.gov/gis/rest/services/Projects/LOLA_DATA/MapServer/0/query,
loudoun_lola,2026-08-18,BELMONT INNOVATION CAMPUS,VA,2022-10-31,,,,Approved,https://logis.loudoun.gov/gis/rest/services/Projects/LOLA_DATA/MapServer/0/query,
loudoun_lola,2026-08-18,VANTAGE DATA CENTER - BROAD RUN,VA,2023-02-16,,,,Approved,https://logis.loudoun.gov/gis/rest/services/Projects/LOLA_DATA/MapServer/0/query,
loudoun_lola,2026-08-18,ARCOLA GROVE REZONING,VA,2023-07-10,,,,Approved,https://logis.loudoun.gov/gis/rest/services/Projects/LOLA_DATA/MapServer/0/query,
loudoun_lola,2026-08-18,ZEBRA EAST,VA,2023-07-26,,,,Approved,https://logis.loudoun.gov/gis/rest/services/Projects/LOLA_DATA/MapServer/0/query,
loudoun_lola,2026-08-18,Quantum Park,VA,2023-11-09,,,,In Review,https://logis.loudoun.gov/gis/rest/services/Projects/LOLA_DATA/MapServer/0/query,
loudoun_lola,2026-08-18,GLENN DRIVE NORTH & SOUTH,VA,2024-01-22,,,,In Review,https://logis.loudoun.gov/gis/rest/services/Projects/LOLA_DATA/MapServer/0/query,
loudoun_lola,2026-08-18,GLOBAL PLAZA,VA,2024-02-28,,,,In Review,https://logis.loudoun.gov/gis/rest/services/Projects/LOLA_DATA/MapServer/0/query,
loudoun_lola,2026-08-18,Cochran Tech Park,VA,2024-07-30,,,,In Review,https://logis.loudoun.gov/gis/rest/services/Projects/LOLA_DATA/MapServer/0/query,
loudoun_lola,2026-08-18,DULLES DISTRIBUTION CENTER PHASE 1 & 2,VA,2024-09-04,,,,In Review,https://logis.loudoun.gov/gis/rest/services/Projects/LOLA_DATA/MapServer/0/query,
loudoun_lola,2026-08-18,DULLES DOWNS,VA,2024-08-08,,,,In Review,https://logis.loudoun.gov/gis/rest/services/Projects/LOLA_DATA/MapServer/0/query,
loudoun_lola,2026-08-18,WEST DULLES & DULLES COMMERCE CENTER,VA,2024-08-27,,,,In Review,https://logis.loudoun.gov/gis/rest/services/Projects/LOLA_DATA/MapServer/0/query,
loudoun_lola,2026-08-18,Equinix Ashburn East,VA,2025-08-26,,,,In Review,https://logis.loudoun.gov/gis/rest/services/Projects/LOLA_DATA/MapServer/0/query,
loudoun_lola,2026-08-18,Horseshoe Drive,VA,2024-11-27,,,,In Review,https://logis.loudoun.gov/gis/rest/services/Projects/LOLA_DATA/MapServer/0/query,
loudoun_lola,2026-08-18,Spring Valley Technology Park,VA,2025-03-03,,,,In Review,https://logis.loudoun.gov/gis/rest/services/Projects/LOLA_DATA/MapServer/0/query,
loudoun_lola,2026-08-18,SDC Ashburn I,VA,2025-05-05,,,,Approved,https://logis.loudoun.gov/gis/rest/services/Projects/LOLA_DATA/MapServer/0/query,
loudoun_lola,2026-08-18,EQUINIX ASHBURN NORTH,VA,2025-07-25,,,,In Review,https://logis.loudoun.gov/gis/rest/services/Projects/LOLA_DATA/MapServer/0/query,
loudoun_lola,2026-08-18,LOUDOUN BUSINESS PARK,VA,2025-09-10,,,,In Review,https://logis.loudoun.gov/gis/rest/services/Projects/LOLA_DATA/MapServer/0/query,
loudoun_lola,2026-08-18,YONDR-TARRING,VA,2025-11-10,,,,In Review,https://logis.loudoun.gov/gis/rest/services/Projects/LOLA_DATA/MapServer/0/query,
loudoun_lola,2026-08-18,Relocation Drive Data Center,VA,2026-06-26,,,,In Review,https://logis.loudoun.gov/gis/rest/services/Projects/LOLA_DATA/MapServer/0/query,
loudoun_lola,2026-08-18,TRUE NORTH DATA SYCOLIN RD FRONTAGE IMP,VA,2018-02-16,,,,Approved,https://logis.loudoun.gov/gis/rest/services/Projects/LOLA_DATA/MapServer/0/query,
loudoun_lola,2026-08-18,TUSCARORA CROSSING LAND BAY 3 (STPL-2020-0046),VA,2024-08-09,,,,In Review,https://logis.loudoun.gov/gis/rest/services/Projects/LOLA_DATA/MapServer/0/query,
loudoun_lola,2026-08-18,TUSCARORA CROSSING LAND BAY 3 (STPL-2020-0046),VA,2024-08-09,,,,In Review,https://logis.loudoun.gov/gis/rest/services/Projects/LOLA_DATA/MapServer/0/query,
loudoun_lola,2026-08-18,Brambleton Shreveport South Data Center,VA,2025-06-10,,,,In Review,https://logis.loudoun.gov/gis/rest/services/Projects/LOLA_DATA/MapServer/0/query,
loudoun_lola,2026-08-18,Brambleton Shreveport South Data Center,VA,2025-06-10,,,,Approved,https://logis.loudoun.gov/gis/rest/services/Projects/LOLA_DATA/MapServer/0/query,
loudoun_lola,2026-08-18,RIDGETOP CENTER,VA,2026-08-07,,,,Submitted - Online,https://logis.loudoun.gov/gis/rest/services/Projects/LOLA_DATA/MapServer/0/query,
loudoun_lola,2026-08-18,RIDGETOP CENTER,VA,2026-08-07,,,,Submitted - Online,https://logis.loudoun.gov/gis/rest/services/Projects/LOLA_DATA/MapServer/0/query,
loudoun_lola,2026-08-18,MANEKIN PLAZA,VA,2026-08-07,,,,Submitted - Online,https://logis.loudoun.gov/gis/rest/services/Projects/LOLA_DATA/MapServer/0/query,
loudoun_lola,2026-08-18,MANEKIN PLAZA,VA,2026-08-07,,,,Submitted - Online,https://logis.loudoun.gov/gis/rest/services/Projects/LOLA_DATA/MapServer/0/query,
loudoun_lola,2026-08-18,VWPP Belmont Innovation,VA,2023-10-10,,,,Approved,https://logis.loudoun.gov/gis/rest/services/Projects/LOLA_DATA/MapServer/0/query,
loudoun_lola,2026-08-18,Vantage Data Center VA3,VA,2023-11-03,,,,Approved,https://logis.loudoun.gov/gis/rest/services/Projects/LOLA_DATA/MapServer/0/query,
loudoun_lola,2026-08-18,EPLAN-2023-0132,VA,2024-02-16,,,,Approved,https://logis.loudoun.gov/gis/rest/services/Projects/LOLA_DATA/MapServer/0/query,
loudoun_lola,2026-08-18,CyrusOne NVA14,VA,2024-05-02,,,,Approved,https://logis.loudoun.gov/gis/rest/services/Projects/LOLA_DATA/MapServer/0/query,
loudoun_lola,2026-08-18,Leesburg (IAD01-02-03-94-05) Data Center,VA,2024-06-26,,,,Approved,https://logis.loudoun.gov/gis/rest/services/Projects/LOLA_DATA/MapServer/0/query,
loudoun_lola,2026-08-18,Approved Site Plan (EPLAN-2023-0045),VA,2025-04-25,,,,Approved,https://logis.loudoun.gov/gis/rest/services/Projects/LOLA_DATA/MapServer/0/query,
loudoun_lola,2026-08-18,APPLICATION FOR A MINOR NSR PERMIT TO CONSTRUCT,VA,2025-06-19,,,,Approved,https://logis.loudoun.gov/gis/rest/services/Projects/LOLA_DATA/MapServer/0/query,
loudoun_lola,2026-08-18,"Digital Western Lands, LLC (IAD44) Data Center",VA,2025-11-24,,,,Submitted - Online,https://logis.loudoun.gov/gis/rest/services/Projects/LOLA_DATA/MapServer/0/query,
loudoun_lola,2026-08-18,Relocation Drive Data Center,VA,2026-04-14,,,,Approved,https://logis.loudoun.gov/gis/rest/services/Projects/LOLA_DATA/MapServer/0/query,
loudoun_lola,2026-08-18,Wade Drive,VA,2026-08-10,,,,Approved,https://logis.loudoun.gov/gis/rest/services/Projects/LOLA_DATA/MapServer/0/query,
loudoun_lola,2026-08-18,"Amazon Data Services, Inc.",VA,2023-08-28,,,,In Review,https://logis.loudoun.gov/gis/rest/services/Projects/LOLA_DATA/MapServer/0/query,
loudoun_lola,2026-08-18,Vantage Data Centers VA16,VA,2023-12-08,,,,Approved,https://logis.loudoun.gov/gis/rest/services/Projects/LOLA_DATA/MapServer/0/query,
loudoun_lola,2026-08-18,INTERGATE ASHBURN DATA CENTER BLDNG A,VA,2023-12-11,,,,Approved,https://logis.loudoun.gov/gis/rest/services/Projects/LOLA_DATA/MapServer/0/query,
loudoun_lola,2026-08-18,MANEKIN PLAZA,VA,2024-01-29,,,,In Review,https://logis.loudoun.gov/gis/rest/services/Projects/LOLA_DATA/MapServer/0/query,
loudoun_lola,2026-08-18,Pacific Corporate Park,VA,2024-02-05,,,,Approved,https://logis.loudoun.gov/gis/rest/services/Projects/LOLA_DATA/MapServer/0/query,
loudoun_lola,2026-08-18,IAD12 & IAD13 DATA CENTER,VA,2024-02-21,,,,Approved,https://logis.loudoun.gov/gis/rest/services/Projects/LOLA_DATA/MapServer/0/query,
loudoun_lola,2026-08-18,Vantage Data Centers VA16,VA,2024-02-23,,,,Approved,https://logis.loudoun.gov/gis/rest/services/Projects/LOLA_DATA/MapServer/0/query,
loudoun_lola,2026-08-18,Ashburn East Phase 1 & 2,VA,2024-03-14,,,,Approved,https://logis.loudoun.gov/gis/rest/services/Projects/LOLA_DATA/MapServer/0/query,
loudoun_lola,2026-08-18,Lot 1A1 1501 Moran Road Development Owner LLC,VA,2024-04-10,,,,Approved,https://logis.loudoun.gov/gis/rest/services/Projects/LOLA_DATA/MapServer/0/query,
loudoun_lola,2026-08-18,BRAMBLETON BUSINESS CAMPUS DATA CENTER,VA,2024-05-01,,,,Approved,https://logis.loudoun.gov/gis/rest/services/Projects/LOLA_DATA/MapServer/0/query,
loudoun_lola,2026-08-18,Allegro North Campus - Building 2A,VA,2024-06-20,,,,In Review,https://logis.loudoun.gov/gis/rest/services/Projects/LOLA_DATA/MapServer/0/query,
loudoun_lola,2026-08-18,TUSCARORA CROSSING LANDBAY 7,VA,2024-06-28,,,,Approved,https://logis.loudoun.gov/gis/rest/services/Projects/LOLA_DATA/MapServer/0/query,
loudoun_lola,2026-08-18,PROJECT NOVA SOUTHEAST SITE PLAN,VA,2024-07-16,,,,In Review,https://logis.loudoun.gov/gis/rest/services/Projects/LOLA_DATA/MapServer/0/query,
loudoun_lola,2026-08-18,Allegro North Campus - Building 2A,VA,2024-08-26,,,,In Review,https://logis.loudoun.gov/gis/rest/services/Projects/LOLA_DATA/MapServer/0/query,
loudoun_lola,2026-08-18,Ashburn Data Center,VA,2024-08-28,,,,In Review,https://logis.loudoun.gov/gis/rest/services/Projects/LOLA_DATA/MapServer/0/query,
loudoun_lola,2026-08-18,AREP Beaumeade Data Center,VA,2024-08-28,,,,Approved,https://logis.loudoun.gov/gis/rest/services/Projects/LOLA_DATA/MapServer/0/query,
loudoun_lola,2026-08-18,INOVA Health System Phase 1,VA,2024-10-10,,,,In Review,https://logis.loudoun.gov/gis/rest/services/Projects/LOLA_DATA/MapServer/0/query,
loudoun_lola,2026-08-18,RIDGETOP CENTER,VA,2024-10-28,,,,In Review,https://logis.loudoun.gov/gis/rest/services/Projects/LOLA_DATA/MapServer/0/query,
loudoun_lola,2026-08-18,LC 11 AND 12 DATA CENTER,VA,2024-11-26,,,,Approved,https://logis.loudoun.gov/gis/rest/services/Projects/LOLA_DATA/MapServer/0/query,
loudoun_lola,2026-08-18,CYRUSONE STERLING 11 DATA CENTER PH 2,VA,2024-12-09,,,,Approved,https://logis.loudoun.gov/gis/rest/services/Projects/LOLA_DATA/MapServer/0/query,
loudoun_lola,2026-08-18,COCHRAN MILL ROAD,VA,2024-12-13,,,,Submitted,https://logis.loudoun.gov/gis/rest/services/Projects/LOLA_DATA/MapServer/0/query,
loudoun_lola,2026-08-18,Digital Filigree,VA,2025-02-03,,,,Approved,https://logis.loudoun.gov/gis/rest/services/Projects/LOLA_DATA/MapServer/0/query,
loudoun_lola,2026-08-18,Compass Creek Section 4,VA,2025-03-04,,,,In Review,https://logis.loudoun.gov/gis/rest/services/Projects/LOLA_DATA/MapServer/0/query,
loudoun_lola,2026-08-18,DULLES NORTH INDUSTRIAL PARK-LOT4,VA,2025-04-08,,,,Approved,https://logis.loudoun.gov/gis/rest/services/Projects/LOLA_DATA/MapServer/0/query,
loudoun_lola,2026-08-18,Thayer Rd,VA,2025-04-09,,,,In Review,https://logis.loudoun.gov/gis/rest/services/Projects/LOLA_DATA/MapServer/0/query,
loudoun_lola,2026-08-18,Thayer Rd,VA,2025-04-09,,,,In Review,https://logis.loudoun.gov/gis/rest/services/Projects/LOLA_DATA/MapServer/0/query,
loudoun_lola,2026-08-18,Thayer Rd,VA,2025-04-09,,,,In Review,https://logis.loudoun.gov/gis/rest/services/Projects/LOLA_DATA/MapServer/0/query,
loudoun_lola,2026-08-18,ARCOLA LAKHVINDER PROPERTY,VA,2025-04-09,,,,Submitted - Online,https://logis.loudoun.gov/gis/rest/services/Projects/LOLA_DATA/MapServer/0/query,
loudoun_lola,2026-08-18,BELMONT LANDBAY KK DATA CENTER,VA,2025-04-10,,,,In Review,https://logis.loudoun.gov/gis/rest/services/Projects/LOLA_DATA/MapServer/0/query,
loudoun_lola,2026-08-18,BELMONT LANDBAY KK DATA CENTER,VA,2025-04-18,,,,In Review,https://logis.loudoun.gov/gis/rest/services/Projects/LOLA_DATA/MapServer/0/query,
loudoun_lola,2026-08-18,Dulles Berry LC8 Data Center,VA,2025-05-19,,,,Approved,https://logis.loudoun.gov/gis/rest/services/Projects/LOLA_DATA/MapServer/0/query,
loudoun_lola,2026-08-18,Dulles Electric Data Centers (8399),VA,2025-08-04,,,,In Review,https://logis.loudoun.gov/gis/rest/services/Projects/LOLA_DATA/MapServer/0/query,
loudoun_lola,2026-08-18,Dulles Electric Data Centers (7335),VA,2025-08-04,,,,In Review,https://logis.loudoun.gov/gis/rest/services/Projects/LOLA_DATA/MapServer/0/query,
loudoun_lola,2026-08-18,Farah-Naples Data Center Site Plan,VA,2025-08-11,,,,In Review,https://logis.loudoun.gov/gis/rest/services/Projects/LOLA_DATA/MapServer/0/query,
loudoun_lola,2026-08-18,Telos Data Center,VA,2025-10-17,,,,In Review,https://logis.loudoun.gov/gis/rest/services/Projects/LOLA_DATA/MapServer/0/query,
loudoun_lola,2026-08-18,H5 Data Center SPAM 2 Easement Plat,VA,2025-10-29,,,,In Review,https://logis.loudoun.gov/gis/rest/services/Projects/LOLA_DATA/MapServer/0/query,
loudoun_lola,2026-08-18,1501 Moran Road - AS02 Final Site Plan REVISION,VA,2025-10-30,,,,Approved,https://logis.loudoun.gov/gis/rest/services/Projects/LOLA_DATA/MapServer/0/query,
loudoun_lola,2026-08-18,Allegro North Campus- Building 2F Site Plan,VA,2025-11-24,,,,In Review,https://logis.loudoun.gov/gis/rest/services/Projects/LOLA_DATA/MapServer/0/query,
loudoun_lola,2026-08-18,Dulles Electric Data Centers Consolidation,VA,2026-08-12,,,,Submitted - Online,https://logis.loudoun.gov/gis/rest/services/Projects/LOLA_DATA/MapServer/0/query,
loudoun_lola,2026-08-18,"Belmont Innovation Campus - Buildings 1, 2, & 5",VA,2025-09-15,,,,Approved,https://logis.loudoun.gov/gis/rest/services/Projects/LOLA_DATA/MapServer/0/query,
loudoun_lola,2026-08-18,Wade Drive Data Center SPEX,VA,2026-07-22,,,,In Review,https://logis.loudoun.gov/gis/rest/services/Projects/LOLA_DATA/MapServer/0/query,
loudoun_lola,2026-08-18,Ashburn Crossing II Parking Expansion,VA,2026-07-29,,,,In Review,https://logis.loudoun.gov/gis/rest/services/Projects/LOLA_DATA/MapServer/0/query,
loudoun_lola,2026-08-18,RAGING WIRE C/O DON BEARD,VA,2014-11-05,,,,Submitted,https://logis.loudoun.gov/gis/rest/services/Projects/LOLA_DATA/MapServer/0/query,
loudoun_lola,2026-08-18,"Vantage Data Centers VA3, LLC",VA,2022-06-27,,,,Approved,https://logis.loudoun.gov/gis/rest/services/Projects/LOLA_DATA/MapServer/0/query,
loudoun_lola,2026-08-18,DULLES TOWN CENTER DATA CENTER,VA,2022-07-27,,,,Approved,https://logis.loudoun.gov/gis/rest/services/Projects/LOLA_DATA/MapServer/0/query,
loudoun_lola,2026-08-18,TRUE NORTH DATA,VA,2018-01-10,,,,Approved,https://logis.loudoun.gov/gis/rest/services/Projects/LOLA_DATA/MapServer/0/query,
loudoun_lola,2026-08-18,DULLES BERRY LC4 DATA CENTER,VA,2022-05-24,,,,Approved,https://logis.loudoun.gov/gis/rest/services/Projects/LOLA_DATA/MapServer/0/query,
loudoun_lola,2026-08-18,EQUINIX SIGN PLAN,VA,2020-07-27,,,,Approved,https://logis.loudoun.gov/gis/rest/services/Projects/LOLA_DATA/MapServer/0/query,
loudoun_lola,2026-08-18,MCI DATA CENTER,VA,2005-05-25,,,,Approved,https://logis.loudoun.gov/gis/rest/services/Projects/LOLA_DATA/MapServer/0/query,
loudoun_lola,2026-08-18,CABOT TECH AT BEAUMEADE- AT&T DATA,VA,2006-03-06,,,,Approved,https://logis.loudoun.gov/gis/rest/services/Projects/LOLA_DATA/MapServer/0/query,
loudoun_lola,2026-08-18,TRIZECHAHN AT BEAUMEADE PH 1 S 1 L 5A1,VA,2006-11-07,,,,Approved,https://logis.loudoun.gov/gis/rest/services/Projects/LOLA_DATA/MapServer/0/query,
loudoun_lola,2026-08-18,CABOT TECH AT BEAUMEADE,VA,2008-09-25,,,,Approved,https://logis.loudoun.gov/gis/rest/services/Projects/LOLA_DATA/MapServer/0/query,
loudoun_lola,2026-08-18,IAD 10 DATA CENTER,VA,2010-10-14,,,,Approved,https://logis.loudoun.gov/gis/rest/services/Projects/LOLA_DATA/MapServer/0/query,
loudoun_lola,2026-08-18,1AD 10 DATA CENTER POD 2,VA,2011-02-10,,,,Approved,https://logis.loudoun.gov/gis/rest/services/Projects/LOLA_DATA/MapServer/0/query,
loudoun_lola,2026-08-18,"BEAUMEADE MERRITT TRACT BLDGS 5, 6, & 7",VA,2011-03-11,,,,Approved,https://logis.loudoun.gov/gis/rest/services/Projects/LOLA_DATA/MapServer/0/query,
loudoun_lola,2026-08-18,IAD 12 DATA CENTER POD 1,VA,2011-03-22,,,,Approved,https://logis.loudoun.gov/gis/rest/services/Projects/LOLA_DATA/MapServer/0/query,
loudoun_lola,2026-08-18,IAD 10 DATA CENTER POD 5 & 6,VA,2011-05-11,,,,Approved,https://logis.loudoun.gov/gis/rest/services/Projects/LOLA_DATA/MapServer/0/query,
loudoun_lola,2026-08-18,BEAUMEADE LOT 31A,VA,2011-06-17,,,,Approved,https://logis.loudoun.gov/gis/rest/services/Projects/LOLA_DATA/MapServer/0/query,
loudoun_lola,2026-08-18,IAD 12 DATA CENTER POD 1,VA,2011-07-01,,,,Approved,https://logis.loudoun.gov/gis/rest/services/Projects/LOLA_DATA/MapServer/0/query,
loudoun_lola,2026-08-18,BEAUMEADE LOT 28A RAGINGWIRE DATA CENTER,VA,2011-08-04,,,,Approved,https://logis.loudoun.gov/gis/rest/services/Projects/LOLA_DATA/MapServer/0/query,
loudoun_lola,2026-08-18,IAD 13 DATA CENTER POD 2,VA,2011-10-04,,,,Approved,https://logis.loudoun.gov/gis/rest/services/Projects/LOLA_DATA/MapServer/0/query,
loudoun_lola,2026-08-18,BEAUMEADE LOT 28A RAGINGWIRE DATA CTR,VA,2011-12-22,,,,Approved,https://logis.loudoun.gov/gis/rest/services/Projects/LOLA_DATA/MapServer/0/query,
loudoun_lola,2026-08-18,IAD 12 DATA CENTER POD 3,VA,2011-12-29,,,,Approved,https://logis.loudoun.gov/gis/rest/services/Projects/LOLA_DATA/MapServer/0/query,
loudoun_lola,2026-08-18,IAD 13 DATA CENTER POD 1,VA,2012-01-10,,,,Approved,https://logis.loudoun.gov/gis/rest/services/Projects/LOLA_DATA/MapServer/0/query,
loudoun_lola,2026-08-18,IAD 12 DATA CENTER POD 2,VA,2012-01-19,,,,Approved,https://logis.loudoun.gov/gis/rest/services/Projects/LOLA_DATA/MapServer/0/query,
loudoun_lola,2026-08-18,IAD 13 DATA CENTER POD 5,VA,2012-02-15,,,,Approved,https://logis.loudoun.gov/gis/rest/services/Projects/LOLA_DATA/MapServer/0/query,
loudoun_lola,2026-08-18,IAD 12 DATA CENTER POD 6,VA,2012-03-07,,,,Approved,https://logis.loudoun.gov/gis/rest/services/Projects/LOLA_DATA/MapServer/0/query,
loudoun_lola,2026-08-18,IAD 13 DATA CENTER POD 6,VA,2012-03-28,,,,Approved,https://logis.loudoun.gov/gis/rest/services/Projects/LOLA_DATA/MapServer/0/query,
loudoun_lola,2026-08-18,IAD 12 DATA CENTER POD 7,VA,2012-04-03,,,,Approved,https://logis.loudoun.gov/gis/rest/services/Projects/LOLA_DATA/MapServer/0/query,
loudoun_lola,2026-08-18,IAD 13 DATA CENTER POD 7,VA,2012-04-03,,,,Approved,https://logis.loudoun.gov/gis/rest/services/Projects/LOLA_DATA/MapServer/0/query,
loudoun_lola,2026-08-18,IAD 12 DATA CENTER POD 8,VA,2012-05-24,,,,Approved,https://logis.loudoun.gov/gis/rest/services/Projects/LOLA_DATA/MapServer/0/query,
loudoun_lola,2026-08-18,BEAUMEADE LOT 28A RAGINGWIRE DATA CENTER,VA,2012-06-11,,,,Approved,https://logis.loudoun.gov/gis/rest/services/Projects/LOLA_DATA/MapServer/0/query,
loudoun_lola,2026-08-18,IAD 13 DATA CENTER POD 8,VA,2012-06-26,,,,Approved,https://logis.loudoun.gov/gis/rest/services/Projects/LOLA_DATA/MapServer/0/query,
loudoun_lola,2026-08-18,IAD 12 DATA CENTER POD 9,VA,2012-06-25,,,,Approved,https://logis.loudoun.gov/gis/rest/services/Projects/LOLA_DATA/MapServer/0/query,
loudoun_lola,2026-08-18,IAD 13 DATA CENTER POD 3,VA,2012-07-26,,,,Approved,https://logis.loudoun.gov/gis/rest/services/Projects/LOLA_DATA/MapServer/0/query,
loudoun_lola,2026-08-18,BEAUMEADE LOT 28A RAGINGWIRE DATA CENTER,VA,2012-09-20,,,,Approved,https://logis.loudoun.gov/gis/rest/services/Projects/LOLA_DATA/MapServer/0/query,
loudoun_lola,2026-08-18,IAD 12 DATA CENTER POD 10,VA,2012-10-01,,,,Approved,https://logis.loudoun.gov/gis/rest/services/Projects/LOLA_DATA/MapServer/0/query,
loudoun_lola,2026-08-18,IAD 13 DATA CENTER POD 9,VA,2012-10-05,,,,Approved,https://logis.loudoun.gov/gis/rest/services/Projects/LOLA_DATA/MapServer/0/query,
loudoun_lola,2026-08-18,DULLES SUMMIT IAD 15 DATA CENTER POD 1,VA,2012-11-13,,,,Approved,https://logis.loudoun.gov/gis/rest/services/Projects/LOLA_DATA/MapServer/0/query,
loudoun_lola,2026-08-18,STAVERTON WEST L3 IAD 32 DATA POD 1,VA,2013-01-02,,,,Approved,https://logis.loudoun.gov/gis/rest/services/Projects/LOLA_DATA/MapServer/0/query,
loudoun_lola,2026-08-18,IAD 13 DATA CENTER POD 4,VA,2013-01-15,,,,Approved,https://logis.loudoun.gov/gis/rest/services/Projects/LOLA_DATA/MapServer/0/query,
loudoun_lola,2026-08-18,IAD 10 DATA CENTER NETWORK ROOM EXPANSIO,VA,2013-01-30,,,,Approved,https://logis.loudoun.gov/gis/rest/services/Projects/LOLA_DATA/MapServer/0/query,
loudoun_lola,2026-08-18,INTERGATE ASHBURN DATA CENTER,VA,2013-02-05,,,,Approved,https://logis.loudoun.gov/gis/rest/services/Projects/LOLA_DATA/MapServer/0/query,
loudoun_lola,2026-08-18,SUMMIT AT DULLES IAD 15 DATA CENTER POD4,VA,2013-02-07,,,,Approved,https://logis.loudoun.gov/gis/rest/services/Projects/LOLA_DATA/MapServer/0/query,
loudoun_lola,2026-08-18,IAD 15 DATA CENTER POD 5,VA,2013-03-13,,,,Approved,https://logis.loudoun.gov/gis/rest/services/Projects/LOLA_DATA/MapServer/0/query,
loudoun_lola,2026-08-18,IAD 32 DATA CENTER POD 2,VA,2013-04-16,,,,Approved,https://logis.loudoun.gov/gis/rest/services/Projects/LOLA_DATA/MapServer/0/query,
loudoun_lola,2026-08-18,DULLES SUMMIT IAD 15 DATA CENTER POD 6,VA,2013-04-24,,,,Approved,https://logis.loudoun.gov/gis/rest/services/Projects/LOLA_DATA/MapServer/0/query,
loudoun_lola,2026-08-18,IAD 16 DATA CENTER PODS 1-4,VA,2013-05-08,,,,Approved,https://logis.loudoun.gov/gis/rest/services/Projects/LOLA_DATA/MapServer/0/query,
loudoun_lola,2026-08-18,ASHBURN CORPORATE CENTER PHASE IV (ACC7),VA,2013-05-13,,,,Approved,https://logis.loudoun.gov/gis/rest/services/Projects/LOLA_DATA/MapServer/0/query,
loudoun_lola,2026-08-18,IAD 54 DATA CENTER PODS 1 AND 2,VA,2013-06-26,,,,Approved,https://logis.loudoun.gov/gis/rest/services/Projects/LOLA_DATA/MapServer/0/query,
loudoun_lola,2026-08-18,IAD 50 DATA CENTER PODS 1-6,VA,2013-07-08,,,,Approved,https://logis.loudoun.gov/gis/rest/services/Projects/LOLA_DATA/MapServer/0/query,
loudoun_lola,2026-08-18,"PROLOGIS PARK GATEWAY, PH IV, BLDG 10/11",VA,2014-03-18,,,,Approved,https://logis.loudoun.gov/gis/rest/services/Projects/LOLA_DATA/MapServer/0/query,
loudoun_lola,2026-08-18,ASHBURN CENTER PARCEL J,VA,2014-08-20,,,,Approved,https://logis.loudoun.gov/gis/rest/services/Projects/LOLA_DATA/MapServer/0/query,
loudoun_lola,2026-08-18,PROLOGIS PARK GATEWAY PH IV BLDG 10 & 11,VA,2014-09-18,,,,Approved,https://logis.loudoun.gov/gis/rest/services/Projects/LOLA_DATA/MapServer/0/query,
loudoun_lola,2026-08-18,CYRUSONE LOUDOUN TECH CENTER - PH 4,VA,2016-05-23,,,,Approved,https://logis.loudoun.gov/gis/rest/services/Projects/LOLA_DATA/MapServer/0/query,
loudoun_lola,2026-08-18,DIGITAL LOUDOUN III,VA,2016-10-14,,,,Approved,https://logis.loudoun.gov/gis/rest/services/Projects/LOLA_DATA/MapServer/0/query,
loudoun_lola,2026-08-18,POD 1 COMMERCIAL ALTERATION,VA,2017-01-30,,,,Approved,https://logis.loudoun.gov/gis/rest/services/Projects/LOLA_DATA/MapServer/0/query,
loudoun_lola,2026-08-18,PATRIOT POINT DC-15,VA,2017-01-30,,,,Approved,https://logis.loudoun.gov/gis/rest/services/Projects/LOLA_DATA/MapServer/0/query,
loudoun_lola,2026-08-18,45360 SEVERN WAY DATA CENTER,VA,2017-05-23,,,,Approved,https://logis.loudoun.gov/gis/rest/services/Projects/LOLA_DATA/MapServer/0/query,
loudoun_lola,2026-08-18,DIGITAL LOUDOUN III,VA,2017-05-30,,,,Approved,https://logis.loudoun.gov/gis/rest/services/Projects/LOLA_DATA/MapServer/0/query,
loudoun_lola,2026-08-18,INTERGATE ASHBURN DATA CENTER PH 2,VA,2018-01-16,,,,Approved,https://logis.loudoun.gov/gis/rest/services/Projects/LOLA_DATA/MapServer/0/query,
loudoun_lola,2026-08-18,NORTHPOINTE,VA,2018-04-09,,,,In Review,https://logis.loudoun.gov/gis/rest/services/Projects/LOLA_DATA/MapServer/0/query,
loudoun_lola,2026-08-18,RAGINGWIRE VA3 GREENFIELDS,VA,2018-06-13,,,,Approved,https://logis.loudoun.gov/gis/rest/services/Projects/LOLA_DATA/MapServer/0/query,
loudoun_lola,2026-08-18,DULLES NORTH INDUSTRIAL PARK,VA,2018-08-03,,,,Approved,https://logis.loudoun.gov/gis/rest/services/Projects/LOLA_DATA/MapServer/0/query,
loudoun_lola,2026-08-18,DIGITAL LOUDOUN III,VA,2018-08-10,,,,Approved,https://logis.loudoun.gov/gis/rest/services/Projects/LOLA_DATA/MapServer/0/query,
loudoun_lola,2026-08-18,TRUE NORTH DATA PH I,VA,2018-11-16,,,,Approved,https://logis.loudoun.gov/gis/rest/services/Projects/LOLA_DATA/MapServer/0/query,
loudoun_lola,2026-08-18,STERLING 8 DATA CENTER,VA,2018-12-07,,,,Approved,https://logis.loudoun.gov/gis/rest/services/Projects/LOLA_DATA/MapServer/0/query,
loudoun_lola,2026-08-18,DIGITAL LOUDOUN III,VA,2019-05-29,,,,Approved,https://logis.loudoun.gov/gis/rest/services/Projects/LOLA_DATA/MapServer/0/query,
loudoun_lola,2026-08-18,STERLING 8 DATA CENTER,VA,2019-09-19,,,,Approved,https://logis.loudoun.gov/gis/rest/services/Projects/LOLA_DATA/MapServer/0/query,
loudoun_lola,2026-08-18,LOUDOUN CENTER LOT 1 ASH 2 DATA CENTER,VA,2019-10-02,,,,Approved,https://logis.loudoun.gov/gis/rest/services/Projects/LOLA_DATA/MapServer/0/query,
loudoun_lola,2026-08-18,QUAIL RIDGE,VA,2020-01-31,,,,Approved,https://logis.loudoun.gov/gis/rest/services/Projects/LOLA_DATA/MapServer/0/query,
loudoun_lola,2026-08-18,PROJECT MOTION,VA,2020-04-22,,,,Approved,https://logis.loudoun.gov/gis/rest/services/Projects/LOLA_DATA/MapServer/0/query,
loudoun_lola,2026-08-18,DIGITAL LOUDOUN III,VA,2020-05-19,,,,Approved,https://logis.loudoun.gov/gis/rest/services/Projects/LOLA_DATA/MapServer/0/query,
loudoun_lola,2026-08-18,DIGITAL LOUDOUN III,VA,2020-10-29,,,,Approved,https://logis.loudoun.gov/gis/rest/services/Projects/LOLA_DATA/MapServer/0/query,
loudoun_lola,2026-08-18,TRUE NORTH DATA PHASE 1,VA,2021-07-22,,,,Approved,https://logis.loudoun.gov/gis/rest/services/Projects/LOLA_DATA/MapServer/0/query,
loudoun_lola,2026-08-18,CYRUSONE STERLING 9 DATA CENTER PH 1B,VA,2021-08-19,,,,Approved,https://logis.loudoun.gov/gis/rest/services/Projects/LOLA_DATA/MapServer/0/query,
loudoun_lola,2026-08-18,BUILDINGS VA 13 AND 14,VA,2021-10-29,,,,Approved,https://logis.loudoun.gov/gis/rest/services/Projects/LOLA_DATA/MapServer/0/query,
loudoun_lola,2026-08-18,WATERSIDE SITE PLAN LB B,VA,2021-12-10,,,,Approved,https://logis.loudoun.gov/gis/rest/services/Projects/LOLA_DATA/MapServer/0/query,
loudoun_lola,2026-08-18,DIGITAL LOUDOUN IV PRENTICE DRIVE,VA,2022-02-25,,,,Approved,https://logis.loudoun.gov/gis/rest/services/Projects/LOLA_DATA/MapServer/0/query,
loudoun_lola,2026-08-18,DULLES TRADE CENTER LOTS 10 & 11,VA,2022-04-06,,,,In Review,https://logis.loudoun.gov/gis/rest/services/Projects/LOLA_DATA/MapServer/0/query,
loudoun_lola,2026-08-18,AREP BEAUMEADE DATA CENTER,VA,2022-04-15,,,,Approved,https://logis.loudoun.gov/gis/rest/services/Projects/LOLA_DATA/MapServer/0/query,
loudoun_lola,2026-08-18,IAD11 DATA CENTER,VA,2022-04-29,,,,Approved,https://logis.loudoun.gov/gis/rest/services/Projects/LOLA_DATA/MapServer/0/query,
loudoun_lola,2026-08-18,EQUINIX AT BEAUMEADE TECH CENTER,VA,2022-05-27,,,,Approved,https://logis.loudoun.gov/gis/rest/services/Projects/LOLA_DATA/MapServer/0/query,
loudoun_lola,2026-08-18,TRUE NORTH DATA PHASE 2A,VA,2022-09-06,,,,Approved,https://logis.loudoun.gov/gis/rest/services/Projects/LOLA_DATA/MapServer/0/query,
loudoun_lola,2026-08-18,RELOCATION DRIVE SITE PLAN,VA,2022-09-21,,,,Approved,https://logis.loudoun.gov/gis/rest/services/Projects/LOLA_DATA/MapServer/0/query,
loudoun_lola,2026-08-18,45360 SEVERN WAY DATA CENTER,VA,2023-01-19,,,,Approved,https://logis.loudoun.gov/gis/rest/services/Projects/LOLA_DATA/MapServer/0/query,
loudoun_lola,2026-08-18,RELOCATION DRIVE SITE PLAN,VA,2023-03-14,,,,Approved,https://logis.loudoun.gov/gis/rest/services/Projects/LOLA_DATA/MapServer/0/query,
loudoun_lola,2026-08-18,DULLES BERRY LC4 DATA CENTER,VA,2023-05-16,,,,Approved,https://logis.loudoun.gov/gis/rest/services/Projects/LOLA_DATA/MapServer/0/query,
loudoun_lola,2026-08-18,EQUINIX - BEAUMEADE PH 1 LOT 5,VA,2006-04-20,,,,Approved,https://logis.loudoun.gov/gis/rest/services/Projects/LOLA_DATA/MapServer/0/query,
loudoun_lola,2026-08-18,EQUINIX DATA CENTER,VA,2008-06-19,,,,Approved,https://logis.loudoun.gov/gis/rest/services/Projects/LOLA_DATA/MapServer/0/query,
loudoun_lola,2026-08-18,MERRITT AT BEAUMEADE,VA,2010-08-09,,,,Approved,https://logis.loudoun.gov/gis/rest/services/Projects/LOLA_DATA/MapServer/0/query,
loudoun_lola,2026-08-18,CIT GUILFORD DRIVE LLC DATA CENTER,VA,2010-09-20,,,,Approved,https://logis.loudoun.gov/gis/rest/services/Projects/LOLA_DATA/MapServer/0/query,
loudoun_lola,2026-08-18,44664 GUILFORD DRIVE,VA,2010-12-17,,,,Approved,https://logis.loudoun.gov/gis/rest/services/Projects/LOLA_DATA/MapServer/0/query,
loudoun_lola,2026-08-18,PROJECT COLUMBIA DATA CENTER,VA,2011-03-01,,,,Approved,https://logis.loudoun.gov/gis/rest/services/Projects/LOLA_DATA/MapServer/0/query,
loudoun_lola,2026-08-18,TRANSDULLES CENTRE PARCEL 20,VA,2011-04-01,,,,Approved,https://logis.loudoun.gov/gis/rest/services/Projects/LOLA_DATA/MapServer/0/query,
loudoun_lola,2026-08-18,21800 BEAUMEADE CIRCLE,VA,2011-07-29,,,,Approved,https://logis.loudoun.gov/gis/rest/services/Projects/LOLA_DATA/MapServer/0/query,
loudoun_lola,2026-08-18,21550 & 21580 BEAUMEADE CIRCLE,VA,2011-08-05,,,,Approved,https://logis.loudoun.gov/gis/rest/services/Projects/LOLA_DATA/MapServer/0/query,
loudoun_lola,2026-08-18,ASHBURN CENTER NORTH,VA,2012-04-06,,,,Approved,https://logis.loudoun.gov/gis/rest/services/Projects/LOLA_DATA/MapServer/0/query,
loudoun_lola,2026-08-18,BUHL ELECTRIC,VA,2012-11-14,,,,Approved,https://logis.loudoun.gov/gis/rest/services/Projects/LOLA_DATA/MapServer/0/query,
loudoun_lola,2026-08-18,PROLOGIS PARK - GATEWAY PHASE III BLDG 9,VA,2013-07-02,,,,Approved,https://logis.loudoun.gov/gis/rest/services/Projects/LOLA_DATA/MapServer/0/query,
loudoun_lola,2026-08-18,"PROLOGIS PARK-GATEWAY PHASE III, BLDG 8",VA,2013-12-11,,,,Approved,https://logis.loudoun.gov/gis/rest/services/Projects/LOLA_DATA/MapServer/0/query,
loudoun_lola,2026-08-18,DBT-DATA BEAUMEADE FAR,VA,2016-04-19,,,,Approved,https://logis.loudoun.gov/gis/rest/services/Projects/LOLA_DATA/MapServer/0/query,
loudoun_lola,2026-08-18,DBT-DATA BEAUMEADE LOT COVERAGE,VA,2016-04-19,,,,Approved,https://logis.loudoun.gov/gis/rest/services/Projects/LOLA_DATA/MapServer/0/query,
loudoun_lola,2026-08-18,606 DATA PARK,VA,2017-05-01,,,,Approved,https://logis.loudoun.gov/gis/rest/services/Projects/LOLA_DATA/MapServer/0/query,
loudoun_lola,2026-08-18,"21673 BEAUMEADE CIRCLE, LLC",VA,2017-12-14,,,,Approved,https://logis.loudoun.gov/gis/rest/services/Projects/LOLA_DATA/MapServer/0/query,
loudoun_lola,2026-08-18,ROLLINS PROPERTY,VA,2019-07-29,,,,Approved,https://logis.loudoun.gov/gis/rest/services/Projects/LOLA_DATA/MapServer/0/query,
loudoun_lola,2026-08-18,45865 MARIES RD REZONING,VA,2021-09-08,,,,Approved,https://logis.loudoun.gov/gis/rest/services/Projects/LOLA_DATA/MapServer/0/query,
loudoun_lola,2026-08-18,1501 MORAN ROAD,VA,2021-09-20,,,,Approved,https://logis.loudoun.gov/gis/rest/services/Projects/LOLA_DATA/MapServer/0/query,
loudoun_lola,2026-08-18,POLAND RD DATA CENTER YARD EXPANSION,VA,2021-09-20,,,,Approved,https://logis.loudoun.gov/gis/rest/services/Projects/LOLA_DATA/MapServer/0/query,
loudoun_lola,2026-08-18,21800 BEAUMEADE CIRCLE,VA,2021-10-20,,,,Approved,https://logis.loudoun.gov/gis/rest/services/Projects/LOLA_DATA/MapServer/0/query,
loudoun_lola,2026-08-18,VANTAGE DATA CENTER,VA,2022-04-18,,,,Approved,https://logis.loudoun.gov/gis/rest/services/Projects/LOLA_DATA/MapServer/0/query,
loudoun_lola,2026-08-18,ALIGNED ENERGY DATA CENTER,VA,2022-05-25,,,,Approved,https://logis.loudoun.gov/gis/rest/services/Projects/LOLA_DATA/MapServer/0/query,
loudoun_lola,2026-08-18,Glenn Drive North & South,VA,2024-01-23,,,,In Review,https://logis.loudoun.gov/gis/rest/services/Projects/LOLA_DATA/MapServer/0/query,
loudoun_lola,2026-08-18,Global Plaza,VA,2024-02-27,,,,In Review,https://logis.loudoun.gov/gis/rest/services/Projects/LOLA_DATA/MapServer/0/query,
loudoun_lola,2026-08-18,Dulles Distribution Center Phase 1 and 2,VA,2024-09-04,,,,In Review,https://logis.loudoun.gov/gis/rest/services/Projects/LOLA_DATA/MapServer/0/query,
loudoun_lola,2026-08-18,Dulles Downs,VA,2024-08-08,,,,In Review,https://logis.loudoun.gov/gis/rest/services/Projects/LOLA_DATA/MapServer/0/query,
loudoun_lola,2026-08-18,West Dulles & Dulles Commerce Center,VA,2024-08-27,,,,In Review,https://logis.loudoun.gov/gis/rest/services/Projects/LOLA_DATA/MapServer/0/query,
loudoun_lola,2026-08-18,Equinix Ashburn East,VA,2025-08-26,,,,In Review,https://logis.loudoun.gov/gis/rest/services/Projects/LOLA_DATA/MapServer/0/query,
loudoun_lola,2026-08-18,Glenn Drive North & South,VA,2024-09-10,,,,In Review,https://logis.loudoun.gov/gis/rest/services/Projects/LOLA_DATA/MapServer/0/query,
loudoun_lola,2026-08-18,Horseshoe Drive,VA,2024-11-27,,,,In Review,https://logis.loudoun.gov/gis/rest/services/Projects/LOLA_DATA/MapServer/0/query,
loudoun_lola,2026-08-18,Global Plaza,VA,2025-03-21,,,,In Review,https://logis.loudoun.gov/gis/rest/services/Projects/LOLA_DATA/MapServer/0/query,
loudoun_lola,2026-08-18,Cochran Tech Park,VA,2025-03-27,,,,In Review,https://logis.loudoun.gov/gis/rest/services/Projects/LOLA_DATA/MapServer/0/query,
loudoun_lola,2026-08-18,SDC Ashburn I,VA,2025-05-02,,,,Approved,https://logis.loudoun.gov/gis/rest/services/Projects/LOLA_DATA/MapServer/0/query,
loudoun_lola,2026-08-18,EQUINIX ASHBURN NORTH,VA,2025-07-25,,,,In Review,https://logis.loudoun.gov/gis/rest/services/Projects/LOLA_DATA/MapServer/0/query,
loudoun_lola,2026-08-18,Cochran Tech Park,VA,2025-06-18,,,,In Review,https://logis.loudoun.gov/gis/rest/services/Projects/LOLA_DATA/MapServer/0/query,
loudoun_lola,2026-08-18,Horseshoe Drive,VA,2025-06-18,,,,In Review,https://logis.loudoun.gov/gis/rest/services/Projects/LOLA_DATA/MapServer/0/query,
loudoun_lola,2026-08-18,Equinix Ashburn East,VA,2025-08-26,,,,In Review,https://logis.loudoun.gov/gis/rest/services/Projects/LOLA_DATA/MapServer/0/query,
loudoun_lola,2026-08-18,Loudoun Business Park,VA,2025-07-09,,,,In Review,https://logis.loudoun.gov/gis/rest/services/Projects/LOLA_DATA/MapServer/0/query,
loudoun_lola,2026-08-18,Loudoun Business Park,VA,2025-07-09,,,,In Review,https://logis.loudoun.gov/gis/rest/services/Projects/LOLA_DATA/MapServer/0/query,
loudoun_lola,2026-08-18,Yondr - Tarring,VA,2025-11-10,,,,In Review,https://logis.loudoun.gov/gis/rest/services/Projects/LOLA_DATA/MapServer/0/query,
loudoun_lola,2026-08-18,Spring Valley Technology Park,VA,2025-10-01,,,,In Review,https://logis.loudoun.gov/gis/rest/services/Projects/LOLA_DATA/MapServer/0/query,
loudoun_lola,2026-08-18,Spring Valley Technology Park,VA,2026-02-02,,,,In Review,https://logis.loudoun.gov/gis/rest/services/Projects/LOLA_DATA/MapServer/0/query,
loudoun_lola,2026-08-18,Spring Valley Technology Park,VA,2026-05-11,,,,In Review,https://logis.loudoun.gov/gis/rest/services/Projects/LOLA_DATA/MapServer/0/query,
loudoun_lola,2026-08-18,Relocation Drive Data Center,VA,2026-06-08,,,,Submitted,https://logis.loudoun.gov/gis/rest/services/Projects/LOLA_DATA/MapServer/0/query,
loudoun_lola,2026-08-18,Relocation Drive Data Center,VA,2026-06-26,,,,In Review,https://logis.loudoun.gov/gis/rest/services/Projects/LOLA_DATA/MapServer/0/query,
loudoun_lola,2026-08-18,TRUE NORTH DATA,VA,2017-09-29,,,,Approved,https://logis.loudoun.gov/gis/rest/services/Projects/LOLA_DATA/MapServer/0/query,
loudoun_lola,2026-08-18,LOUDOUN WEST,VA,2018-11-07,,,,Approved,https://logis.loudoun.gov/gis/rest/services/Projects/LOLA_DATA/MapServer/0/query,
loudoun_lola,2026-08-18,EQUINIX LIGHTING,VA,2020-12-21,,,,Approved,https://logis.loudoun.gov/gis/rest/services/Projects/LOLA_DATA/MapServer/0/query,
loudoun_lola,2026-08-18,ALIGNED ENERGY DATA CENTER,VA,2022-10-28,,,,Approved,https://logis.loudoun.gov/gis/rest/services/Projects/LOLA_DATA/MapServer/0/query,
loudoun_lola,2026-08-18,BELMONT INNOVATION CAMPUS,VA,2023-06-20,,,,Approved,https://logis.loudoun.gov/gis/rest/services/Projects/LOLA_DATA/MapServer/0/query,
loudoun_lola,2026-08-18,ASHBURN CORPORATE CENTER BLDGS 5 & 6,VA,2007-08-16,,,,Approved,https://logis.loudoun.gov/gis/rest/services/Projects/LOLA_DATA/MapServer/0/query,
loudoun_lola,2026-08-18,ASHBURN CORPORATE CENTER PHASE IV,VA,2010-07-23,,,,Approved,https://logis.loudoun.gov/gis/rest/services/Projects/LOLA_DATA/MapServer/0/query,
loudoun_lola,2026-08-18,ASHBURN CROSSING II,VA,2013-02-25,,,,Approved,https://logis.loudoun.gov/gis/rest/services/Projects/LOLA_DATA/MapServer/0/query,
loudoun_lola,2026-08-18,CYRUSONE LOUDOUN TECH CENTER,VA,2014-03-04,,,,Approved,https://logis.loudoun.gov/gis/rest/services/Projects/LOLA_DATA/MapServer/0/query,
loudoun_lola,2026-08-18,ICSP @ ARCOLA,VA,2015-06-23,,,,Approved,https://logis.loudoun.gov/gis/rest/services/Projects/LOLA_DATA/MapServer/0/query,
loudoun_lola,2026-08-18,"COPT PATRIOT POINT, PHASE 1A & 1B",VA,2015-08-18,,,,Approved,https://logis.loudoun.gov/gis/rest/services/Projects/LOLA_DATA/MapServer/0/query,
loudoun_lola,2026-08-18,DIGITAL LOUDOUN III,VA,2015-11-20,,,,Approved,https://logis.loudoun.gov/gis/rest/services/Projects/LOLA_DATA/MapServer/0/query,
loudoun_lola,2026-08-18,"COPT PATRIOT POINT, PHASE II",VA,2015-12-04,,,,Approved,https://logis.loudoun.gov/gis/rest/services/Projects/LOLA_DATA/MapServer/0/query,
loudoun_lola,2026-08-18,ACC-10 DATA CENTER,VA,2016-11-14,,,,Approved,https://logis.loudoun.gov/gis/rest/services/Projects/LOLA_DATA/MapServer/0/query,
loudoun_lola,2026-08-18,TRUE NORTH DATA PH 1,VA,2017-08-28,,,,Approved,https://logis.loudoun.gov/gis/rest/services/Projects/LOLA_DATA/MapServer/0/query,
loudoun_lola,2026-08-18,LOUDOUN CENTER RHINO PH 1,VA,2017-12-01,,,,Approved,https://logis.loudoun.gov/gis/rest/services/Projects/LOLA_DATA/MapServer/0/query,
loudoun_lola,2026-08-18,ASHBURN NEXUS,VA,2018-01-05,,,,Approved,https://logis.loudoun.gov/gis/rest/services/Projects/LOLA_DATA/MapServer/0/query,
loudoun_lola,2026-08-18,LOUDOUN CENTER LT 1 ASH 2,VA,2018-02-09,,,,Approved,https://logis.loudoun.gov/gis/rest/services/Projects/LOLA_DATA/MapServer/0/query,
loudoun_lola,2026-08-18,PROJECT KALE,VA,2018-04-16,,,,Approved,https://logis.loudoun.gov/gis/rest/services/Projects/LOLA_DATA/MapServer/0/query,
loudoun_lola,2026-08-18,DIGITAL LOUDOUN IV-PRENTICE DRIVE,VA,2018-07-25,,,,Approved,https://logis.loudoun.gov/gis/rest/services/Projects/LOLA_DATA/MapServer/0/query,
loudoun_lola,2026-08-18,DIGITAL LOUDOUN IV BRODERICK,VA,2018-08-03,,,,Approved,https://logis.loudoun.gov/gis/rest/services/Projects/LOLA_DATA/MapServer/0/query,
loudoun_lola,2026-08-18,"QUANTUM PARK, CENTURION AT",VA,2018-08-06,,,,Approved,https://logis.loudoun.gov/gis/rest/services/Projects/LOLA_DATA/MapServer/0/query,
loudoun_lola,2026-08-18,LOUDOUN CENTER LC1B DATA CENTER,VA,2018-09-14,,,,Approved,https://logis.loudoun.gov/gis/rest/services/Projects/LOLA_DATA/MapServer/0/query,
loudoun_lola,2026-08-18,Q.R.,VA,2018-10-24,,,,Approved,https://logis.loudoun.gov/gis/rest/services/Projects/LOLA_DATA/MapServer/0/query,
loudoun_lola,2026-08-18,TRUE NORTH DATA PH 2A,VA,2018-11-30,,,,Approved,https://logis.loudoun.gov/gis/rest/services/Projects/LOLA_DATA/MapServer/0/query,
loudoun_lola,2026-08-18,DULLES HIGHPOINT PH 1,VA,2018-12-14,,,,Approved,https://logis.loudoun.gov/gis/rest/services/Projects/LOLA_DATA/MapServer/0/query,
loudoun_lola,2026-08-18,CYRUSONE STERLING 9 DATA CTR PH 1A,VA,2019-01-04,,,,Approved,https://logis.loudoun.gov/gis/rest/services/Projects/LOLA_DATA/MapServer/0/query,
loudoun_lola,2026-08-18,KINCORA CYRUSONE LB Q PH 3,VA,2019-01-14,,,,Approved,https://logis.loudoun.gov/gis/rest/services/Projects/LOLA_DATA/MapServer/0/query,
loudoun_lola,2026-08-18,TRUE NORTH DATA PH 2B,VA,2019-02-01,,,,Approved,https://logis.loudoun.gov/gis/rest/services/Projects/LOLA_DATA/MapServer/0/query,
loudoun_lola,2026-08-18,WATERSIDE - LANDBAY A-1,VA,2019-02-06,,,,Approved,https://logis.loudoun.gov/gis/rest/services/Projects/LOLA_DATA/MapServer/0/query,
loudoun_lola,2026-08-18,DULLES HIGHPOINT PH II,VA,2019-05-30,,,,Approved,https://logis.loudoun.gov/gis/rest/services/Projects/LOLA_DATA/MapServer/0/query,
loudoun_lola,2026-08-18,DULLES NORTH INDUSTRIAL PARK-LOT4,VA,2019-07-25,,,,Approved,https://logis.loudoun.gov/gis/rest/services/Projects/LOLA_DATA/MapServer/0/query,
loudoun_lola,2026-08-18,IAD01,VA,2019-10-18,,,,Approved,https://logis.loudoun.gov/gis/rest/services/Projects/LOLA_DATA/MapServer/0/query,
loudoun_lola,2026-08-18,SDC ASHBURN I,VA,2019-11-12,,,,Approved,https://logis.loudoun.gov/gis/rest/services/Projects/LOLA_DATA/MapServer/0/query,
loudoun_lola,2026-08-18,WATERSIDE SITE PLAN LANDBAY B,VA,2019-12-23,,,,Approved,https://logis.loudoun.gov/gis/rest/services/Projects/LOLA_DATA/MapServer/0/query,
loudoun_lola,2026-08-18,ASH 3 SHELLHORN DC 1,VA,2020-04-10,,,,Approved,https://logis.loudoun.gov/gis/rest/services/Projects/LOLA_DATA/MapServer/0/query,
loudoun_lola,2026-08-18,EDGECORE DULLES,VA,2020-05-22,,,,Approved,https://logis.loudoun.gov/gis/rest/services/Projects/LOLA_DATA/MapServer/0/query,
loudoun_lola,2026-08-18,BEAUMEADE PROPERTIES,VA,2020-06-12,,,,Approved,https://logis.loudoun.gov/gis/rest/services/Projects/LOLA_DATA/MapServer/0/query,
loudoun_lola,2026-08-18,PROJECT ASPEN,VA,2020-10-27,,,,Approved,https://logis.loudoun.gov/gis/rest/services/Projects/LOLA_DATA/MapServer/0/query,
loudoun_lola,2026-08-18,H&M PROPERTY,VA,2020-11-04,,,,Approved,https://logis.loudoun.gov/gis/rest/services/Projects/LOLA_DATA/MapServer/0/query,
loudoun_lola,2026-08-18,WATERSIDE LB B,VA,2020-12-15,,,,Approved,https://logis.loudoun.gov/gis/rest/services/Projects/LOLA_DATA/MapServer/0/query,
loudoun_lola,2026-08-18,IAD 02,VA,2020-12-21,,,,Approved,https://logis.loudoun.gov/gis/rest/services/Projects/LOLA_DATA/MapServer/0/query,
loudoun_lola,2026-08-18,IAD11 DATA CENTER,VA,2021-01-19,,,,Approved,https://logis.loudoun.gov/gis/rest/services/Projects/LOLA_DATA/MapServer/0/query,
loudoun_lola,2026-08-18,ASH 1- BRODERICK DC 2,VA,2021-02-03,,,,Approved,https://logis.loudoun.gov/gis/rest/services/Projects/LOLA_DATA/MapServer/0/query,
loudoun_lola,2026-08-18,AREP BEAUMEADE DATA CENTER,VA,2021-03-17,,,,Approved,https://logis.loudoun.gov/gis/rest/services/Projects/LOLA_DATA/MapServer/0/query,
loudoun_lola,2026-08-18,BUILDINGS VA 13 & VA 14,VA,2021-04-28,,,,Approved,https://logis.loudoun.gov/gis/rest/services/Projects/LOLA_DATA/MapServer/0/query,
loudoun_lola,2026-08-18,STERLING PREMIERE BUILDING,VA,2021-08-27,,,,Approved,https://logis.loudoun.gov/gis/rest/services/Projects/LOLA_DATA/MapServer/0/query,
loudoun_lola,2026-08-18,PROJECT ALLEGRO SOUTH CAMPUS PH 1,VA,2021-09-24,,,,Approved,https://logis.loudoun.gov/gis/rest/services/Projects/LOLA_DATA/MapServer/0/query,
loudoun_lola,2026-08-18,ICSP @ ARCOLA,VA,2021-11-01,,,,Approved,https://logis.loudoun.gov/gis/rest/services/Projects/LOLA_DATA/MapServer/0/query,
loudoun_lola,2026-08-18,DULLES BERRY LC4 DATA CENTER,VA,2021-11-09,,,,Approved,https://logis.loudoun.gov/gis/rest/services/Projects/LOLA_DATA/MapServer/0/query,
loudoun_lola,2026-08-18,WS-C2,VA,2021-12-10,,,,Approved,https://logis.loudoun.gov/gis/rest/services/Projects/LOLA_DATA/MapServer/0/query,
loudoun_lola,2026-08-18,DARVISH DATA CENTER,VA,2021-12-28,,,,Approved,https://logis.loudoun.gov/gis/rest/services/Projects/LOLA_DATA/MapServer/0/query,
loudoun_lola,2026-08-18,IAD04,VA,2022-03-16,,,,Approved,https://logis.loudoun.gov/gis/rest/services/Projects/LOLA_DATA/MapServer/0/query,
loudoun_lola,2026-08-18,RELOCATION DRIVE,VA,2022-03-18,,,,Approved,https://logis.loudoun.gov/gis/rest/services/Projects/LOLA_DATA/MapServer/0/query,
loudoun_lola,2026-08-18,NTT GLOBAL DATA CENTERS  VA8 & VA9,VA,2022-04-08,,,,Approved,https://logis.loudoun.gov/gis/rest/services/Projects/LOLA_DATA/MapServer/0/query,
loudoun_lola,2026-08-18,BUILDING VA15,VA,2022-04-12,,,,Approved,https://logis.loudoun.gov/gis/rest/services/Projects/LOLA_DATA/MapServer/0/query,
loudoun_lola,2026-08-18,VANTAGE VA21,VA,2022-04-21,,,,Approved,https://logis.loudoun.gov/gis/rest/services/Projects/LOLA_DATA/MapServer/0/query,
loudoun_lola,2026-08-18,PROJECT GOLD STERLING,VA,2022-06-09,,,,Approved,https://logis.loudoun.gov/gis/rest/services/Projects/LOLA_DATA/MapServer/0/query,
loudoun_lola,2026-08-18,ARCOLA GROVE DATA CENTERS,VA,2022-06-21,,,,In Review,https://logis.loudoun.gov/gis/rest/services/Projects/LOLA_DATA/MapServer/0/query,
loudoun_lola,2026-08-18,DULLES BERRY LC8 DATA CENTER,VA,2022-06-22,,,,Approved,https://logis.loudoun.gov/gis/rest/services/Projects/LOLA_DATA/MapServer/0/query,
loudoun_lola,2026-08-18,INTERGATE ASHBURN DATA CENTER BLDNG A,VA,2022-07-05,,,,Approved,https://logis.loudoun.gov/gis/rest/services/Projects/LOLA_DATA/MapServer/0/query,
loudoun_lola,2026-08-18,DIGITAL LOUDOUN IV-BUILDING S,VA,2022-07-27,,,,Approved,https://logis.loudoun.gov/gis/rest/services/Projects/LOLA_DATA/MapServer/0/query,
loudoun_lola,2026-08-18,DULLES 28 TECHNOLOGY PARK,VA,2022-07-29,,,,Approved,https://logis.loudoun.gov/gis/rest/services/Projects/LOLA_DATA/MapServer/0/query,
loudoun_lola,2026-08-18,DARVISH DATA CENTER BUILDING B,VA,2022-08-08,,,,Approved,https://logis.loudoun.gov/gis/rest/services/Projects/LOLA_DATA/MapServer/0/query,
loudoun_lola,2026-08-18,CYRUSONE STERLING 11 DATA CENTER PH 2,VA,2022-08-19,,,,Approved,https://logis.loudoun.gov/gis/rest/services/Projects/LOLA_DATA/MapServer/0/query,
loudoun_lola,2026-08-18,TECH PARK AT BRAMBLETON,VA,2022-09-22,,,,Approved,https://logis.loudoun.gov/gis/rest/services/Projects/LOLA_DATA/MapServer/0/query,
loudoun_lola,2026-08-18,PROJECT NOVA SOUTHEAST SITE PLAN,VA,2022-10-03,,,,Approved,https://logis.loudoun.gov/gis/rest/services/Projects/LOLA_DATA/MapServer/0/query,
loudoun_lola,2026-08-18,TRUE NORTH DATA,VA,2022-10-20,,,,Approved,https://logis.loudoun.gov/gis/rest/services/Projects/LOLA_DATA/MapServer/0/query,
loudoun_lola,2026-08-18,H5 DATA CENTER,VA,2022-10-26,,,,Approved,https://logis.loudoun.gov/gis/rest/services/Projects/LOLA_DATA/MapServer/0/query,
loudoun_lola,2026-08-18,VANTAGE-VA22,VA,2022-10-31,,,,Approved,https://logis.loudoun.gov/gis/rest/services/Projects/LOLA_DATA/MapServer/0/query,
loudoun_lola,2026-08-18,PARCEL J ASHBURN CENTER,VA,2023-01-05,,,,Approved,https://logis.loudoun.gov/gis/rest/services/Projects/LOLA_DATA/MapServer/0/query,
loudoun_lola,2026-08-18,IAD05,VA,2023-03-08,,,,Approved,https://logis.loudoun.gov/gis/rest/services/Projects/LOLA_DATA/MapServer/0/query,
loudoun_lola,2026-08-18,IAD12 & IAD13 DATA CENTER,VA,2023-05-15,,,,Approved,https://logis.loudoun.gov/gis/rest/services/Projects/LOLA_DATA/MapServer/0/query,
loudoun_lola,2026-08-18,ASHBURN CORPORATE CENTER PHASE II,VA,2006-01-26,,,,Approved,https://logis.loudoun.gov/gis/rest/services/Projects/LOLA_DATA/MapServer/0/query,
loudoun_lola,2026-08-18,PETERSON/COMMONWEALTH CENTER,VA,2006-11-07,,,,Approved,https://logis.loudoun.gov/gis/rest/services/Projects/LOLA_DATA/MapServer/0/query,
loudoun_lola,2026-08-18,INTERGATE ASHBURN  DATA CENTER,VA,2011-06-16,,,,Approved,https://logis.loudoun.gov/gis/rest/services/Projects/LOLA_DATA/MapServer/0/query,
loudoun_lola,2026-08-18,PROJECT COLUMBIA,VA,2011-06-14,,,,Approved,https://logis.loudoun.gov/gis/rest/services/Projects/LOLA_DATA/MapServer/0/query,
loudoun_lola,2026-08-18,LOUDOUN METRO DATA CENTERS LM1 & LM2,VA,2013-06-11,,,,Approved,https://logis.loudoun.gov/gis/rest/services/Projects/LOLA_DATA/MapServer/0/query,
loudoun_lola,2026-08-18,LOUDOUN CENTER ACC-9 DATA CENTER,VA,2013-12-26,,,,Approved,https://logis.loudoun.gov/gis/rest/services/Projects/LOLA_DATA/MapServer/0/query,
loudoun_lola,2026-08-18,BEAUMEADE/LOUDOUN COUNTY PKWY PH III,VA,2014-03-18,,,,Approved,https://logis.loudoun.gov/gis/rest/services/Projects/LOLA_DATA/MapServer/0/query,
loudoun_lola,2026-08-18,LOUDOUN METRO DATA CENTER LM 3 & LM 4,VA,2014-05-22,,,,Approved,https://logis.loudoun.gov/gis/rest/services/Projects/LOLA_DATA/MapServer/0/query,
loudoun_lola,2026-08-18,LOUDOUN METRO DATA CENTER LM5-LM8,VA,2015-03-26,,,,Approved,https://logis.loudoun.gov/gis/rest/services/Projects/LOLA_DATA/MapServer/0/query,
loudoun_lola,2026-08-18,ARCOLA LAKHVINDER PROPERTY,VA,2018-06-19,,,,In Review,https://logis.loudoun.gov/gis/rest/services/Projects/LOLA_DATA/MapServer/0/query,
loudoun_lola,2026-08-18,21673 BEAUMEADE CIRCLE,VA,2019-09-17,,,,Approved,https://logis.loudoun.gov/gis/rest/services/Projects/LOLA_DATA/MapServer/0/query,
loudoun_lola,2026-08-18,ASHBURN CENTER NORTH ZCOLO,VA,2019-10-02,,,,Approved,https://logis.loudoun.gov/gis/rest/services/Projects/LOLA_DATA/MapServer/0/query,
loudoun_lola,2026-08-18,STACK ASHBURN DATA CENTER,VA,2020-02-07,,,,Approved,https://logis.loudoun.gov/gis/rest/services/Projects/LOLA_DATA/MapServer/0/query,
loudoun_lola,2026-08-18,LOUDOUN CENTER- LC3 DATA CENTER,VA,2020-10-13,,,,Approved,https://logis.loudoun.gov/gis/rest/services/Projects/LOLA_DATA/MapServer/0/query,
loudoun_lola,2026-08-18,ASHBURN CENTER NORTH,VA,2022-08-10,,,,Approved,https://logis.loudoun.gov/gis/rest/services/Projects/LOLA_DATA/MapServer/0/query,
loudoun_lola,2026-08-18,COCHRAN MILL ROAD,VA,2022-09-27,,,,Approved,https://logis.loudoun.gov/gis/rest/services/Projects/LOLA_DATA/MapServer/0/query,
loudoun_lola,2026-08-18,RIDGETOP CENTER,VA,2022-11-04,,,,In Review,https://logis.loudoun.gov/gis/rest/services/Projects/LOLA_DATA/MapServer/0/query,
loudoun_lola,2026-08-18,CLARKE HOOK CENTER,VA,2022-11-04,,,,In Review,https://logis.loudoun.gov/gis/rest/services/Projects/LOLA_DATA/MapServer/0/query,
loudoun_lola,2026-08-18,MANEKIN PLAZA,VA,2022-11-04,,,,In Review,https://logis.loudoun.gov/gis/rest/services/Projects/LOLA_DATA/MapServer/0/query,
loudoun_lola,2026-08-18,LC 11 AND 12 DATA CENTER,VA,2023-01-05,,,,Approved,https://logis.loudoun.gov/gis/rest/services/Projects/LOLA_DATA/MapServer/0/query,
loudoun_lola,2026-08-18,DATA CENTER AT COMPASS CREEK SEC. 4,VA,2023-01-06,,,,Approved,https://logis.loudoun.gov/gis/rest/services/Projects/LOLA_DATA/MapServer/0/query,
loudoun_lola,2026-08-18,TELOS DATA CENTER,VA,2023-02-07,,,,In Review,https://logis.loudoun.gov/gis/rest/services/Projects/LOLA_DATA/MapServer/0/query,
loudoun_lola,2026-08-18,HORSESHOE DRIVE,VA,2023-02-08,,,,In Review,https://logis.loudoun.gov/gis/rest/services/Projects/LOLA_DATA/MapServer/0/query,
loudoun_lola,2026-08-18,22675 DULLES SUMMIT COURT,VA,2023-03-01,,,,Approved,https://logis.loudoun.gov/gis/rest/services/Projects/LOLA_DATA/MapServer/0/query,
loudoun_lola,2026-08-18,BELMONT LANDBAY KK DATA CENTER,VA,2023-05-15,,,,In Review,https://logis.loudoun.gov/gis/rest/services/Projects/LOLA_DATA/MapServer/0/query,
loudoun_lola,2026-08-18,BRAMBLETON BUSINESS CAMPUS DATA CENTER,VA,2023-06-09,,,,In Review,https://logis.loudoun.gov/gis/rest/services/Projects/LOLA_DATA/MapServer/0/query,
loudoun_lola,2026-08-18,BRAMBLETON SHREVEPORT SOUTH DATA CENTER,VA,2023-06-09,,,,In Review,https://logis.loudoun.gov/gis/rest/services/Projects/LOLA_DATA/MapServer/0/query,
loudoun_lola,2026-08-18,45865 MARIES ROAD,VA,2023-07-03,,,,Approved,https://logis.loudoun.gov/gis/rest/services/Projects/LOLA_DATA/MapServer/0/query,
loudoun_lola,2026-08-18,CYRUSONE BROADLANDS DATA CENTER,VA,2023-07-24,,,,In Review,https://logis.loudoun.gov/gis/rest/services/Projects/LOLA_DATA/MapServer/0/query,
loudoun_lola,2026-08-18,LOUDOUN TECH CENTER PARCEL H-2,VA,2007-05-11,,,,Approved,https://logis.loudoun.gov/gis/rest/services/Projects/LOLA_DATA/MapServer/0/query,
loudoun_lola,2026-08-18,LAING AT BEAUMEADE BUILDING D,VA,2007-08-29,,,,Approved,https://logis.loudoun.gov/gis/rest/services/Projects/LOLA_DATA/MapServer/0/query,
loudoun_lola,2026-08-18,PETERSON COMMONWEALTH CENTER,VA,2007-09-14,,,,Approved,https://logis.loudoun.gov/gis/rest/services/Projects/LOLA_DATA/MapServer/0/query,
loudoun_lola,2026-08-18,PETERSON/COMMONWEALTH CENTER,VA,2008-06-17,,,,Approved,https://logis.loudoun.gov/gis/rest/services/Projects/LOLA_DATA/MapServer/0/query,
loudoun_lola,2026-08-18,EQUINIX AT BEAUMEADE TECHNOLOGY CENTER,VA,2009-05-04,,,,Approved,https://logis.loudoun.gov/gis/rest/services/Projects/LOLA_DATA/MapServer/0/query,
loudoun_lola,2026-08-18,BEAUMEADE LOT 31A,VA,2010-11-19,,,,Approved,https://logis.loudoun.gov/gis/rest/services/Projects/LOLA_DATA/MapServer/0/query,
loudoun_lola,2026-08-18,BEAUMEADE LOT 28A RAGING WIRE DATA CENTE,VA,2011-10-25,,,,Approved,https://logis.loudoun.gov/gis/rest/services/Projects/LOLA_DATA/MapServer/0/query,
loudoun_lola,2026-08-18,LOUDOUN METRO DATA CENTERS,VA,2013-10-09,,,,Approved,https://logis.loudoun.gov/gis/rest/services/Projects/LOLA_DATA/MapServer/0/query,
loudoun_lola,2026-08-18,LOUDOUN METRO DATA CENTERS LM5-LM8,VA,2015-11-23,,,,Approved,https://logis.loudoun.gov/gis/rest/services/Projects/LOLA_DATA/MapServer/0/query,
loudoun_lola,2026-08-18,606 DATA CENTER,VA,2018-03-30,,,,Approved,https://logis.loudoun.gov/gis/rest/services/Projects/LOLA_DATA/MapServer/0/query,
loudoun_lola,2026-08-18,606 DATA PARK,VA,2018-04-30,,,,In Review,https://logis.loudoun.gov/gis/rest/services/Projects/LOLA_DATA/MapServer/0/query,
loudoun_lola,2026-08-18,STERLING 8 DATA CENTER,VA,2019-04-17,,,,Approved,https://logis.loudoun.gov/gis/rest/services/Projects/LOLA_DATA/MapServer/0/query,
loudoun_lola,2026-08-18,AREP BEAUMEADE DATA CENTER,VA,2021-12-15,,,,Denied,https://logis.loudoun.gov/gis/rest/services/Projects/LOLA_DATA/MapServer/0/query,
loudoun_lola,2026-08-18,ARCOLA GROVE DATA CENTERS,VA,2022-09-29,,,,Approved,https://logis.loudoun.gov/gis/rest/services/Projects/LOLA_DATA/MapServer/0/query,
loudoun_lola,2026-08-18,DULLES SUMMIT DATA CENTER 1,VA,2022-04-14,,,,In Review,https://logis.loudoun.gov/gis/rest/services/Projects/LOLA_DATA/MapServer/0/query,
loudoun_lola,2026-08-18,DATA CENTER AT COMPASS CREEK,VA,2023-04-13,,,,Approved,https://logis.loudoun.gov/gis/rest/services/Projects/LOLA_DATA/MapServer/0/query,
loudoun_lola,2026-08-18,PROJECT KALE SCREENING DETER,VA,2018-04-18,,,,Approved,https://logis.loudoun.gov/gis/rest/services/Projects/LOLA_DATA/MapServer/0/query,
loudoun_lola,2026-08-18,COMPASS DATACENTER DETER,VA,2018-11-13,,,,Approved,https://logis.loudoun.gov/gis/rest/services/Projects/LOLA_DATA/MapServer/0/query,
loudoun_lola,2026-08-18,ICSP ARCOLA TREE CANOPY VARIATION DETR,VA,2020-08-24,,,,Approved,https://logis.loudoun.gov/gis/rest/services/Projects/LOLA_DATA/MapServer/0/query,
loudoun_lola,2026-08-18,PIN: 234-48-3058 VERIF,VA,2022-12-05,,,,In Review,https://logis.loudoun.gov/gis/rest/services/Projects/LOLA_DATA/MapServer/0/query,
loudoun_lola,2026-08-18,45449 E. Severn Way VERIF,VA,2023-08-15,,,,Approved,https://logis.loudoun.gov/gis/rest/services/Projects/LOLA_DATA/MapServer/0/query,
loudoun_lola,2026-08-18,PIN: 089-49-6246 DETER,VA,2023-08-21,,,,Approved,https://logis.loudoun.gov/gis/rest/services/Projects/LOLA_DATA/MapServer/0/query,
loudoun_lola,2026-08-18,49295 Horseshoe Drive DETER,VA,2023-12-13,,,,Approved,https://logis.loudoun.gov/gis/rest/services/Projects/LOLA_DATA/MapServer/0/query,
loudoun_lola,2026-08-18,Vantage VA-16 Buffer,VA,2024-05-31,,,,Approved,https://logis.loudoun.gov/gis/rest/services/Projects/LOLA_DATA/MapServer/0/query,
loudoun_lola,2026-08-18,PIN: 114-46-6446 VERIF,VA,2024-10-24,,,,Approved,https://logis.loudoun.gov/gis/rest/services/Projects/LOLA_DATA/MapServer/0/query,
loudoun_lola,2026-08-18,PIN: 113-16-3850 VERIF,VA,2024-10-24,,,,Approved,https://logis.loudoun.gov/gis/rest/services/Projects/LOLA_DATA/MapServer/0/query,
loudoun_lola,2026-08-18,43621 BEAVER MEADOW RD  VERIF,VA,2024-10-31,,,,Approved,https://logis.loudoun.gov/gis/rest/services/Projects/LOLA_DATA/MapServer/0/query,
loudoun_lola,2026-08-18,45365 Vintage Park Plaza VERIF,VA,2024-12-06,,,,Approved,https://logis.loudoun.gov/gis/rest/services/Projects/LOLA_DATA/MapServer/0/query,
loudoun_lola,2026-08-18,45335 Vintage Park Plaza VERIF,VA,2024-12-06,,,,Approved,https://logis.loudoun.gov/gis/rest/services/Projects/LOLA_DATA/MapServer/0/query,
loudoun_lola,2026-08-18,22894 Pacific Blvd VERIF,VA,2024-12-06,,,,Approved,https://logis.loudoun.gov/gis/rest/services/Projects/LOLA_DATA/MapServer/0/query,
loudoun_lola,2026-08-18,45200 Business Court VERIF,VA,2024-12-06,,,,Approved,https://logis.loudoun.gov/gis/rest/services/Projects/LOLA_DATA/MapServer/0/query,
loudoun_lola,2026-08-18,45195 Business Court VERIF,VA,2024-12-06,,,,Approved,https://logis.loudoun.gov/gis/rest/services/Projects/LOLA_DATA/MapServer/0/query,
loudoun_lola,2026-08-18,45240 Business Court VERIF,VA,2024-12-06,,,,Approved,https://logis.loudoun.gov/gis/rest/services/Projects/LOLA_DATA/MapServer/0/query,
loudoun_lola,2026-08-18,22870 Pacific Blvd VERIF,VA,2024-12-06,,,,Approved,https://logis.loudoun.gov/gis/rest/services/Projects/LOLA_DATA/MapServer/0/query,
loudoun_lola,2026-08-18,Project Aspen DETER,VA,2025-01-29,,,,Approved,https://logis.loudoun.gov/gis/rest/services/Projects/LOLA_DATA/MapServer/0/query,
loudoun_lola,2026-08-18,Sterling Blvd Williamsbrg Rd Chase Heritage Cir,VA,2025-03-27,,,,Approved,https://logis.loudoun.gov/gis/rest/services/Projects/LOLA_DATA/MapServer/0/query,
loudoun_lola,2026-08-18,Kincora Determination Request - Utility Substation,VA,2025-04-11,,,,Approved,https://logis.loudoun.gov/gis/rest/services/Projects/LOLA_DATA/MapServer/0/query,
loudoun_lola,2026-08-18,Prologis Park Building 4,VA,2025-05-13,,,,Approved,https://logis.loudoun.gov/gis/rest/services/Projects/LOLA_DATA/MapServer/0/query,
loudoun_lola,2026-08-18,True Noth Data Center Informal PROF,VA,2025-05-27,,,,Approved,https://logis.loudoun.gov/gis/rest/services/Projects/LOLA_DATA/MapServer/0/query,
loudoun_lola,2026-08-18,Sterling Technology Park DETER,VA,2025-06-05,,,,Approved,https://logis.loudoun.gov/gis/rest/services/Projects/LOLA_DATA/MapServer/0/query,
loudoun_lola,2026-08-18,EPLAN-2025-0149,VA,2025-10-30,,,,Approved,https://logis.loudoun.gov/gis/rest/services/Projects/LOLA_DATA/MapServer/0/query,
loudoun_lola,2026-08-18,22990 Indian Creek Dr DETER,VA,2026-01-07,,,,Approved,https://logis.loudoun.gov/gis/rest/services/Projects/LOLA_DATA/MapServer/0/query,
loudoun_lola,2026-08-18,Dulles North Industrial Park - Lot 4 DETER,VA,2026-02-11,,,,Approved,https://logis.loudoun.gov/gis/rest/services/Projects/LOLA_DATA/MapServer/0/query,
loudoun_lola,2026-08-18,Terminal Drive Buffer Waiver,VA,2026-03-05,,,,In Review,https://logis.loudoun.gov/gis/rest/services/Projects/LOLA_DATA/MapServer/0/query,
loudoun_lola,2026-08-18,Tech Park at Brambleton,VA,2026-05-04,,,,Approved,https://logis.loudoun.gov/gis/rest/services/Projects/LOLA_DATA/MapServer/0/query,
loudoun_lola,2026-08-18,Vantage Data Centers VA31,VA,2026-06-08,,,,In Review,https://logis.loudoun.gov/gis/rest/services/Projects/LOLA_DATA/MapServer/0/query,
loudoun_lola,2026-08-18,JK Technology Park No. 1 Vesting DETER,VA,2026-07-07,,,,In Review,https://logis.loudoun.gov/gis/rest/services/Projects/LOLA_DATA/MapServer/0/query,
loudoun_lola,2026-08-18,Vantage Data Centers VA16,VA,2026-06-29,,,,In Review,https://logis.loudoun.gov/gis/rest/services/Projects/LOLA_DATA/MapServer/0/query,
loudoun_lola,2026-08-18,Davis Drive DETER,VA,2026-07-01,,,,In Review,https://logis.loudoun.gov/gis/rest/services/Projects/LOLA_DATA/MapServer/0/query,
loudoun_lola,2026-08-18,Data Centers AO,VA,2026-07-13,,,,Approved,https://logis.loudoun.gov/gis/rest/services/Projects/LOLA_DATA/MapServer/0/query,
loudoun_lola,2026-08-18,45210 Vantage Data Plz VERIF,VA,2026-08-03,,,,In Review,https://logis.loudoun.gov/gis/rest/services/Projects/LOLA_DATA/MapServer/0/query,
loudoun_lola,2026-08-18,Zoning Determination and Objection to By-Right,VA,2026-08-14,,,,In Review,https://logis.loudoun.gov/gis/rest/services/Projects/LOLA_DATA/MapServer/0/query,
loudoun_lola,2026-08-18,Building 3 Addition- EPLAN-2026-0116,VA,2026-08-14,,,,Submitted - Online,https://logis.loudoun.gov/gis/rest/services/Projects/LOLA_DATA/MapServer/0/query,
loudoun_lola,2026-08-18,TUSCARORA CROSSING,VA,2019-05-01,,,,Approved,https://logis.loudoun.gov/gis/rest/services/Projects/LOLA_DATA/MapServer/0/query,
loudoun_lola,2026-08-18,TRUE NORTH DATA,VA,2020-04-09,,,,Approved,https://logis.loudoun.gov/gis/rest/services/Projects/LOLA_DATA/MapServer/0/query,
loudoun_lola,2026-08-18,WATERSIDE NORTH,VA,2020-11-23,,,,Approved,https://logis.loudoun.gov/gis/rest/services/Projects/LOLA_DATA/MapServer/0/query,
loudoun_lola,2026-08-18,ZEBRA EAST,VA,2023-07-26,,,,Approved,https://logis.loudoun.gov/gis/rest/services/Projects/LOLA_DATA/MapServer/0/query,
loudoun_lola,2026-08-18,Relocation Drive Data Center,VA,2026-06-26,,,,In Review,https://logis.loudoun.gov/gis/rest/services/Projects/LOLA_DATA/MapServer/0/query,
loudoun_lola,2026-08-18,EQUINIX DATA CENTER,VA,2008-06-19,,,,Approved,https://logis.loudoun.gov/gis/rest/services/Projects/LOLA_DATA/MapServer/0/query,
loudoun_lola,2026-08-18,STONEWALL SECURE BUSINESS PARK,VA,2008-09-15,,,,Approved,https://logis.loudoun.gov/gis/rest/services/Projects/LOLA_DATA/MapServer/0/query,
loudoun_lola,2026-08-18,TRUE NORTH DATA,VA,2017-04-17,,,,Approved,https://logis.loudoun.gov/gis/rest/services/Projects/LOLA_DATA/MapServer/0/query,
loudoun_lola,2026-08-18,QUARRY COMMERCE CENTER,VA,2017-09-13,,,,Approved,https://logis.loudoun.gov/gis/rest/services/Projects/LOLA_DATA/MapServer/0/query,
loudoun_lola,2026-08-18,WATERSIDE NORTH,VA,2018-11-05,,,,Approved,https://logis.loudoun.gov/gis/rest/services/Projects/LOLA_DATA/MapServer/0/query,
loudoun_lola,2026-08-18,JK TECHNOLOGY PARK #1,VA,2018-12-17,,,,Approved,https://logis.loudoun.gov/gis/rest/services/Projects/LOLA_DATA/MapServer/0/query,
loudoun_lola,2026-08-18,LUCK/HAYDEN/LOUDOUN WATER PROPERTY,VA,2019-01-28,,,,Approved,https://logis.loudoun.gov/gis/rest/services/Projects/LOLA_DATA/MapServer/0/query,
loudoun_lola,2026-08-18,JK TECHNOLOGY PARK #2,VA,2019-08-27,,,,Approved,https://logis.loudoun.gov/gis/rest/services/Projects/LOLA_DATA/MapServer/0/query,
loudoun_lola,2026-08-18,JK TECHNOLOGY PARK #3,VA,2019-08-27,,,,Approved,https://logis.loudoun.gov/gis/rest/services/Projects/LOLA_DATA/MapServer/0/query,
loudoun_lola,2026-08-18,H&M PROPERTY,VA,2019-09-23,,,,Approved,https://logis.loudoun.gov/gis/rest/services/Projects/LOLA_DATA/MapServer/0/query,
loudoun_lola,2026-08-18,BRAMBLETON SOUTH INDUSTRIAL PROPERTIES,VA,2020-04-13,,,,Approved,https://logis.loudoun.gov/gis/rest/services/Projects/LOLA_DATA/MapServer/0/query,
loudoun_lola,2026-08-18,DULLES 28 TECHNOLOGY PARK,VA,2020-11-25,,,,Approved,https://logis.loudoun.gov/gis/rest/services/Projects/LOLA_DATA/MapServer/0/query,
loudoun_lola,2026-08-18,45865 MARIES RD REZONING,VA,2021-09-08,,,,Approved,https://logis.loudoun.gov/gis/rest/services/Projects/LOLA_DATA/MapServer/0/query,
loudoun_lola,2026-08-18,FIREFOX DULLES,VA,2021-10-15,,,,Approved,https://logis.loudoun.gov/gis/rest/services/Projects/LOLA_DATA/MapServer/0/query,
loudoun_lola,2026-08-18,VANTAGE DATA CENTER,VA,2022-04-18,,,,Approved,https://logis.loudoun.gov/gis/rest/services/Projects/LOLA_DATA/MapServer/0/query,
loudoun_lola,2026-08-18,ALIGNED ENERGY DATA CENTER,VA,2022-05-25,,,,Approved,https://logis.loudoun.gov/gis/rest/services/Projects/LOLA_DATA/MapServer/0/query,
loudoun_lola,2026-08-18,ARCOLA GROVE REZONING,VA,2023-07-10,,,,Approved,https://logis.loudoun.gov/gis/rest/services/Projects/LOLA_DATA/MapServer/0/query,
loudoun_lola,2026-08-18,Dulles Distribution Center Phase 1 and 2,VA,2024-09-04,,,,In Review,https://logis.loudoun.gov/gis/rest/services/Projects/LOLA_DATA/MapServer/0/query,
loudoun_lola,2026-08-18,Glenn Drive North & South,VA,2026-02-19,,,,In Review,https://logis.loudoun.gov/gis/rest/services/Projects/LOLA_DATA/MapServer/0/query,
loudoun_lola,2026-08-18,TRUE NORTH DATA,VA,2017-04-17,,,,Approved,https://logis.loudoun.gov/gis/rest/services/Projects/LOLA_DATA/MapServer/0/query,
loudoun_lola,2026-08-18,ALIGNED ENERGY DATA CENTER,VA,2022-05-25,,,,Approved,https://logis.loudoun.gov/gis/rest/services/Projects/LOLA_DATA/MapServer/0/query,
loudoun_lola,2026-08-18,ALIGNED ENERGY DATA CENTER,VA,2022-10-28,,,,Approved,https://logis.loudoun.gov/gis/rest/services/Projects/LOLA_DATA/MapServer/0/query,
loudoun_lola,2026-08-18,DATA CENTER & MISC COMMERCIAL/INDUSTRIAL,VA,2013-04-02,,,,Approved,https://logis.loudoun.gov/gis/rest/services/Projects/LOLA_DATA/MapServer/0/query,
loudoun_lola,2026-08-18,DATA CENTER AS SPECIAL EXCEPTION USE-CLI,VA,2016-02-23,,,,Approved,https://logis.loudoun.gov/gis/rest/services/Projects/LOLA_DATA/MapServer/0/query,
loudoun_lola,2026-08-18,Data Center Standards & Locations,VA,2024-02-06,,,,Approved,https://logis.loudoun.gov/gis/rest/services/Projects/LOLA_DATA/MapServer/0/query,
loudoun_lola,2026-08-18,Data Center Standards and Locations Phase 2,VA,2025-09-16,,,,In Review,https://logis.loudoun.gov/gis/rest/services/Projects/LOLA_DATA/MapServer/0/query,
loudoun_lola,2026-08-18,"21673 BEAUMEADE CIRCLE, LLC",VA,2017-12-15,,,,Approved,https://logis.loudoun.gov/gis/rest/services/Projects/LOLA_DATA/MapServer/0/query,
loudoun_lola,2026-08-18,1501 MORAN ROAD,VA,2021-09-20,,,,Approved,https://logis.loudoun.gov/gis/rest/services/Projects/LOLA_DATA/MapServer/0/query,
loudoun_lola,2026-08-18,VANTAGE DATA CENTER - BROAD RUN,VA,2023-02-16,,,,Approved,https://logis.loudoun.gov/gis/rest/services/Projects/LOLA_DATA/MapServer/0/query,
