opp_id,state,bill_identifiers,record_year,recorded_status,recorded_outcome,lookup_status,incident,date
opp_1e51e4931d42,CT,SB 245,2026,died,loss,ready,Connecticut (statewide),2026-02-04
opp_de1ee11155ca,ND,HB 1579,2025,passed,win,ready,North Dakota (HB 1579),2025-01-01
opp_96103c271b2b,MN,,2026,dead,loss,no_bill_id,Minnesota (statewide moratorium proposal),2026-02-20
opp_2f1153a6f830,NC,HB 1002,2026,pending,pending,ready,North Carolina (statewide HB 1002),2026-02-01
opp_5d1c237068fa,WV,HB 5590; HB 5620; HB 4983; HB 2014,2026,passed,loss,ready,West Virginia (statewide),2026-01-01
opp_d061f5146c15,MN,,2025,cancelled,win,no_bill_id,City of Becker,2025-05-23
opp_2b8c76fed856,OR,HB 3546,2025,passed,mixed,ready,Oregon (statewide),2025-06-05
opp_f7640b49cd6b,MN,HF 16,2025,passed,win,ready,Minnesota (HF 16),2025-06-14
opp_7bd467275f0e,TX,SB 6,2025,passed,win,ready,Texas (statewide SB 6),2025-06-20
opp_d3e9b8630571,NJ,,2026,passed,mixed,no_bill_id,New Jersey (statewide),2026-04-08
opp_5c4db6785114,ND,,2025,approved,loss,no_bill_id,Ellendale,2025-08-01
opp_1228ae833969,LA,,2025,approved,mixed,no_bill_id,Richland Parish,2025-08-01
opp_ec76fb0ac2f1,DE,HB 233,2025,"passed House (June 16, 2026); pending in Senate",pending,ready,Delaware (statewide),2025-09-29
opp_5793674a1ca2,MI,,2025,active,mixed,no_bill_id,Saline Township,2025-10-01
opp_285e7f5f8866,WI,,2025,pending,pending,no_bill_id,Fredonia/Saukville,2025-10-10
opp_bbaf2eee64a2,CA,SB 57,2025,passed,win,ready,California (SB 57),2025-10-11
opp_e68cad835453,NJ,A 5462; S 731; A 796,2026,defeated,loss,ready,New Jersey (A5462 Conditional Veto),2026-01-21
opp_a629ce65d734,MT,,2025,active,pending,no_bill_id,Montana (statewide),2025-11-18
opp_3d8dd6f61bb1,TX,,2026,approved,loss,no_bill_id,Amarillo,2026-02-25
opp_9becabf127e0,AL,,2025,active,pending,no_bill_id,Baldwin County (Stockton),2025-12-02
opp_dd995a8dc0e3,MD,,2025,passed,win,no_bill_id,Maryland (Veto Override - Impact Study),2025-12-16
opp_263f6b6d9445,LA,,2025,passed,loss,no_bill_id,Louisiana (LPSC Lightning Amendment),2025-12-17
opp_b670d873b817,AK,HB 259; SB 250,2026,dead,loss,ready,Alaska (statewide),2026-01-01
opp_90985ff201d3,RI,,2026,defeated,mixed,no_bill_id,Rhode Island (statewide),2026-07-15
opp_42b15cf3e0c3,KS,SB 526; SB 98,2026,dead,loss,ready,Kansas (statewide),2026-03-04
opp_65677bb0b311,GA,SB 436; SB 410; HB 1063,2026,died-in-committee,loss,ready,Georgia (statewide),2026-02-09
opp_e132fa0f497a,MD,HB 1532; SB 596,2026,passed,mixed,ready,Maryland (statewide),2026-04-15
opp_a22d34ea887a,VA,SB 253; HB 1393,2026,passed,mixed,ready,Virginia (statewide),2026-04-16
opp_4954abc08ca0,OK,HB 299,2026,pending,pending,ready,Oklahoma (statewide),2026-03-01
opp_f885917b8d19,WA,SB 6231,2026,passed,win,ready,Washington (SB 6231),2026-01-01
opp_8ac39cf790db,MD,HB 560,2026,died,loss,ready,Maryland (HB 560),2026-01-01
opp_548024876132,VA,SB 619; HB 155,2026,defeated,loss,ready,Virginia (SB 619 / HB 155),2026-01-01
opp_87122f792415,SD,,2026,cancelled,win,no_bill_id,Toronto,2026-01-06
opp_e504f7dc0dc2,VT,,2026,pending,pending,no_bill_id,Vermont (statewide),2026-01-06
opp_39aa4dd0a9ff,DC,,2026,pending,pending,no_bill_id,Federal (Cotton DATA Act),2026-01-08
opp_968f4eba3c4e,CA,AB 1577,2026,pending,pending,ready,California (AB 1577),2026-01-12
opp_3a101d4c333b,CA,AB 222,2025,pending,pending,ready,California (statewide),2025-01-15
opp_3dc49c9a8133,SC,HB 4583,2026,pending,pending,ready,South Carolina (HB 4583),2026-01-13
opp_05dd8f8b80d3,MD,HB 120,2026,died,loss,ready,Maryland (statewide HB 120),2026-01-14
opp_72caa70f9964,NM,SB 235,2026,defeated,loss,ready,New Mexico (statewide),2026-01-14
opp_5f5df06bfaaf,UT,HB 76,2026,passed,win,ready,Utah (statewide),2026-01-15
opp_068678987d3f,NE,LB 1111,2026,pending,win,ready,Nebraska (statewide),2026-01-16
opp_2509e4a89095,GA,HB 1012; HB 1059,2026,defeated,loss,ready,Georgia (statewide HB 1012),2026-01-16
opp_6193a69e4e64,TX,,2026,defeated,mixed,no_bill_id,El Paso,2026-06-18
opp_a7892e08eaeb,SD,SB 135; HB 1038,2026,passed,win,ready,South Dakota (statewide),2026-03-24
opp_d6c554af93b0,IN,HB 1333,2026,dead,win,ready,Indiana (statewide),2026-01-27
opp_93ebd1c63e5f,TX,,2026,active,pending,no_bill_id,Pecos County,2026-02-01
opp_b0c2e1b40d11,VA,HB 1515,2026,defeated,loss,ready,Virginia (statewide HB 1515 moratorium),2026-02-01
opp_423d4766b0e9,TN,SB 2128; SB 2653; SB 1999; SB 2584; HB 2047,2026,pending,mixed,ready,Tennessee (statewide),2026-02-01
opp_32a96eb7865e,AZ,HB 2756; HB 2795; HB 2452; HB 4009; HB 2457,2026,active,mixed,ready,Arizona (statewide HB 2756),2026-02-01
opp_6244df945467,KY,HB 544; SB 197,2026,died-sine-die,loss,ready,Kentucky (statewide),2026-02-01
opp_bfd506616d8c,IL,SB 4004,2026,dead,loss,ready,Illinois (SB 4004),2026-02-01
opp_1763a86c026b,SD,SB 232; SB 135,2026,defeated,loss,ready,South Dakota (SB 232),2026-02-18
opp_d1cbdbde4198,SC,,2026,pending,pending,no_bill_id,South Carolina (Data Center Development Act),2026-02-05
opp_f5dab8062f21,AL,SB 270,2026,passed,win,ready,Alabama (statewide SB 270),2026-02-05
opp_0e3b862642cd,NY,S 9144; A 10141,2026,"passed legislature, awaiting governor signature",pending,ready,New York State,2026-02-06
opp_27f4b878fff7,IL,,2026,active,win,no_bill_id,Illinois (statewide),2026-06-05
opp_c05cca779e9b,WV,,2026,active,pending,no_bill_id,Tucker County,2026-02-07
opp_4cf11bae103b,ID,HB 609; HB 756,2026,dead,loss,ready,Idaho (statewide),2026-02-09
opp_585738332a95,VA,SB 253,2026,signed,win,ready,Virginia (statewide SB 253 rate shift),2026-02-10
opp_1ea05e5b34c9,WA,HB 2515; SB 5982,2026,mixed,mixed,ready,Washington (statewide),2026-02-11
opp_af594b40ea68,NH,HB 1265,2026,defeated,mixed,ready,New Hampshire (statewide),2026-02-11
opp_92c8b9045e68,WI,,2026,decided,win,no_bill_id,Wisconsin (statewide PSC rate hearing),2026-02-11
opp_2e0c8b1e00f8,DC,,2026,pending,pending,no_bill_id,Blumenthal-Hawley GRID Act (federal),2026-02-11
opp_f8021bc23d73,ME,LD 307,2026,defeated,loss,ready,Maine (statewide),2026-04-24
opp_39e08a527448,CO,SB 26; HB 26,2026,pending,mixed,ready,Colorado (statewide),2026-02-12
opp_71bcf73ea023,WI,SB 1061; AB 1099,2026,dead,loss,ready,Wisconsin (statewide moratorium bill),2026-02-12
opp_4f824b8f6f0f,KY,HB 593; HB 544,2026,defeated,win,ready,Kentucky (statewide HB 593),2026-02-12
opp_23023943734f,OH,HB 706,2026,pending,pending,ready,Ohio (statewide),2026-02-17
opp_b844c002abf1,PA,,2026,pending,pending,no_bill_id,Pennsylvania (statewide moratorium proposal),2026-02-17
opp_81019607ff66,OR,SB 1586,2026,cancelled,win,ready,Hillsboro (SB 1586),2026-02-17
opp_54bdef453894,IL,,2026,active,pending,no_bill_id,Illinois (Tax Incentive Suspension),2026-02-19
opp_cc77c8b45ade,IA,HF 2447,2026,dead,loss,ready,Iowa (statewide),2026-02-19
opp_c3f06b8218f9,DC,,2026,pending,pending,no_bill_id,Sanders National Moratorium (federal),2026-03-25
opp_f870292c731e,FL,,2026,cancelled,win,no_bill_id,St. Lucie County,2026-02-23
opp_7146943d67ee,OH,SR 37; HB 646,2026,passed,win,ready,Sunbury,2026-04-15
opp_2b5062d71994,SD,SB 232; HB 1005; SB 135,2026,passed,mixed,ready,South Dakota (moratorium/incentive defeat),2026-02-24
opp_c4d2b92dc5bc,IN,HB 1245,2026,active,pending,ready,Indiana (statewide rally/moratorium push),2026-02-24
opp_35fc8ebfe1ac,MI,,2026,active,mixed,no_bill_id,Michigan (statewide),2026-07-15
opp_021c2c472697,WV,HB 2014,2026,active,pending,ready,Berkeley County,2026-02-26
opp_f92916918afc,MO,HB 3362; HB 3364,2026,dead,loss,ready,Missouri (statewide legislation),2026-02-26
opp_760001b8a3c1,MO,HB 3362; HB 3364,2026,dead,loss,ready,Missouri (AI Infrastructure Act),2026-02-26
opp_e5c0089dd683,SC,,2026,pending,pending,no_bill_id,South Carolina (statewide moratorium H 5286),2026-02-26
opp_38dcac0918c6,MA,,2026,active,pending,no_bill_id,Massachusetts (statewide),2026-02-26
opp_18e2c9d1787f,NY,S 9144; A 10141,2026,passed legislature,pending,ready,New York (100+ groups coalition),2026-03-02
opp_349ffc8c5004,MD,,2026,approved,pending,no_bill_id,Charles County,2026-03-02
opp_1339e55a8716,OR,HB 4084,2026,passed,win,ready,Oregon (HB 4084 tax break moratorium),2026-06-06
opp_84df29c95d0a,PA,HB 2151; HB 2150,2026,active,pending,ready,Pennsylvania (HB 2151),2026-03-02
opp_27a9926da3d0,ND,,2026,passed,mixed,no_bill_id,Mercer County,2026-03-03
opp_2c695ae87ee6,GA,SB 410; SB 34,2026,dead,loss,ready,Georgia (SB 410),2026-03-06
opp_8a016c3cad14,PA,HB 2150; HB 2151,2026,active,pending,ready,Pennsylvania (HB 2150),2026-03-09
opp_11aa7ff7a27e,NJ,S 3379,2026,pending,pending,ready,New Jersey (S3379),2026-02-12
opp_bb8e6cc1bbcc,MD,,2026,defeated,loss,no_bill_id,Frederick County (Referendum Effort),2026-01-26
opp_46fdb3396312,MD,HB 1532,2026,died,mixed,ready,Baltimore City (Baltimore Peninsula TIF ban),2026-03-01
opp_89cbc3a4a3cd,FL,HB 1007,2026,defeated,win,ready,Florida (HB 1007),2026-02-25
opp_706b1cd73daf,AZ,SB 1463,2026,dead,loss,ready,Arizona (SB 1463 tax repeal),2026-01-01
opp_d56f07501657,TN,SB 2653; HB 2392,2026,died-sine-die,loss,ready,Tennessee (SB 2653 impact review act),2026-02-02
opp_db6ed2ba989e,WI,AB 840; SB 843,2026,defeated,loss,ready,Wisconsin (AB 840 / SB 843 GOP regulation),2026-01-09
opp_d52b7e08f590,WI,SB 729; AB 722,2026,dead,loss,ready,Wisconsin (SB 729 / AB 722 Dem regulation),2026-01-01
opp_057d2921cf52,IN,HB 1210,2026,passed,loss,ready,Indiana (HB 1210 community payments),2026-01-27
opp_4f7ecaba5fff,OH,HB 646,2026,delayed,pending,ready,Ohio (HB 646 study commission),2026-06-11
opp_cd8aa1ff3a14,FL,SB 484,2026,passed,win,ready,Florida (SB 484 data center regulation),2026-02-26
opp_3f0af36b5412,LA,,2026,approved,loss,no_bill_id,Louisiana (PSC Meta financing investigation),2026-02-25
opp_f6da4fb2ee55,DC,HR 6984,2026,pending,pending,ready,Federal (HR 6984 Data Center Transparency Act),2026-01-08
opp_f1351012a32a,GA,HB 559; SB 410; HB 1063,2026,dead,loss,ready,Georgia (HB 559 tax exemption sunset),2026-02-01
opp_1e09ccd54e1f,GA,SB 408; SB 410; HB 559,2026,dead,loss,ready,Georgia (SB 408 tax exemption sunset),2026-02-01
opp_522a2f12c546,ID,,2026,passed,mixed,no_bill_id,Idaho (H 820 tax exemption reform),2026-02-01
opp_bae92ddde8eb,ID,HB 756,2026,superseded,win,ready,Idaho (HB 756 no-harm test),2026-01-01
opp_9de9ae844e1d,FL,HB 1517; SB 1517,2026,defeated,loss,ready,Florida (HB 1517 transparency act),2026-02-01
opp_3d6145630316,OH,HB 96,2026,active,loss,ready,Ohio (tax exemption veto override effort),2026-03-01
opp_f95e5a35d5bb,NJ,S 731; A 796,2026,pending,pending,ready,New Jersey (S731/A796 Large Load Tariff),2026-02-12
opp_0453f3eb092f,NJ,,2025,approved,loss,no_bill_id,Kenilworth (CoreWeave $250M tax break),2025-11-01
opp_041be502637a,MD,HB 1411,2026,dead,loss,ready,Maryland (HB 1411 transparency act),2026-03-10
opp_7d9d828e738d,MD,HB 1595; SB 427,2026,died,loss,ready,Maryland (HB 1595/SB 427 property tax authority),2026-02-15
opp_c048713852f1,MD,,2026,pending,mixed,no_bill_id,Frederick County (Pippy state moratorium bill),2026-03-06
opp_a233c4b83a66,PA,,2026,active,pending,no_bill_id,Pennsylvania (Gov. Shapiro GRID standards),2026-02-04
opp_07116373e586,CA,SB 978,2026,held,loss,ready,California,2026-02-04
opp_a754e7131a76,OR,,2025,active,pending,no_bill_id,Oregon,2025-03-01
opp_30d2c4c048d9,US,,2025,pending,pending,federal_skip,United States,2025-12-18
opp_79720ff42c74,NJ,,2026,active,pending,no_bill_id,New Jersey,2026-01-20
opp_dd9e6b52d0fc,TX,,2026,active,pending,no_bill_id,Texas,2026-02-09
opp_9fcbc6cf075d,MT,,2026,active,pending,no_bill_id,Montana,2026-03-11
opp_722f42b528f6,DE,SB 205,2025,pending,pending,ready,Delaware,2025-09-29
opp_adf225c8bace,VT,,2026,defeated,loss,no_bill_id,Vermont,2026-05-29
opp_8b5881a12af1,RI,,2026,pending,pending,no_bill_id,Rhode Island,2026-03-04
opp_7ca5891e8026,ME,LD 713; LD 307,2026,passed,win,ready,Maine,2026-04-24
opp_3b5566fafd13,ME,LD 307,2026,pending,pending,ready,Jay,2026-03-13
opp_6f976138d90c,CT,HB 5469,2026,pending,mixed,ready,Connecticut,2026-03-06
opp_77773af2c60a,AL,HB 399; SB 265,2026,passed,win,ready,Alabama,2026-02-12
opp_946200962f07,AL,SB 354,2026,died,pending,ready,Alabama,2026-03-11
opp_51503be68e34,FL,SB 1118; SB 484,2026,defeated,win,ready,Florida,2026-03-13
opp_f2b1cca7ddff,NE,LB 1261,2026,passed,loss,ready,Nebraska,2026-03-13
opp_826ee04a3d40,OH,,2026,active,pending,no_bill_id,Columbus,2026-03-12
opp_1ef68f840752,WI,,2026,defeated,loss,no_bill_id,Wisconsin,2026-02-18
opp_d29afd2095e0,OK,SB 1488,2026,defeated,loss,ready,Oklahoma (SB 1488),2026-01-01
opp_279e05762166,OK,HB 2992,2026,active,pending,ready,Oklahoma (HB 2992),2026-01-08
opp_28b2b06bc795,MI,SB 761; SB 762; SB 763,2025,pending,pending,ready,Michigan (SB 761-763),2025-12-18
opp_9bb28c8f4524,MT,SB 212,2025,passed,loss,ready,Montana (SB 212),2025-04-17
opp_85bcdbf0f2b5,MS,SB 3168,2025,passed,loss,ready,Mississippi (SB 3168),2025-07-01
opp_94d922fdd214,US,,2025,passed,loss,federal_skip,United States (federal),2025-07-23
opp_f784aebfe0c4,VA,HB 784,2026,incorporated,pending,ready,Virginia (HB 784),2026-01-08
opp_0ac8601ee64c,VA,SB 393; HB 641,2026,defeated,loss,ready,Virginia (SB 393),2026-01-08
opp_857f695cf9c2,VA,HB 503,2026,defeated,loss,ready,Virginia (HB 503),2026-01-08
opp_610fc4eb4b60,IL,SB 2182,2026,pending,pending,ready,Illinois (SB 2182),2026-02-11
opp_3cabf3860557,WV,SB 658; HB 2014,2026,defeated,loss,ready,West Virginia (SB 658 local control),2026-02-25
opp_212a5ac321d1,VA,,2026,active,pending,no_bill_id,Virginia (budget tax exemption fight),2026-02-24
opp_3186f5f7b7d3,AZ,HB 2795,2026,failed,win,ready,Arizona,2026-02-03
opp_490b8af9e43c,OH,,2026,pending,pending,no_bill_id,Ohio,2026-02-05
opp_4ba403e2b469,IA,HF 2447; HF 2690; HF 2261,2026,dead,loss,ready,Iowa,2026-02-01
opp_1f51183f1ba8,NY,S 8540,2025,pending,pending,ready,New York,2025-10-22
opp_16d6ccfd7fd2,NH,HB 1724,2026,died,loss,ready,New Hampshire,2026-01-01
opp_ff16db4797f0,WY,HB 90,2026,defeated,loss,ready,Wyoming,2026-02-12
opp_9318a1f3b921,MS,HB 1635,2026,defeated,loss,ready,Mississippi,2026-02-01
opp_b1ca234aa006,WI,,2026,active,pending,no_bill_id,Janesville (Referendum),2026-02-09
opp_4cf7f9ba6e2b,WA,,2025,active,pending,no_bill_id,Washington (Governor's Data Center Workgroup),2025-02-05
opp_98d9e77a4df2,OR,,2025,active,win,no_bill_id,Oregon (PGE POWER Act Dispute),2025-12-15
opp_07c24ce7ea28,OR,HR 655,2025,pending,pending,ready,The Dalles (HR 655 Federal Land Transfer),2025-12-09
opp_2b075f6cdc12,TX,SB 6,2026,active,pending,ready,Texas (PUCT rulemaking),2026-03-06
opp_f106f7a26e2b,VA,,2026,passed,mixed,no_bill_id,Virginia (budget/tax exemption stalemate),2026-06-22
opp_c5c4fe0e2dde,VA,,2026,active,pending,no_bill_id,Central Virginia (Valley Link 765kV line),2026-02-19
opp_ddebecf4efe7,VA,,2025,passed,loss,no_bill_id,Virginia (DEQ diesel generator guidance),2025-12-17
opp_d0cbe42e9ced,CA,SB 887,2026,pending,pending,ready,California (SB 887),2026-01-13
opp_4b66e43a0859,CA,SB 1168,2026,pending,pending,ready,California (SB 1168),2026-02-18
opp_d574c87d8160,CA,AB 2619,2026,pending,pending,ready,California (AB 2619),2026-02-20
opp_e5eca26666f6,MN,HF 4077; SF 4379,2026,dead,loss,ready,Minnesota (Statewide),2026-03-12
opp_66ab49712a63,AL,SB 270,2026,passed,win,ready,Alabama (Statewide),2026-03-13
opp_16e1c6631521,PA,,2026,active,pending,no_bill_id,Pennsylvania (Statewide),2026-03-10
opp_c02b7e51af21,WY,,2026,pending,pending,no_bill_id,Wyoming (statewide),2026-01-16
opp_648efe1bdfff,NE,LB 209,2026,active,pending,ready,Sarpy County,2026-02-01
opp_dec1643364eb,OH,,2026,active,pending,no_bill_id,Brown County (statewide constitutional petition),2026-03-01
opp_e87e93c6016a,DC,,2025,active,pending,no_bill_id,U.S. Senate (Federal Investigation),2025-12-15
opp_4e7f4e62a8a7,DC,,2026,passed,loss,no_bill_id,Army Corps of Engineers (Federal Agency),2026-03-15
opp_303ca7d0d7ba,US,,2026,active,pending,federal_skip,National (Food & Water Watch),2026-03-04
opp_9c24100c99c8,US,,2026,active,pending,federal_skip,National (Sierra Club),2026-01-01
opp_d7c2d2621b7c,US,,2026,active,pending,federal_skip,National (Data Center Watch Report),2026-03-01
opp_124468287d82,US,,2026,active,pending,federal_skip,National (Industry Response),2026-02-01
opp_98f9738e0051,TX,,2026,active,pending,no_bill_id,Permian Basin / Hill Country (765kV transmission),2026-01-01
opp_c44c53258532,TX,,2026,active,pending,no_bill_id,Texas (State Republican Executive Committee),2026-02-01
opp_c41d44c6f865,VA,HB 507,2026,passed,win,ready,Virginia (HB 507),2026-03-01
opp_31991b12e824,VA,SB 94; HB 153,2026,passed,win,ready,Virginia (SB 94 / HB 153 siting),2026-02-01
opp_02a7428f39a3,VA,SB 553; HB 496,2026,pending,pending,ready,Virginia (SB 553 water disclosure),2026-02-01
opp_79562b44a1f8,TN,,2026,active,pending,no_bill_id,Tennessee Valley Authority (affordability concerns),2026-01-01
opp_19a4b2d5163e,AZ,HB 2631,2026,dead,mixed,ready,Arizona (HB 2631 tax repeal),2026-02-01
opp_836956ddb280,NJ,A 6181; S 680; S 3379,2026,pending,pending,ready,New Jersey (A6181 NDA ban),2026-02-01
opp_a281e96ef800,CO,HB 1030; SB 24; HB 26,2026,dead,win,ready,Colorado (HB 1030),2026-02-01
opp_d35c8323d34a,ID,HB 874,2026,superseded,win,ready,Idaho (HB 874),2026-02-01
opp_3fd506eb04c4,MT,,2026,active,pending,no_bill_id,Montana (statewide demand),2026-01-01
opp_516478f5f350,UT,HB 76,2026,passed,win,ready,Utah (HB 76),2026-02-01
opp_97c473fa11a2,NY,S 9144; A 10141,2026,"passed legislature, awaiting governor signature",pending,ready,New York (statewide moratorium bill),2026-02-06
opp_375dfa09ce11,PA,HB 1834,2026,pending,pending,ready,Pennsylvania (statewide HB 1834),2026-03-24
opp_64cdce00af65,NV,,2026,pending,pending,no_bill_id,Boulder City,2026-02-24
opp_0f8e393b3fb3,WI,,2026,passed,win,no_bill_id,City of Port Washington,2026-04-07
opp_b9c52a23e8ca,DC,,2026,passed,win,no_bill_id,Federal (Warren-Hawley EIA Letter),2026-03-26
opp_bae9d40b1c4c,SC,,2026,pending,pending,no_bill_id,South Carolina (S 902 Data Center Siting Act),2026-02-10
opp_86d1daea9ead,GA,HB 1012; SB 408; SB 410,2026,defeated,loss,ready,Georgia (2026 Legislative Session Failure),2026-04-03
opp_5de4e0fd0554,TX,,2026,delayed,win,no_bill_id,Fort Worth (Veale Ranch),2026-03-31
opp_92ca1a80ec25,WV,HB 4983,2026,passed,loss,ready,West Virginia (HB 4983 secrecy rulemaking),2026-03-27
opp_8471bf2ceed9,WV,,2026,active,pending,no_bill_id,West Virginia (MARL 500kV transmission line),2026-02-01
opp_e6caa9f3c04e,ID,HB 895,2026,signed,win,ready,Idaho (statewide),2026-03-20
opp_9e933812c891,NV,,2026,active,pending,no_bill_id,Nevada (statewide interim study),2026-03-25
opp_20c9157e806f,NE,,2026,passed,win,no_bill_id,Gage County,2026-06-16
opp_2fea79eee9b7,MN,SF 4298,2026,dead,loss,ready,Minnesota (statewide),2026-03-04
opp_a9b2b4a64e25,OH,,2026,active,pending,no_bill_id,Ohio (statewide ballot initiative),2026-04-03
opp_73872436669d,US,,2024,active,pending,federal_skip,United States (DOE/LBNL Report),2024-12-20
opp_deab3aadec48,US,,2026,passed,loss,federal_skip,United States (CEQ NEPA Repeal),2026-01-08
opp_0ec3bc135a5d,US,,2026,defeated,win,federal_skip,United States (H.R. 8037),2026-03-24
opp_7b7aabf01f60,DC,,2025,active,pending,no_bill_id,National (NRDC PJM Report),2025-10-01
opp_af4533548d57,US,,2025,resolved,pending,federal_skip,United States (DOE Section 403 Directive),2025-10-23
opp_1ee0d8ed44db,NJ,S 680,2026,pending,pending,ready,New Jersey (S680 clean energy requirement),2026-01-13
opp_f7a3f9dd872e,NH,SB 439,2026,tabled,mixed,ready,New Hampshire (SB 439 municipal zoning),2026-01-29
opp_793fdf3b9fc6,ME,LD 307,2026,defeated,loss,ready,Maine (LD 307 statewide moratorium),2026-03-20
opp_ed02cb0aded6,DE,,2026,defeated,win,no_bill_id,Delaware (Coastal Zone Appeal),2026-03-26
opp_c3f8ec3f6a51,NJ,A 796,2026,passed,pending,ready,New Jersey (A796 Assembly passage),2026-03-23
opp_1ce5c397c32b,IN,,2026,active,pending,no_bill_id,Hancock County,2026-03-29
opp_50cb58ded900,US,,2026,pending,pending,federal_skip,United States (S.4213),2026-03-26
opp_99e8bfeb61d7,US,,2026,active,pending,federal_skip,United States (Army Military Base Leasing),2026-03-26
opp_01b83a35d0bb,US,,2026,pending,pending,federal_skip,United States (H.R. 7977),2026-03-18
opp_79ad333dea37,MI,,2026,active,pending,no_bill_id,Michigan (statewide rallies),2026-04-11
opp_0c5b2b003fae,OH,,2026,pending,pending,no_bill_id,Pike County,2026-04-21
opp_e23b17b6c6f0,TX,,2026,active,mixed,no_bill_id,Texas (statewide),2026-06-10
opp_5bd38f1e1fa9,NV,,2026,active,pending,no_bill_id,Nevada (statewide),2026-04-09
opp_579c6221cd23,NC,,2026,active,pending,no_bill_id,North Carolina (statewide convening),2026-03-25
opp_8d21af184d54,MS,,2026,active,pending,no_bill_id,Mississippi (statewide Amazon expansion),2026-04-09
opp_149428e46bb4,AR,,2026,defeated,loss,no_bill_id,Arkansas (statewide),2026-04-08
opp_1452f83e8ca5,PA,HB 2496,2026,pending,pending,ready,Pennsylvania (statewide),2026-06-18
opp_12a161d11c62,US,,2026,active,pending,federal_skip,Federal (H.R. 8033 No Harm in Data Centers Act),2026-03-20
opp_4027604f7929,US,,2026,pending,win,federal_skip,Federal (EIA mandatory data center reporting),2026-04-09
opp_2ca9aba02e7f,OH,,2026,pending,pending,no_bill_id,Botkins,2026-04-14
opp_5bb8d8da1bc0,TX,,2026,passed,win,no_bill_id,Cameron County (resolution on unregulated data centers),2026-04-07
opp_1cfd6ccaa9ba,CO,,2026,approved,loss,no_bill_id,Elbert County (Xcel Power Pathway),2026-04-10
opp_6dc00f1e8a81,WA,,2026,active,pending,no_bill_id,Washington State (UTC data center review),2026-04-01
opp_03549ed74600,SC,,2026,pending,pending,no_bill_id,South Carolina (statewide moratorium H 5526),2026-04-14
opp_a3e9f4ce0103,US,,2026,defeated,win,federal_skip,United States (FERC),2026-04-16
opp_2d8abb7b1381,US,,2026,passed,loss,federal_skip,United States (EPA),2026-04-16
opp_5ca926b64e95,PA,,2026,active,pending,no_bill_id,Pennsylvania (Wellsboro hearing),2026-04-17
opp_15c50e2a166c,VA,,2026,active,pending,no_bill_id,Multistate (PJM coalition),2026-04-13
opp_1fe5b42c3c0a,MI,,2026,passed,win,no_bill_id,Ypsilanti Community Utilities Authority (YCUA),2026-04-22
opp_527d7f92969e,US,,2026,active,mixed,federal_skip,EPA,2026-04-16
opp_c8bde6255d66,US,,2026,pending,pending,federal_skip,FERC (Transwestern Green Chile Pipeline),2026-04-13
opp_c32f0e04a6f8,US,,2026,active,pending,federal_skip,US House (DATA Act of 2026 — House companion),2026-04-21
opp_8cc15277d2f9,US,,2026,active,pending,federal_skip,US Senate (Sen. Ossoff FERC inquiry),2026-04-24
opp_d489207862b6,WI,,2026,passed,win,no_bill_id,"Wisconsin Public Service Commission (We Energies VLC + Bespoke Resources Tariff, Docket 6630-TE-113)",2026-04-24
opp_b2b918d7e618,WI,,2026,approved,loss,no_bill_id,Wisconsin DNR (Port Washington Vantage/Stargate),2026-06-12
opp_328e8996be05,TX,,2026,active,pending,no_bill_id,Texas (Farmers Union / Tucker),2026-04-15
opp_0bdb4c2fd25e,AZ,,2026,pending,pending,no_bill_id,Arizona (Senate disclosure bill),2026-04-17
opp_4a32aa1799f0,LA,,2025,passed,loss,no_bill_id,Louisiana Public Service Commission,2025-12-17
opp_51c3c4bc20f6,MD,,2026,pending,pending,no_bill_id,Harford County Council,2026-04-21
opp_c69145c706d9,DE,,2026,active,pending,no_bill_id,State of Delaware,2026-04-24
opp_149c49f94b44,LA,HB 827,2024,passed,loss,ready,Louisiana Legislature,2024-06-01
opp_2446724c6c23,LA,,2025,defeated,loss,no_bill_id,Louisiana Administrative Law Judge (LPSC Docket U-37425),2025-04-04
opp_3c2069dc2adf,LA,,2025,active,pending,no_bill_id,Louisiana Department of Environmental Quality (LDEQ),2025-11-19
opp_502722eed9cd,LA,,2026,active,loss,no_bill_id,Louisiana Public Service Commission (Docket U-37425),2026-01-14
opp_ea7d8304fed3,LA,,2026,pending,pending,no_bill_id,Louisiana Public Service Commission (Project Everest application),2026-03-25
opp_97c6b1c4ce0e,US,,2025,active,pending,federal_skip,U.S. Senate Environment and Public Works Committee,2025-05-01
opp_8be8b626b0e2,LA,,2025,approved,loss,no_bill_id,Richland Parish (Mississippi River Alluvial Aquifer water withdrawal),2025-12-01
opp_64bdcdf8bd65,TN,,2024,active,loss,no_bill_id,Shelby County Health Department (xAI enforcement letter),2024-08-26
opp_ff2f842fb285,TN,,2024,resolved,pending,no_bill_id,EPA Region 4 (xAI Memphis inquiry),2024-11-01
opp_7989cc6d9520,TN,,2024,approved,loss,no_bill_id,Tennessee Valley Authority (xAI 150 MW supply),2024-11-07
opp_d8acbb28f73c,TN,,2025,pending,loss,no_bill_id,Shelby County Health Department (xAI 15-turbine air permit application),2025-01-15
opp_e049359a3277,TN,,2025,passed,win,no_bill_id,Shelby County Commission (xAI public hearing resolution),2025-04-01
opp_d3a1043dd652,TN,,2025,active,loss,no_bill_id,Shelby County Health Department (SELC second xAI letter),2025-04-09
opp_9901ad833120,TN,,2025,pending,pending,no_bill_id,EPA (Memphis ozone non-attainment petition),2025-06-05
opp_7455a1e39a1e,TN,,2025,approved,loss,no_bill_id,Shelby County Health Department (xAI 15-turbine permit issuance),2025-07-02
opp_f5b1e160deb4,TN,,2025,pending,loss,no_bill_id,Memphis & Shelby County Air Pollution Control Board (xAI appeal filing),2025-07-15
opp_6b8a649077ec,TN,,2025,defeated,loss,no_bill_id,Memphis & Shelby County Air Pollution Control Board (xAI appeal dismissed),2025-12-16
opp_df627d2543f9,MS,,2026,approved,loss,no_bill_id,Mississippi (xAI Southaven incentive package),2026-01-08
opp_35da1240ccc5,TN,,2026,approved,mixed,no_bill_id,Tennessee Department of Environment and Conservation (Colossus Water Recycle permit),2026-01-15
opp_1f869bdde8c9,US,,2026,passed,win,federal_skip,EPA (NSPS Subpart KKKKa final rule),2026-01-15
opp_163684cd2c66,TN,HB 1847; SB 2128; SB 2,2026,signed,loss,ready,Tennessee Legislature (HB1847/SB2128 data-center self-generation),2026-01-26
opp_3d338028f9c3,TN,,2026,approved,loss,no_bill_id,Tennessee Valley Authority (xAI additional 150 MW),2026-02-11
opp_db2ce51b1acd,US,,2026,active,pending,federal_skip,U.S. House Rep. Steve Cohen (xAI emissions transparency),2026-02-13
opp_56cafaa65c57,TN,,2026,pending,pending,no_bill_id,Memphis & Shelby County Planning (xAI Tulane Rd construction permit),2026-03-03
opp_8ad5a84d09fb,US,,2026,active,pending,federal_skip,U.S. Senate EPW (8-company gas-powered data-center probe),2026-03-27
opp_112e9c2fa247,US,,2026,active,pending,federal_skip,U.S. Senate EPW (Whitehouse xAI-specific probe),2026-04-17
opp_606f388b9a84,US,,2025,active,pending,federal_skip,U.S. Senate (Markey letter to EPA on NSR pre-construction),2025-09-25
opp_7c06af7ad5fe,MI,,2025,approved,mixed,no_bill_id,Saline Township (consent judgment with Related Digital),2025-10-15
opp_cfc60c2760ad,MI,,2025,approved,loss,no_bill_id,Michigan Public Service Commission (DTE Saline data-center contract filing),2025-10-31
opp_8a10bd8bf5a5,MI,,2025,defeated,loss,no_bill_id,Michigan Public Service Commission (environmental groups' intervention petition),2025-11-13
opp_3f6fb05f10b2,MI,,2025,active,loss,no_bill_id,Michigan Public Service Commission (Saline data-center public hearing),2025-12-03
opp_aa731380343e,MI,,2025,approved,loss,no_bill_id,Michigan EGLE (Saline data-center wetlands public hearing),2025-12-19
opp_3a104a8a65ee,MI,,2026,defeated,loss,no_bill_id,Michigan Public Service Commission (AG Nessel rehearing petition),2026-01-08
opp_5c32280ee09e,MI,,2025,pending,pending,no_bill_id,Michigan Legislature (Reggie Miller data-center NDA bill),2025-12-15
opp_6582785b4ac9,MI,HB 5594,2026,pending,pending,ready,Michigan Legislature (HB 5594-5596 data-center moratorium),2026-03-03
opp_7b344187d414,MI,,2026,active,pending,no_bill_id,Michigan House Oversight Subcommittee (data-center investigation hearing),2026-04-22
opp_a15dfb7714c3,MI,,2026,pending,pending,no_bill_id,Michigan Public Service Commission (DTE $474M rate-hike filing with data-center pause pledge),2026-04-24
opp_dd6d56e476d3,WI,,2025,passed,loss,no_bill_id,Wisconsin Legislature (Act 16 data-center TID exception),2025-07-09
opp_b076f233590f,WI,,2025,passed,loss,no_bill_id,Port Washington Common Council & Joint Review Board (TID No. 5 creation),2025-11-04
opp_ccd111b8e9cd,WI,,2025,pending,pending,no_bill_id,Wisconsin Public Service Commission (ATC Ozaukee County Distribution Interconnection),2025-10-18
opp_8cb83bc6e652,WI,,2025,passed,pending,no_bill_id,Washington County and Ozaukee County Boards of Supervisors (transmission-route resolutions),2025-11-19
opp_862755be2527,WI,,2025,approved,loss,no_bill_id,Wisconsin DNR (Port Washington Vantage stormwater permit),2025-12-11
opp_0e92eb8785fb,WI,,2026,pending,pending,no_bill_id,Ozaukee County District Attorney (GLNU Open Meetings Law complaint),2026-02-23
opp_ea9b17089b9c,WI,,2026,active,win,no_bill_id,Wisconsin Public Service Commission (data-center tariff public hearing),2026-02-10
opp_e2a70fb31299,WI,,2024,approved,loss,no_bill_id,Wisconsin DNR (Microsoft Mount Pleasant air + wetland permit hearings),2024-12-02
opp_2455650150c6,WI,,2017,approved,loss,no_bill_id,Village of Mount Pleasant / Racine County (TID 5 — $911M Foxconn TIF),2017-09-01
opp_411c5b6fe16b,WI,,2018,approved,loss,no_bill_id,Wisconsin DNR (Racine 7M gpd Lake Michigan diversion under Great Lakes Compact),2018-04-25
opp_0605c91a0204,WI,SB 729,2025,defeated,loss,ready,Wisconsin Legislature (SB 729 Data Center Accountability Bill),2025-11-01
opp_819b2c9db878,WI,,2025,approved,loss,no_bill_id,Wisconsin Public Service Commission (We Energies Oak Creek + Paris RICE gas plants),2025-05-22
opp_7ded2f7a4f26,US,,2026,active,pending,federal_skip,US House (Rep. McIver — AI Data Center Site Selection Transparency Act),2026-04-23
opp_2e89eaee6b4d,US,,2026,approved,loss,federal_skip,US Bureau of Land Management (Las Cruces District — Green Chile natural gas pipeline ROW for Project Jupiter),2026-05-06
opp_afd0ea9d4fa1,US,,2026,active,pending,federal_skip,"US Commerce Department / NIST Center for AI Standards and Innovation (CAISI testing agreements with Google DeepMind, Mic",2026-05-05
opp_cd04a0ac0fbd,US,,2026,active,pending,federal_skip,NERC (FERC-supervised — Level 2/3 Alert acknowledgment deadline on data-center large-load instability),2026-05-11
opp_33b3140b608d,OH,,2026,published,pending,no_bill_id,Save Ohio Parks (statewide advocacy),2026-05-11
opp_2170f2d763c8,IL,SB 4016; SB 4004,2026,active,loss,ready,"Illinois General Assembly (POWER Act SB 4016, Sen. Rose SB 4004 Mahomet Aquifer moratorium, Pritzker tax-credit pause)",2026-05-01
opp_e684e713760f,WI,,2026,approved,mixed,no_bill_id,"Wisconsin Public Service Commission (Alliant/Meta Beaver Dam contract approval), WI",2026-05-07
opp_16c0e293bed4,MO,,2026,hearing,loss,no_bill_id,Missouri Legislature (data center hearings on risks/rewards and energy demand),2026-05-07
opp_3241a3a8bb9f,KS,,2026,active,pending,no_bill_id,"Douglas County Commissioners (text-amendment de facto pause), KS",2026-05-06
opp_e6930ea5c7bc,ND,,2026,active,pending,no_bill_id,North Dakota (data center governance debate; Oliver County moratorium repeal May 1),2026-05-11
opp_8992c2971b39,AZ,,2026,enforced,win,no_bill_id,"City of Tucson (water meter revocation for Project Blue contractor), AZ",2026-05-04
opp_d9eaf5d58d8e,CO,HB 26; SB 26,2026,defeated,mixed,ready,Colorado General Assembly (HB26-1030 + SB26-102 both died in committee),2026-05-11
opp_4d1e1b26f170,OK,HB 2992,2026,passed,win,ready,Oklahoma Legislature (HB 2992 Data Center Consumer Ratepayer Protection Act),2026-05-05
opp_1f9faef9a21f,OR,HB 4084,2026,filed,pending,ready,"Hillsboro City Council (Councilor Sinclair emergency session on Enterprise Zone tax breaks), OR",2026-05-11
opp_772fd89b0cfe,WY,,2026,hearing,pending,no_bill_id,"Wyoming Legislature Select Water Committee (data-center water testimony from Microsoft, Prometheus Hyperscale)",2026-05-08
opp_670522902215,TX,,2026,active,pending,no_bill_id,Texas (Republican shift on data center regulation — Rep. David Cook commits 2027 county-authority legislation),2026-05-07
opp_10baac12ec9b,VA,,2026,cancelled,win,no_bill_id,Virginia Supreme Court (QTS petition on PW Digital Gateway after VA Court of Appeals voided rezoning),2026-07-03
opp_34e6d8d18a56,NC,HB 7971,2026,filed,pending,ready,"NC General Assembly (HB 7971 Ratepayer and Resource Protection Act, Rep. Prather D-Buncombe)",2026-05-08
opp_e6adaa4bfe6b,GA,,2026,decided,mixed,no_bill_id,Georgia Public Service Commission (Docket 56765 / FCR-27 fuel-cost hearings; data-center cost allocation pressed),2026-05-05
opp_7edb108ded93,GA,,2026,active,mixed,no_bill_id,"Fayette County, GA — QTS Fayetteville (Microsoft Fairwater Atlanta campus) 29M-gallon unmetered water disclosure",2026-07-16
opp_99a4c552d75f,FL,SB 484,2026,signed,win,ready,Governor of Florida (signed SB 484 hyperscale data center law at Florida Polytechnic University),2026-05-07
opp_f863ea20d366,MS,,2026,active,loss,no_bill_id,Mississippi DEQ disclosure / Mississippi Today reporting on xAI's 46 'temporary-mobile' gas turbines without air permits,2026-05-11
opp_533feef1b37b,KY,,2026,organizing,pending,no_bill_id,Kentucky (Erin Petrey-led non-partisan effort to file statewide moratorium in 2027 General Assembly),2026-05-11
opp_3e8c44dc1dc7,WV,,2026,active,pending,no_bill_id,Mingo / Tucker / Berkeley counties (data centers as 2026 election issue; WV legislature blocked local-control proposals),2026-05-03
opp_c635a320c848,MD,,2026,pending,pending,no_bill_id,Maryland Office of People's Counsel (FERC complaint over PJM transmission cost allocation for data centers — $1.6B shift,2026-06-17
opp_98c042718a1b,PA,,2026,passed,pending,no_bill_id,Pennsylvania Public Utility Commission (large-load customer model tariff advanced for public comment),2026-05-04
opp_3733ca92bd5a,CT,,2026,defeated,mixed,no_bill_id,Connecticut General Assembly (S.B. 245 + H.B. 5469 fail to advance at session adjournment),2026-05-06
opp_d2ae4f9be784,MA,,2026,defeated,loss,no_bill_id,Massachusetts House (rejects Rep. Pease budget amendment for data center impact study commission),2026-05-07
opp_7631455de495,US,,2026,proposed,pending,federal_skip,US EPA (proposed redefinition of 'begin actual construction' under the Clean Air Act),2026-05-11
opp_bfc17e3f5e80,AZ,,2026,hearing,pending,no_bill_id,"Arizona Corporation Commission (APS rate case — proposed data center customer class + ~45% DC increase), AZ",2026-05-18
opp_2d4294a8e865,SC,,2026,pending,pending,no_bill_id,South Carolina (Rep. Nancy Mace calls for statewide 1-year data center moratorium),2026-07-10
opp_c7e3a124dc06,TN,,2026,active,pending,no_bill_id,Memphis TN / Southaven MS (xAI discloses $2.8B more turbine purchases amid lawsuit),2026-05-20
opp_c3968d4e227e,MD,HB 1532,2026,signed,win,ready,Governor of Maryland (signed Utility RELIEF Act / HB 1532),2026-05-12
opp_adff2ad2a522,NJ,,2026,filed,loss,no_bill_id,New Jersey (60+ groups petition Gov. Sherrill for statewide data center moratorium >=20 MW),2026-05-14
opp_0e952ed34143,NJ,,2026,proposed,pending,no_bill_id,"New Jersey (Democratic legislators announce AI data-center tax-credit repeal; Kenilworth CoreWeave protest), NJ",2026-05-20
opp_11c80b6abe68,NY,S 9144; A 10141,2026,filed,pending,ready,New York State (S.9144A/A.10141 statewide moratorium bill amended; Albany rally & lobby day),2026-05-13
opp_0c0fad23639e,US,,2026,introduced,pending,federal_skip,US Senate (Sen. Adam Schiff — Energy Cost Fairness and Reliability Act),2026-05-18
opp_961c5e78d732,US,,2026,introduced,pending,federal_skip,US Senate (Sens. Hawley R-MO & Blumenthal D-CT — GRID Act: Guaranteeing Rate Insulation from Data Centers),2026-02-11
opp_05b569208bd2,NC,SB 730,2026,pending,mixed,ready,North Carolina General Assembly (SB 730 — closed-loop water + foreign-ownership ban for data centers),2026-06-08
opp_4805f92d0a52,SD,SB 135,2026,signed,win,ready,South Dakota Legislature (SB 135 — bars state from limiting local authority to regulate/ban data centers),2026-03-25
opp_f99782ffa856,OH,,2026,defeated,loss,no_bill_id,Ohio (statewide constitutional amendment initiative to ban data centers >25 MW),2026-06-19
opp_de333026ebdf,WV,HB 2014,2026,interim-committee-discussion,loss,ready,West Virginia Legislature (bill affirming state control / limiting local authority over data centers),2026-05-18
opp_250587e1a139,TX,,2026,proposed,pending,no_bill_id,Texas (Agriculture Commissioner Sid Miller calls for statewide data center moratorium),2026-06-11
opp_dfadf5f4290b,ND,,2026,proposed,loss,no_bill_id,North Dakota (PSC Republican primary candidate Chris Olson calls for statewide data center moratorium),2026-05-19
opp_f79dbe9416d8,OK,,2026,recommended,loss,no_bill_id,Pittsburg County,2026-05-14
opp_03cd61627883,MS,,2026,pending,pending,no_bill_id,Ridgeland,2026-05-15
opp_2ddda6d062ea,US,,2026,pending,loss,federal_skip,US EPA (Clean Air Act NSR 'Begin Actual Construction' proposed rule),2026-06-29
opp_a3bd7122ffae,OH,,2026,delayed,pending,no_bill_id,Ohio (bipartisan Joint Legislative Data Center Committee begins hearings),2026-06-04
opp_d7caf56c0480,AZ,,2026,wells approved,loss,no_bill_id,"Pima County / Tucson (ADWR approves wells for Project Blue after city water denial), AZ",2026-05-28
opp_1a6c9ad960c4,NV,,2026,passed,win,no_bill_id,"Nye County (Pahrump Valley — Water District board urges data center moratorium), NV",2026-06-02
opp_686442da11bb,NJ,,2026,plan unveiled,mixed,no_bill_id,New Jersey (Gov. Sherrill unveils statewide data center plan; no moratorium),2026-05-27
opp_e50db9370773,NY,,2026,pending,pending,no_bill_id,"New York (Legislature passes first-in-nation statewide data center moratorium; awaits Gov. Hochul), NY",2026-06-22
opp_84436e34796f,OH,,2026,active,win,no_bill_id,"Ohio (Gov. DeWine pauses new data center sales-tax exemptions), OH",2026-05-27
opp_dda49d900cc9,UT,,2026,active,mixed,no_bill_id,"Utah (Gov. Cox executive order — five-agency review for large data centers), UT",2026-05-29
opp_95afb2e4574f,UT,,2026,active,pending,no_bill_id,"Utah (legislative interim committee votes to study data-center impacts), UT",2026-05-20
opp_67f8fdb1f5e9,UT,,2026,cancelled,win,no_bill_id,"Box Elder County (Great Salt Lake water-rights applications for Stratos withdrawn after mass protests), UT",2026-05-28
opp_05903787899f,WY,,2026,active,mixed,no_bill_id,Wyoming statewide (Gov. Gordon executive order on data center framework),2026-06-03
opp_a42ef19a41d5,CA,,2026,defeated,win,no_bill_id,"Imperial Irrigation District (voters reject data-center-backed board candidate), CA",2026-06-02
opp_a11f617b70a6,AZ,,2026,passed,mixed,no_bill_id,"Arizona statewide (3-year pause on new data center tax exemptions, signed in FY budget)",2026-06-15
opp_83e95ccfccda,US,,2026,pending,pending,federal_skip,U.S. Senate (Sen. Lummis POWER Up Act — FERC authority over data center grid connections),2026-06-17
opp_ac272033882d,UT,,2026,passed,pending,no_bill_id,"Tooele County (Resolution 2026-18 directing data center ordinance study), UT",2026-06-17
opp_96c238e4150e,US,,2026,passed,pending,federal_skip,"U.S. House Energy and Commerce Committee, Energy Subcommittee (data center / grid bill package incl. Ratepayer Protectio",2026-06-24
opp_5e795997bf7a,VA,,2026,active,pending,no_bill_id,"Virginia (statewide — Sen. Louise Lucas 'Data Center Listening Tour', Manassas & Chesterfield stops)",2026-06-15
opp_1e86f024b0b3,MI,,2026,pending,pending,no_bill_id,Michigan (statewide — Senate Democrats data center package),2026-06-18
opp_d3d625614fc3,OK,,2026,active,pending,no_bill_id,"Oklahoma (Sand Springs, Claremore, Coweta, Luther, Yukon, Stillwater)",2026-06-17
opp_3daa14b1e9a6,MD,,2026,pending,pending,no_bill_id,Maryland General Assembly (80 state lawmakers file support for OPC's FERC complaint on PJM data-center transmission cost,2026-06-17
opp_c2157b4a4f14,US,,2026,pending,pending,federal_skip,"U.S. House of Representatives (AI Data Center Moratorium Act, House companion H.R.9442)",2026-06-24
opp_9fd595e77727,IN,,2026,pending,pending,no_bill_id,Indianapolis Metropolitan Development Commission (data center development standards recommendation),2026-07-01
opp_d1058e1c8a3c,MI,HB 5396; SB 1018; HB 5594,2026,pending,pending,ready,Michigan State Capitol ('People Over Data Centers' rally + HB 5396-5398 tax exemption repeal),2026-06-23
opp_372c839d972f,VA,,2026,pending,pending,no_bill_id,Prince William County (data center decommissioning policy framework),2026-06-23
opp_c4f2eb0dce68,VA,,2026,approved,loss,no_bill_id,Virginia State Corporation Commission (Dominion Golden-to-Mars transmission line route),2026-06-29
opp_6a0f475f6528,VA,HB 507,2026,active,win,ready,Commonwealth of Virginia (data center electricity consumption tax + Tier IV generator permit rule take effect),2026-07-01
opp_745df7bac97f,GA,,2026,active,pending,no_bill_id,Georgia Public Service Commission (fuel-cost investigation into data center ratepayer subsidies),2026-07-08
opp_ecf361d912ce,GA,,2026,active,win,no_bill_id,Covington (Georgia EPD halts unpermitted gas plant serving Serverfarm),2026-07-03
opp_9b95b2e4ce2e,NC,,2026,pending,pending,no_bill_id,North Carolina Utilities Commission (Duke Energy large-load data center tariff rate case),2026-07-07
opp_8cff4313e1f9,FL,SB 484,2026,passed,win,ready,State of Florida (SB 484 data center ratepayer/zoning/water protections),2026-07-01
opp_dcb73fe1722c,NY,,2026,pending,pending,no_bill_id,Town of Massena (NYDIG data center zoning question referred to Zoning Board of Appeals),2026-06-29
opp_6f4f6d13b784,NJ,S 731; A 796,2026,passed,win,ready,State of New Jersey (S731/A796 'Data Center Fair Share Act' signed),2026-07-07
opp_59b45da5fc73,NJ,S 4390; A 5165; S 731; A 796; S 1673; A 2757; S 4411,2026,passed,win,ready,New Jersey General Assembly (S4390/A5165 AI/data center tax credit clawback),2026-06-30
opp_f386553b7dac,MD,,2026,active,win,no_bill_id,Frederick County (executive order pauses new Critical Digital Infrastructure applications),2026-07-01
opp_323cf409c293,DE,SB 326; HB 233; HB 445,2026,pending,pending,ready,"State of Delaware (SB 326, HB 233, HB 445 -- data center energy/ratepayer bills)",2026-07-01
opp_90f7323c02de,US,,2026,active,loss,federal_skip,U.S. Environmental Protection Agency,2026-07-27
opp_96d02c16dd33,US,,2026,pending,pending,federal_skip,U.S. House of Representatives,2026-07-13
opp_ba716565df1a,TX,,2026,pending,mixed,no_bill_id,Taylor County (Abilene / Crusoe Stargate turbine permitting),2026-07-09
opp_713ea7aa6141,CA,,2026,pending,pending,no_bill_id,Kern County (Inyokern),2026-07-08
opp_b16f513061a9,MT,,2026,pending,pending,no_bill_id,Yellowstone County (legal challenge to citizen initiative),2026-07-07
opp_348df981f934,WY,,2026,active,mixed,no_bill_id,Cheyenne (water contamination / discharge ban tied to Meta contractor),2026-07-02
opp_aaf045cd353c,VA,,2026,active,pending,no_bill_id,Virginia State Capitol (statewide rally for a data center approval halt),2026-07-11
opp_2a8899c85cab,SC,,2026,pending,pending,no_bill_id,Spartanburg County (Valara Holdings $2.8B data center lawsuit),2026-07-13
opp_ba67bec0f3c1,NY,S 10642; A 11560,2026,active,mixed,ready,State of New York (Executive Order),2026-07-14
opp_c228fc0031e4,PA,SB 1345,2026,pending,pending,ready,Pennsylvania Senate Rules & Executive Nominations Committee (SB 1345),2026-07-13
opp_4093428c81ea,VA,,2026,pending,pending,no_bill_id,Virginia State Corporation Commission (Dominion Rider T-1),2026-07-14
opp_bc81aab4b733,US,,2026,pending,pending,federal_skip,Federal Energy Regulatory Commission,2026-07-16
opp_28293f1b976c,US,,2026,"pending - discussion draft, no bill number assigned",pending,federal_skip,U.S. Senate,2026-07-13
opp_41c05858ec53,US,,2026,active,pending,federal_skip,U.S. Senate Committee on Energy and Natural Resources,2026-07-22
opp_9c9b7f67c369,PA,,2026,pending,mixed,no_bill_id,Falls Township (Bucks County),2026-07-27
opp_27b3aed42d96,OH,,2026,pending,pending,no_bill_id,State of Ohio,2026-07-27
opp_3627a9dfe4fb,NE,LB 1111,2026,active,mixed,ready,State of Nebraska,2026-07-20
opp_82c41de628ab,NV,,2026,pending,pending,no_bill_id,State of Nevada,2026-07-28
opp_754f9c426fe2,VA,,2026,active,pending,no_bill_id,State of Virginia,2026-07-28
opp_793cafebea14,MO,,2026,pending,,no_bill_id,"Missouri lawmakers commit to AI legislation , release framework for communities evaluating data centers",2026-08-12
opp_bc4afd180b6c,WI,,2026,pending,,no_bill_id,"Primary election results for Wisconsin governor , Fox Cities legislative races",2026-08-12
opp_a04ca0d4d48b,AR,,2026,pending,,no_bill_id,"Congresswoman Ashley Hinson discusses health care bill , data centers",2026-08-10
opp_e6e96e21c026,,,2026,pending,,no_state,Vermonters deserve honesty about the failure of the data center bill,2026-08-12
opp_b4ae94f72a8c,,,2026,pending,,no_state,A new federal  Data Center Bill of Right took lessons from Philly suburbs and Western Pa . fracking country – The Mornin,2026-08-11
opp_bab2608ccc6f,,,2026,pending,,no_state,GNR Sunday 8 / 9 ☀️ Good News Roundup ☀️ 9 Pips from Bill and 56 from Jess ☀️ Tech Talk for Commenters and Authors,2026-08-09
opp_f0e0ed5a9db5,,,2026,pending,,no_state,"State , local leaders react to proposed data center legislation",2026-08-08
opp_c9180fb0403c,,,2026,pending,,no_state,August 2026 : Inside the Greenhouse | Friends Committee On National Legislation,2026-08-14
opp_fe1004f7317d,,,2026,pending,,no_state,Rep . Ro Khanna calls for  Data Center Bill of Right and says the industry needs regulation,2026-08-16
opp_621aa44cd94c,,,2026,pending,,no_state,"Texans , legislators debate transmission lines at hearing",2026-08-20
opp_e1abc2fa3858,KS,,2026,pending,,no_bill_id,Rep . Josh Riley introduces bill to help utility bills costs amidst data center moratorium,2026-08-20
opp_678ff4cd095b,,,2026,pending,,no_state,Bill McKibben Explores The AI Dystopia,2026-08-22
opp_15176310f5da,,,2026,pending,,no_state,Port : Bipartisan legislation emerges to address nondisclosure agreements signed by public officials,2026-08-20
opp_968b9472eff5,OH,,2026,pending,,no_bill_id,AEP Ohio and data center companies announce additional bill assistance funding,2026-08-22
opp_3b03af741827,,,2026,pending,,no_state,"Our opinion : With data centers , Legislature needs to start discussions sooner than later",2026-08-22
opp_3b03af741827,,,2026,pending,,no_state,"Our opinion : With data centers , Legislature needs to start discussions sooner than later",2026-08-22
opp_030aed3ca9cc,,,2026,pending,,no_state,One monthly bill Americans cant avoid is quietly surging thanks to emerging industry,2026-08-21
