opp_id,state,identifier,lookup_status,candidates,session,title,stage,stage_date,stage_evidence,correct_outcome,latest_action_date,openstates_url,incident,date
opp_1e51e4931d42,CT,SB 245,ambiguous_session,10,2026,AN ACT ELIMINATING CERTAIN TAX INCENTIVES FOR DATA CENTERS.,Passed committee only,2026-03-17,committee-passage: Joint Favorable Change of Reference FIN,Pending,2026-03-23,https://openstates.org/ct/bills/2026/SB245/,Connecticut (statewide),2026-02-04
opp_de1ee11155ca,ND,HB 1579,matched,1,69,AN ACT to provide for a legislative management study relating to the impact of large energy consumers on the state's electrical grid.,Signed into law,2025-04-29,executive-signature: Signed by Governor 04/28,Approved,2025-04-30,https://openstates.org/nd/bills/69/HB1579/,North Dakota (HB 1579),2025-01-01
opp_2f1153a6f830,NC,HB 1002,matched,20,2025,Rate Payer Protection Act.,Introduced,2025-04-14,"introduction: Ref To Com On Rules, Calendar, and Operations of the House",Pending,2025-04-14,https://openstates.org/nc/bills/2025/HB1002/,North Carolina (statewide HB 1002),2026-02-01
opp_5d1c237068fa,WV,HB 5590,matched,2,2026,Create a limited and predictable water-quantity review framework for High Impact Data Centers (HIDCs) in West Virginia.,Introduced,2026-02-16,introduction: Filed for introduction,Pending,2026-02-16,https://openstates.org/wv/bills/2026/HB5590/,West Virginia (statewide),2026-01-01
opp_5d1c237068fa,WV,HB 5620,matched,2,2026,To restore local control in the decision making process in regard to data centers,Introduced,2026-02-16,introduction: Filed for introduction,Pending,2026-02-16,https://openstates.org/wv/bills/2026/HB5620/,West Virginia (statewide),2026-01-01
opp_5d1c237068fa,WV,HB 4983,matched,2,2026,Authorizing the Department of Commerce to promulgate a legislative rule relating to certification of a microgrid district or certification as a high impact data,Signed into law,2026-03-30,executive-signature: Approved by Governor 3/27/2026,Approved,2026-06-29,https://openstates.org/wv/bills/2026/HB4983/,West Virginia (statewide),2026-01-01
opp_5d1c237068fa,WV,HB 2014,matched,4,2025,Certified Microgrid Program,Signed into law,2025-04-12,executive-signature: Approved by Governor 4/30/2025 - Senate Journal,Approved,2025-07-30,https://openstates.org/wv/bills/2025/HB2014/,West Virginia (statewide),2026-01-01
opp_2b8c76fed856,OR,HB 3546,matched,2,2025R1,Relating to large energy use facilities; and declaring an emergency.,Signed into law,2025-06-16,executive-signature: Governor signed.,Approved,2025-07-07,https://openstates.org/or/bills/2025R1/HB3546/,Oregon (statewide),2025-06-05
opp_f7640b49cd6b,MN,HF 16,ambiguous_session,16,2025-2026,"Immigration law enforcement noncooperation ordinances and policies prohibited, use of immigration-related data provided, and county attorneys required to notify",Passed committee only,2025-03-13,"committee-passage: Committee report, to adopt and re-refer to Elections Finance and Government Operations",Pending,2026-03-16,https://openstates.org/mn/bills/2025-2026/HF16/,Minnesota (HF 16),2025-06-14
opp_7bd467275f0e,TX,SB 6,ambiguous_session,14,891,"Relating to abortion, including civil liability for the manufacture and provision of abortion-inducing drugs, exemptions from the Texas Citizens Participation A",Passed one chamber,2025-08-12,passage in upper,Pending,2025-08-12,https://openstates.org/tx/bills/891/SB6/,Texas (statewide SB 6),2025-06-20
opp_ec76fb0ac2f1,DE,HB 233,http_429,0,,,,,,,,,Delaware (statewide),2025-09-29
opp_bbaf2eee64a2,CA,SB 57,http_429,0,,,,,,,,,California (SB 57),2025-10-11
opp_e68cad835453,NJ,A 5462,http_429,0,,,,,,,,,New Jersey (A5462 Conditional Veto),2026-01-21
opp_e68cad835453,NJ,S 731,http_429,0,,,,,,,,,New Jersey (A5462 Conditional Veto),2026-01-21
opp_e68cad835453,NJ,A 796,http_429,0,,,,,,,,,New Jersey (A5462 Conditional Veto),2026-01-21
opp_b670d873b817,AK,HB 259,http_429,0,,,,,,,,,Alaska (statewide),2026-01-01
opp_b670d873b817,AK,SB 250,http_429,0,,,,,,,,,Alaska (statewide),2026-01-01
opp_42b15cf3e0c3,KS,SB 526,http_429,0,,,,,,,,,Kansas (statewide),2026-03-04
opp_42b15cf3e0c3,KS,SB 98,http_429,0,,,,,,,,,Kansas (statewide),2026-03-04
opp_65677bb0b311,GA,SB 436,http_429,0,,,,,,,,,Georgia (statewide),2026-02-09
opp_65677bb0b311,GA,SB 410,http_429,0,,,,,,,,,Georgia (statewide),2026-02-09
opp_65677bb0b311,GA,HB 1063,http_429,0,,,,,,,,,Georgia (statewide),2026-02-09
opp_e132fa0f497a,MD,HB 1532,http_429,0,,,,,,,,,Maryland (statewide),2026-04-15
opp_e132fa0f497a,MD,SB 596,http_429,0,,,,,,,,,Maryland (statewide),2026-04-15
opp_a22d34ea887a,VA,SB 253,http_429,0,,,,,,,,,Virginia (statewide),2026-04-16
opp_a22d34ea887a,VA,HB 1393,http_429,0,,,,,,,,,Virginia (statewide),2026-04-16
opp_4954abc08ca0,OK,HB 299,http_429,0,,,,,,,,,Oklahoma (statewide),2026-03-01
opp_f885917b8d19,WA,SB 6231,http_429,0,,,,,,,,,Washington (SB 6231),2026-01-01
opp_8ac39cf790db,MD,HB 560,http_429,0,,,,,,,,,Maryland (HB 560),2026-01-01
opp_548024876132,VA,SB 619,http_429,0,,,,,,,,,Virginia (SB 619 / HB 155),2026-01-01
opp_548024876132,VA,HB 155,http_429,0,,,,,,,,,Virginia (SB 619 / HB 155),2026-01-01
opp_968f4eba3c4e,CA,AB 1577,http_429,0,,,,,,,,,California (AB 1577),2026-01-12
opp_3a101d4c333b,CA,AB 222,http_429,0,,,,,,,,,California (statewide),2025-01-15
opp_3dc49c9a8133,SC,HB 4583,http_429,0,,,,,,,,,South Carolina (HB 4583),2026-01-13
opp_05dd8f8b80d3,MD,HB 120,http_429,0,,,,,,,,,Maryland (statewide HB 120),2026-01-14
opp_72caa70f9964,NM,SB 235,http_429,0,,,,,,,,,New Mexico (statewide),2026-01-14
opp_5f5df06bfaaf,UT,HB 76,http_429,0,,,,,,,,,Utah (statewide),2026-01-15
opp_068678987d3f,NE,LB 1111,http_429,0,,,,,,,,,Nebraska (statewide),2026-01-16
opp_2509e4a89095,GA,HB 1012,matched,7,2025_26,Local government; construction or development of  new data centers for a specified time; prohibit,Introduced,2026-01-16,introduction: House Hopper,Pending,2026-01-28,https://openstates.org/ga/bills/2025_26/HB1012/,Georgia (statewide HB 1012),2026-01-16
opp_2509e4a89095,GA,HB 1059,matched,7,2025_26,Data Center Impact Assessment and Development Moratorium Act of 2026; enact,Introduced,2026-01-28,introduction: House Hopper,Pending,2026-02-02,https://openstates.org/ga/bills/2025_26/HB1059/,Georgia (statewide HB 1012),2026-01-16
opp_a7892e08eaeb,SD,SB 135,ambiguous_session,9,2026,protect residents from increased utility costs and utility shortages caused by data centers and clarify authority to regulate data centers.,Signed into law,2026-03-30,executive-signature: Signed by the Governor on 2026-03-30 S.J. 549,Approved,2026-03-30,https://openstates.org/sd/bills/2026/SB135/,South Dakota (statewide),2026-03-24
opp_a7892e08eaeb,SD,HB 1038,ambiguous_session,9,2026,allow the Public Utilities Commission to assess actual costs to data centers that are customers of public utilities.,Signed into law,2026-03-30,executive-signature: Signed by the Governor on 2026-03-30 H.J. 579,Approved,2026-03-30,https://openstates.org/sd/bills/2026/HB1038/,South Dakota (statewide),2026-03-24
opp_d6c554af93b0,IN,HB 1333,ambiguous_session,10,2026,Land use and development.,Failed floor vote,2026-01-29,"failure: Amendment #1 (Pryor) failed; Roll Call 157: yeas 24, nays 65",Blocked,2026-02-05,https://openstates.org/in/bills/2026/HB1333/,Indiana (statewide),2026-01-27
opp_b0c2e1b40d11,VA,HB 1515,ambiguous_session,7,2027,Local approval of data centers; temporary moratorium.,Introduced,2026-01-23,introduction: Presented and ordered printed 26105789D,Pending,2026-07-21,https://openstates.org/va/bills/2027/HB1515/,Virginia (statewide HB 1515 moratorium),2026-02-01
opp_423d4766b0e9,TN,SB 2128,matched,5,114,"Computers and Electronic Processing - As enacted, generally prohibits a municipality or electric utility to pay or absorb the cost of electrical infrastructure ",Introduced,2026-01-22,introduction: Filed for introduction,Pending,2026-05-18,https://openstates.org/tn/bills/114/SB2128/,Tennessee (statewide),2026-02-01
opp_423d4766b0e9,TN,SB 2653,matched,5,114,"Business and Commerce - As introduced, creates the ""Tennessee Data Center Impact Review Act."" - Amends TCA Title 5; Title 6; Title 7; Title 10; Title 62; Title ",Introduced,2026-02-02,"introduction: Introduced, Passed on First Consideration",Pending,2026-04-07,https://openstates.org/tn/bills/114/SB2653/,Tennessee (statewide),2026-02-01
opp_423d4766b0e9,TN,SB 1999,matched,5,114,"Energy - As introduced, enacts the ""Data Center, Artificial Intelligence, and Clean Transition Tariff Accountability Act."" - Amends TCA Title 7 and Title 65.",Introduced,2026-01-22,introduction: Filed for introduction,Pending,2026-03-10,https://openstates.org/tn/bills/114/SB1999/,Tennessee (statewide),2026-02-01
opp_423d4766b0e9,TN,SB 2584,matched,5,114,"Taxes, Sales - As introduced, authorizes a qualified data center that applies for job tax credits to certify electronically that it has not, within the previous",Introduced,2026-02-02,"introduction: Introduced, Passed on First Consideration",Pending,2026-04-20,https://openstates.org/tn/bills/114/SB2584/,Tennessee (statewide),2026-02-01
opp_423d4766b0e9,TN,HB 2047,http_429,0,,,,,,,,,Tennessee (statewide),2026-02-01
opp_32a96eb7865e,AZ,HB 2756,http_429,0,,,,,,,,,Arizona (statewide HB 2756),2026-02-01
opp_32a96eb7865e,AZ,HB 2795,http_429,0,,,,,,,,,Arizona (statewide HB 2756),2026-02-01
opp_32a96eb7865e,AZ,HB 2452,http_429,0,,,,,,,,,Arizona (statewide HB 2756),2026-02-01
opp_32a96eb7865e,AZ,HB 4009,http_429,0,,,,,,,,,Arizona (statewide HB 2756),2026-02-01
opp_32a96eb7865e,AZ,HB 2457,http_429,0,,,,,,,,,Arizona (statewide HB 2756),2026-02-01
opp_6244df945467,KY,HB 544,http_429,0,,,,,,,,,Kentucky (statewide),2026-02-01
opp_6244df945467,KY,SB 197,http_429,0,,,,,,,,,Kentucky (statewide),2026-02-01
opp_bfd506616d8c,IL,SB 4004,http_429,0,,,,,,,,,Illinois (SB 4004),2026-02-01
opp_1763a86c026b,SD,SB 232,http_429,0,,,,,,,,,South Dakota (SB 232),2026-02-18
opp_1763a86c026b,SD,SB 135,ambiguous_session,9,2026,protect residents from increased utility costs and utility shortages caused by data centers and clarify authority to regulate data centers.,Signed into law,2026-03-30,executive-signature: Signed by the Governor on 2026-03-30 S.J. 549,Approved,2026-03-30,https://openstates.org/sd/bills/2026/SB135/,South Dakota (SB 232),2026-02-18
opp_f5dab8062f21,AL,SB 270,http_429,0,,,,,,,,,Alabama (statewide SB 270),2026-02-05
opp_0e3b862642cd,NY,S 9144,http_429,0,,,,,,,,,New York State,2026-02-06
opp_0e3b862642cd,NY,A 10141,http_429,0,,,,,,,,,New York State,2026-02-06
opp_4cf11bae103b,ID,HB 609,http_429,0,,,,,,,,,Idaho (statewide),2026-02-09
opp_4cf11bae103b,ID,HB 756,http_429,0,,,,,,,,,Idaho (statewide),2026-02-09
opp_585738332a95,VA,SB 253,http_429,0,,,,,,,,,Virginia (statewide SB 253 rate shift),2026-02-10
opp_1ea05e5b34c9,WA,HB 2515,http_429,0,,,,,,,,,Washington (statewide),2026-02-11
opp_1ea05e5b34c9,WA,SB 5982,http_429,0,,,,,,,,,Washington (statewide),2026-02-11
opp_af594b40ea68,NH,HB 1265,http_429,0,,,,,,,,,New Hampshire (statewide),2026-02-11
opp_f8021bc23d73,ME,LD 307,http_429,0,,,,,,,,,Maine (statewide),2026-04-24
opp_39e08a527448,CO,SB 26,http_429,0,,,,,,,,,Colorado (statewide),2026-02-12
opp_39e08a527448,CO,HB 26,http_429,0,,,,,,,,,Colorado (statewide),2026-02-12
opp_71bcf73ea023,WI,SB 1061,http_429,0,,,,,,,,,Wisconsin (statewide moratorium bill),2026-02-12
opp_71bcf73ea023,WI,AB 1099,http_429,0,,,,,,,,,Wisconsin (statewide moratorium bill),2026-02-12
opp_4f824b8f6f0f,KY,HB 593,http_429,0,,,,,,,,,Kentucky (statewide HB 593),2026-02-12
opp_4f824b8f6f0f,KY,HB 544,http_429,0,,,,,,,,,Kentucky (statewide HB 593),2026-02-12
opp_23023943734f,OH,HB 706,matched,5,136,Impose certain minimum requirements on data center customers,Introduced,2026-02-17,introduction: Introduced,Pending,2026-02-25,https://openstates.org/oh/bills/136/HB706/,Ohio (statewide),2026-02-17
opp_81019607ff66,OR,SB 1586,matched,3,2026R1,Relating to economic development; prescribing an effective date.,Introduced,2026-02-02,introduction: Introduction and first reading. Referred to President's desk.,Pending,2026-03-07,https://openstates.org/or/bills/2026R1/SB1586/,Hillsboro (SB 1586),2026-02-17
opp_cc77c8b45ade,IA,HF 2447,matched,5,2025-2026,"A bill for an act relating to water and energy use for data centers, including reporting and tariff requirements, and including effective date provisions.",Passed committee only,2026-02-17,committee-passage: Subcommittee recommends passage.,Pending,2026-02-23,https://openstates.org/ia/bills/2025-2026/HF2447/,Iowa (statewide),2026-02-19
opp_7146943d67ee,OH,SR 37,matched,5,136,Honoring The Ohio State University spirit team on securing a 2025 UCA & UDA College Cheerleading and Dance Team National crown.,Passed one chamber,2025-02-14,passage in upper,Pending,2025-02-14,https://openstates.org/oh/bills/136/SR37/,Sunbury,2026-04-15
opp_7146943d67ee,OH,HB 646,network_error:The read operation timed out,0,,,,,,,,,Sunbury,2026-04-15
opp_2b5062d71994,SD,SB 232,matched,1,2026,impose a one-year moratorium on the construction or expansion of hyperscale data centers.,Introduced,2026-02-05,introduction: Referred to Senate State Affairs S.J. 199,Pending,2026-02-18,https://openstates.org/sd/bills/2026/SB232/,South Dakota (moratorium/incentive defeat),2026-02-24
opp_2b5062d71994,SD,HB 1005,ambiguous_session,9,2026,provide a sales and use tax exemption for goods and services related to data center operations.,Introduced,2026-01-13,introduction: First read in House and referred to House State Affairs H.J. 15,Pending,2026-02-04,https://openstates.org/sd/bills/2026/HB1005/,South Dakota (moratorium/incentive defeat),2026-02-24
opp_2b5062d71994,SD,SB 135,ambiguous_session,9,2026,protect residents from increased utility costs and utility shortages caused by data centers and clarify authority to regulate data centers.,Signed into law,2026-03-30,executive-signature: Signed by the Governor on 2026-03-30 S.J. 549,Approved,2026-03-30,https://openstates.org/sd/bills/2026/SB135/,South Dakota (moratorium/incentive defeat),2026-02-24
opp_c4d2b92dc5bc,IN,HB 1245,ambiguous_session,10,2026,IURC study of data centers.,Introduced,2026-01-05,"introduction: First reading: referred to Committee on Utilities, Energy and Telecommunications",Pending,2026-01-05,https://openstates.org/in/bills/2026/HB1245/,Indiana (statewide rally/moratorium push),2026-02-24
opp_021c2c472697,WV,HB 2014,matched,4,2025,Certified Microgrid Program,Signed into law,2025-04-12,executive-signature: Approved by Governor 4/30/2025 - Senate Journal,Approved,2025-07-30,https://openstates.org/wv/bills/2025/HB2014/,Berkeley County,2026-02-26
opp_f92916918afc,MO,HB 3362,matched,1,2026,Creates new provisions for industrial utility users,Introduced,2026-02-19,introduction: Introduced and Read First Time (H),Pending,2026-03-30,https://openstates.org/mo/bills/2026/HB3362/,Missouri (statewide legislation),2026-02-26
opp_f92916918afc,MO,HB 3364,matched,1,2026,Creates new provisions for industrial utility users,Introduced,2026-02-19,introduction: Introduced and Read First Time (H),Pending,2026-03-30,https://openstates.org/mo/bills/2026/HB3364/,Missouri (statewide legislation),2026-02-26
opp_760001b8a3c1,MO,HB 3362,matched,1,2026,Creates new provisions for industrial utility users,Introduced,2026-02-19,introduction: Introduced and Read First Time (H),Pending,2026-03-30,https://openstates.org/mo/bills/2026/HB3362/,Missouri (AI Infrastructure Act),2026-02-26
opp_760001b8a3c1,MO,HB 3364,matched,1,2026,Creates new provisions for industrial utility users,Introduced,2026-02-19,introduction: Introduced and Read First Time (H),Pending,2026-03-30,https://openstates.org/mo/bills/2026/HB3364/,Missouri (AI Infrastructure Act),2026-02-26
opp_18e2c9d1787f,NY,S 9144,matched,4,2025-2026,Imposes a moratorium on data center permit issuance; and relates to data center rate impacts,Introduced,2026-02-06,introduction: REFERRED TO ENVIRONMENTAL CONSERVATION,Pending,2026-05-12,https://openstates.org/ny/bills/2025-2026/S9144/,New York (100+ groups coalition),2026-03-02
opp_18e2c9d1787f,NY,A 10141,matched,5,2025-2026,Imposes a moratorium on data center permit issuance; and relates to data center rate impacts,Introduced,2026-02-09,introduction: REFERRED TO ENVIRONMENTAL CONSERVATION,Pending,2026-05-12,https://openstates.org/ny/bills/2025-2026/A10141/,New York (100+ groups coalition),2026-03-02
opp_1339e55a8716,OR,HB 4084,matched,5,2026R1,Relating to economic development; and prescribing an effective date.,Signed into law,2026-03-31,executive-signature: Governor signed.,Approved,2026-04-06,https://openstates.org/or/bills/2026R1/HB4084/,Oregon (HB 4084 tax break moratorium),2026-06-06
opp_84df29c95d0a,PA,HB 2151,matched,4,2025-2026,"An Act amending Title 53 (Municipalities Generally) of the Pennsylvania
 Consolidated Statutes, providing for data center ordinance
 assistance.",Passed one chamber,2026-04-13,passage in lower,Pending,2026-04-23,https://openstates.org/pa/bills/2025-2026/HB2151/,Pennsylvania (HB 2151),2026-03-02
opp_84df29c95d0a,PA,HB 2150,matched,5,2025-2026,An Act providing for annual reporting of energy consumption and water consumption by data centers; and imposing a penalty.,Passed one chamber,2026-04-13,passage in lower,Pending,2026-04-23,https://openstates.org/pa/bills/2025-2026/HB2150/,Pennsylvania (HB 2151),2026-03-02
opp_2c695ae87ee6,GA,SB 410,matched,7,2025_26,State Sales and Use Taxes; the data center equipment sales and use tax exemption; repeal,Passed one chamber,2026-03-06,passage in upper,Pending,2026-03-10,https://openstates.org/ga/bills/2025_26/SB410/,Georgia (SB 410),2026-03-06
opp_2c695ae87ee6,GA,SB 34,http_429,0,,,,,,,,,Georgia (SB 410),2026-03-06
opp_8a016c3cad14,PA,HB 2150,matched,5,2025-2026,An Act providing for annual reporting of energy consumption and water consumption by data centers; and imposing a penalty.,Passed one chamber,2026-04-13,passage in lower,Pending,2026-04-23,https://openstates.org/pa/bills/2025-2026/HB2150/,Pennsylvania (HB 2150),2026-03-09
opp_8a016c3cad14,PA,HB 2151,matched,4,2025-2026,"An Act amending Title 53 (Municipalities Generally) of the Pennsylvania
 Consolidated Statutes, providing for data center ordinance
 assistance.",Passed one chamber,2026-04-13,passage in lower,Pending,2026-04-23,https://openstates.org/pa/bills/2025-2026/HB2151/,Pennsylvania (HB 2150),2026-03-09
opp_11aa7ff7a27e,NJ,S 3379,http_429,0,,,,,,,,,New Jersey (S3379),2026-02-12
opp_46fdb3396312,MD,HB 1532,http_429,0,,,,,,,,,Baltimore City (Baltimore Peninsula TIF ban),2026-03-01
opp_89cbc3a4a3cd,FL,HB 1007,http_429,0,,,,,,,,,Florida (HB 1007),2026-02-25
opp_706b1cd73daf,AZ,SB 1463,http_429,0,,,,,,,,,Arizona (SB 1463 tax repeal),2026-01-01
opp_d56f07501657,TN,SB 2653,matched,5,114,"Business and Commerce - As introduced, creates the ""Tennessee Data Center Impact Review Act."" - Amends TCA Title 5; Title 6; Title 7; Title 10; Title 62; Title ",Introduced,2026-02-02,"introduction: Introduced, Passed on First Consideration",Pending,2026-04-07,https://openstates.org/tn/bills/114/SB2653/,Tennessee (SB 2653 impact review act),2026-02-02
opp_d56f07501657,TN,HB 2392,http_429,0,,,,,,,,,Tennessee (SB 2653 impact review act),2026-02-02
opp_db6ed2ba989e,WI,AB 840,http_429,0,,,,,,,,,Wisconsin (AB 840 / SB 843 GOP regulation),2026-01-09
opp_db6ed2ba989e,WI,SB 843,http_429,0,,,,,,,,,Wisconsin (AB 840 / SB 843 GOP regulation),2026-01-09
opp_d52b7e08f590,WI,SB 729,http_429,0,,,,,,,,,Wisconsin (SB 729 / AB 722 Dem regulation),2026-01-01
opp_d52b7e08f590,WI,AB 722,http_429,0,,,,,,,,,Wisconsin (SB 729 / AB 722 Dem regulation),2026-01-01
opp_057d2921cf52,IN,HB 1210,http_429,0,,,,,,,,,Indiana (HB 1210 community payments),2026-01-27
opp_4f7ecaba5fff,OH,HB 646,http_429,0,,,,,,,,,Ohio (HB 646 study commission),2026-06-11
opp_cd8aa1ff3a14,FL,SB 484,http_429,0,,,,,,,,,Florida (SB 484 data center regulation),2026-02-26
opp_f6da4fb2ee55,DC,HR 6984,http_429,0,,,,,,,,,Federal (HR 6984 Data Center Transparency Act),2026-01-08
opp_f1351012a32a,GA,HB 559,http_429,0,,,,,,,,,Georgia (HB 559 tax exemption sunset),2026-02-01
opp_f1351012a32a,GA,SB 410,matched,7,2025_26,State Sales and Use Taxes; the data center equipment sales and use tax exemption; repeal,Passed one chamber,2026-03-06,passage in upper,Pending,2026-03-10,https://openstates.org/ga/bills/2025_26/SB410/,Georgia (HB 559 tax exemption sunset),2026-02-01
opp_f1351012a32a,GA,HB 1063,http_429,0,,,,,,,,,Georgia (HB 559 tax exemption sunset),2026-02-01
opp_1e09ccd54e1f,GA,SB 408,http_429,0,,,,,,,,,Georgia (SB 408 tax exemption sunset),2026-02-01
opp_1e09ccd54e1f,GA,SB 410,matched,7,2025_26,State Sales and Use Taxes; the data center equipment sales and use tax exemption; repeal,Passed one chamber,2026-03-06,passage in upper,Pending,2026-03-10,https://openstates.org/ga/bills/2025_26/SB410/,Georgia (SB 408 tax exemption sunset),2026-02-01
opp_1e09ccd54e1f,GA,HB 559,http_429,0,,,,,,,,,Georgia (SB 408 tax exemption sunset),2026-02-01
opp_bae92ddde8eb,ID,HB 756,http_429,0,,,,,,,,,Idaho (HB 756 no-harm test),2026-01-01
opp_9de9ae844e1d,FL,HB 1517,http_429,0,,,,,,,,,Florida (HB 1517 transparency act),2026-02-01
opp_9de9ae844e1d,FL,SB 1517,http_429,0,,,,,,,,,Florida (HB 1517 transparency act),2026-02-01
opp_3d6145630316,OH,HB 96,http_429,0,,,,,,,,,Ohio (tax exemption veto override effort),2026-03-01
opp_f95e5a35d5bb,NJ,S 731,http_429,0,,,,,,,,,New Jersey (S731/A796 Large Load Tariff),2026-02-12
opp_f95e5a35d5bb,NJ,A 796,http_429,0,,,,,,,,,New Jersey (S731/A796 Large Load Tariff),2026-02-12
opp_041be502637a,MD,HB 1411,http_429,0,,,,,,,,,Maryland (HB 1411 transparency act),2026-03-10
opp_7d9d828e738d,MD,HB 1595,http_429,0,,,,,,,,,Maryland (HB 1595/SB 427 property tax authority),2026-02-15
opp_7d9d828e738d,MD,SB 427,http_429,0,,,,,,,,,Maryland (HB 1595/SB 427 property tax authority),2026-02-15
opp_07116373e586,CA,SB 978,http_429,0,,,,,,,,,California,2026-02-04
opp_722f42b528f6,DE,SB 205,http_429,0,,,,,,,,,Delaware,2025-09-29
opp_7ca5891e8026,ME,LD 713,http_429,0,,,,,,,,,Maine,2026-04-24
opp_7ca5891e8026,ME,LD 307,http_429,0,,,,,,,,,Maine,2026-04-24
opp_3b5566fafd13,ME,LD 307,matched,5,132,"An Act Regarding Energy, Utilities And Technology",Failed floor vote,2026-04-29,failure: Placed in the Legislative Files. (DEAD),Blocked,2026-04-29,https://openstates.org/me/bills/132/LD307/,Jay,2026-03-13
opp_6f976138d90c,CT,HB 5469,ambiguous_session,10,2026,AN ACT CONCERNING COLOCATED ELECTRIC SUPPLIERS AND LARGE ELECTRIC LOAD CUSTOMERS.,Passed committee only,2026-03-19,committee-passage: Joint Favorable,Pending,2026-04-07,https://openstates.org/ct/bills/2026/HB5469/,Connecticut,2026-03-06
opp_77773af2c60a,AL,HB 399,ambiguous_session,10,2026rs,"Tax abatements for data processing centers, exemption period limited, collection of certain taxes on purchases required, sunset date extended",Signed into law,2026-04-17,became-law: Enacted,Approved,2026-04-17,https://openstates.org/al/bills/2026rs/HB399/,Alabama,2026-02-12
opp_77773af2c60a,AL,SB 265,ambiguous_session,10,2026rs,"Tax abatements for data processing centers, exemption period limited, collection of certain taxes on purchases required, sunset date extended",Passed one chamber,2026-03-12,passage in upper,Pending,2026-04-09,https://openstates.org/al/bills/2026rs/SB265/,Alabama,2026-02-12
opp_946200962f07,AL,SB 354,matched,5,2026rs,Solar power facilities; new facilities prohibited for one year,Passed one chamber,2026-04-07,passage in upper,Pending,2026-04-07,https://openstates.org/al/bills/2026rs/SB354/,Alabama,2026-03-11
opp_51503be68e34,FL,SB 1118,ambiguous_session,8,2026,Public Records/Data Centers,Failed floor vote,2026-03-13,"failure: Died on Calendar, companion bill(s) passed, see CS/CS/SB 484 (Ch. 2026-65)",Blocked,2026-03-13,https://openstates.org/fl/bills/2026/SB1118/,Florida,2026-03-13
opp_51503be68e34,FL,SB 484,ambiguous_session,9,2026,Data Centers,Signed into law,2026-05-07,executive-signature: Approved by Governor,Approved,2026-05-08,https://openstates.org/fl/bills/2026/SB484/,Florida,2026-03-13
opp_f2b1cca7ddff,NE,LB 1261,matched,3,109,Prohibit the use of eminent domain to acquire certain privately owned electric generation facilities,Signed into law,2026-04-17,"executive-signature: Approved by Governor on April 14, 2026",Approved,2026-04-17,https://openstates.org/ne/bills/109/LB1261/,Nebraska,2026-03-13
opp_d29afd2095e0,OK,SB 1488,matched,5,2026,Corporation Commission; establishing moratorium; requiring certain study.,Introduced,2026-02-02,introduction: First Reading,Pending,2026-04-14,https://openstates.org/ok/bills/2026/SB1488/,Oklahoma (SB 1488),2026-01-01
opp_279e05762166,OK,HB 2992,matched,5,2026,Corporation Commission; creating the Data Center Customer Ratepayer Protection Act of 2026; effective date; emergency.,Signed into law,2026-05-11,executive-signature: Approved by Governor 05/11/2026,Approved,2026-05-11,https://openstates.org/ok/bills/2026/HB2992/,Oklahoma (HB 2992),2026-01-08
opp_28b2b06bc795,MI,SB 761,http_429,0,,,,,,,,,Michigan (SB 761-763),2025-12-18
opp_28b2b06bc795,MI,SB 762,http_429,0,,,,,,,,,Michigan (SB 761-763),2025-12-18
opp_28b2b06bc795,MI,SB 763,http_429,0,,,,,,,,,Michigan (SB 761-763),2025-12-18
opp_9bb28c8f4524,MT,SB 212,http_429,0,,,,,,,,,Montana (SB 212),2025-04-17
opp_85bcdbf0f2b5,MS,SB 3168,http_429,0,,,,,,,,,Mississippi (SB 3168),2025-07-01
opp_f784aebfe0c4,VA,HB 784,http_429,0,,,,,,,,,Virginia (HB 784),2026-01-08
opp_0ac8601ee64c,VA,SB 393,http_429,0,,,,,,,,,Virginia (SB 393),2026-01-08
opp_0ac8601ee64c,VA,HB 641,http_429,0,,,,,,,,,Virginia (SB 393),2026-01-08
opp_857f695cf9c2,VA,HB 503,http_429,0,,,,,,,,,Virginia (HB 503),2026-01-08
opp_610fc4eb4b60,IL,SB 2182,http_429,0,,,,,,,,,Illinois (SB 2182),2026-02-11
opp_3cabf3860557,WV,SB 658,http_429,0,,,,,,,,,West Virginia (SB 658 local control),2026-02-25
opp_3cabf3860557,WV,HB 2014,matched,4,2025,Certified Microgrid Program,Signed into law,2025-04-12,executive-signature: Approved by Governor 4/30/2025 - Senate Journal,Approved,2025-07-30,https://openstates.org/wv/bills/2025/HB2014/,West Virginia (SB 658 local control),2026-02-25
opp_3186f5f7b7d3,AZ,HB 2795,http_429,0,,,,,,,,,Arizona,2026-02-03
opp_4ba403e2b469,IA,HF 2447,matched,5,2025-2026,"A bill for an act relating to water and energy use for data centers, including reporting and tariff requirements, and including effective date provisions.",Passed committee only,2026-02-17,committee-passage: Subcommittee recommends passage.,Pending,2026-02-23,https://openstates.org/ia/bills/2025-2026/HF2447/,Iowa,2026-02-01
opp_4ba403e2b469,IA,HF 2690,http_429,0,,,,,,,,,Iowa,2026-02-01
opp_4ba403e2b469,IA,HF 2261,http_429,0,,,,,,,,,Iowa,2026-02-01
opp_1f51183f1ba8,NY,S 8540,http_429,0,,,,,,,,,New York,2025-10-22
opp_16d6ccfd7fd2,NH,HB 1724,http_429,0,,,,,,,,,New Hampshire,2026-01-01
opp_ff16db4797f0,WY,HB 90,http_429,0,,,,,,,,,Wyoming,2026-02-12
opp_9318a1f3b921,MS,HB 1635,http_429,0,,,,,,,,,Mississippi,2026-02-01
opp_07c24ce7ea28,OR,HR 655,http_429,0,,,,,,,,,The Dalles (HR 655 Federal Land Transfer),2025-12-09
opp_2b075f6cdc12,TX,SB 6,ambiguous_session,14,891,"Relating to abortion, including civil liability for the manufacture and provision of abortion-inducing drugs, exemptions from the Texas Citizens Participation A",Passed one chamber,2025-08-12,passage in upper,Pending,2025-08-12,https://openstates.org/tx/bills/891/SB6/,Texas (PUCT rulemaking),2026-03-06
opp_d0cbe42e9ced,CA,SB 887,http_429,0,,,,,,,,,California (SB 887),2026-01-13
opp_4b66e43a0859,CA,SB 1168,http_429,0,,,,,,,,,California (SB 1168),2026-02-18
opp_d574c87d8160,CA,AB 2619,http_429,0,,,,,,,,,California (AB 2619),2026-02-20
opp_e5eca26666f6,MN,HF 4077,http_429,0,,,,,,,,,Minnesota (Statewide),2026-03-12
opp_e5eca26666f6,MN,SF 4379,http_429,0,,,,,,,,,Minnesota (Statewide),2026-03-12
opp_66ab49712a63,AL,SB 270,http_429,0,,,,,,,,,Alabama (Statewide),2026-03-13
opp_648efe1bdfff,NE,LB 209,http_429,0,,,,,,,,,Sarpy County,2026-02-01
opp_c41d44c6f865,VA,HB 507,http_429,0,,,,,,,,,Virginia (HB 507),2026-03-01
opp_31991b12e824,VA,SB 94,http_429,0,,,,,,,,,Virginia (SB 94 / HB 153 siting),2026-02-01
opp_31991b12e824,VA,HB 153,http_429,0,,,,,,,,,Virginia (SB 94 / HB 153 siting),2026-02-01
opp_02a7428f39a3,VA,SB 553,http_429,0,,,,,,,,,Virginia (SB 553 water disclosure),2026-02-01
opp_02a7428f39a3,VA,HB 496,http_429,0,,,,,,,,,Virginia (SB 553 water disclosure),2026-02-01
opp_19a4b2d5163e,AZ,HB 2631,http_429,0,,,,,,,,,Arizona (HB 2631 tax repeal),2026-02-01
opp_836956ddb280,NJ,A 6181,http_429,0,,,,,,,,,New Jersey (A6181 NDA ban),2026-02-01
opp_836956ddb280,NJ,S 680,http_429,0,,,,,,,,,New Jersey (A6181 NDA ban),2026-02-01
opp_836956ddb280,NJ,S 3379,network_error:The read operation timed out,0,,,,,,,,,New Jersey (A6181 NDA ban),2026-02-01
opp_a281e96ef800,CO,HB 1030,matched,1,2026A,Data Center & Utility Modernization,Introduced,2026-01-14,introduction: Introduced In House - Assigned to Energy & Environment,Pending,2026-05-07,https://openstates.org/co/bills/2026A/HB1030/,Colorado (HB 1030),2026-02-01
opp_a281e96ef800,CO,SB 24,matched,1,2026A,State & Local Unmanned Aircraft Regulation,Introduced,2026-01-14,introduction: Introduced In Senate - Assigned to Local Government & Housing,Pending,2026-02-25,https://openstates.org/co/bills/2026A/SB24/,Colorado (HB 1030),2026-02-01
opp_a281e96ef800,CO,HB 26,not_found,0,,,,,,,,,Colorado (HB 1030),2026-02-01
opp_d35c8323d34a,ID,HB 874,not_found,0,,,,,,,,,Idaho (HB 874),2026-02-01
opp_516478f5f350,UT,HB 76,ambiguous_session,6,2026,Data Center Water Transparency Amendments,Signed into law,2026-03-23,executive-signature: Governor Signed,Approved,2026-03-23,https://openstates.org/ut/bills/2026/HB76/,Utah (HB 76),2026-02-01
opp_97c473fa11a2,NY,S 9144,matched,4,2025-2026,Imposes a moratorium on data center permit issuance; and relates to data center rate impacts,Introduced,2026-02-06,introduction: REFERRED TO ENVIRONMENTAL CONSERVATION,Pending,2026-05-12,https://openstates.org/ny/bills/2025-2026/S9144/,New York (statewide moratorium bill),2026-02-06
opp_97c473fa11a2,NY,A 10141,matched,5,2025-2026,Imposes a moratorium on data center permit issuance; and relates to data center rate impacts,Introduced,2026-02-09,introduction: REFERRED TO ENVIRONMENTAL CONSERVATION,Pending,2026-05-12,https://openstates.org/ny/bills/2025-2026/A10141/,New York (statewide moratorium bill),2026-02-06
opp_375dfa09ce11,PA,HB 1834,matched,5,2025-2026,"An Act providing for the regulation of commercial data centers;
 imposing duties on the Pennsylvania Public Utility
 Commission, the Department of Human Servi",Passed one chamber,2026-03-24,passage in lower,Pending,2026-03-31,https://openstates.org/pa/bills/2025-2026/HB1834/,Pennsylvania (statewide HB 1834),2026-03-24
opp_86d1daea9ead,GA,HB 1012,matched,7,2025_26,Local government; construction or development of  new data centers for a specified time; prohibit,Introduced,2026-01-16,introduction: House Hopper,Pending,2026-01-28,https://openstates.org/ga/bills/2025_26/HB1012/,Georgia (2026 Legislative Session Failure),2026-04-03
opp_86d1daea9ead,GA,SB 408,matched,7,2025_26,State Sales and Use Taxes; data center equipment sales and use tax exemption; advance the sunset date,Introduced,2026-01-15,introduction: Senate Hopper,Pending,2026-01-16,https://openstates.org/ga/bills/2025_26/SB408/,Georgia (2026 Legislative Session Failure),2026-04-03
opp_86d1daea9ead,GA,SB 410,matched,7,2025_26,State Sales and Use Taxes; the data center equipment sales and use tax exemption; repeal,Passed one chamber,2026-03-06,passage in upper,Pending,2026-03-10,https://openstates.org/ga/bills/2025_26/SB410/,Georgia (2026 Legislative Session Failure),2026-04-03
opp_92ca1a80ec25,WV,HB 4983,matched,2,2026,Authorizing the Department of Commerce to promulgate a legislative rule relating to certification of a microgrid district or certification as a high impact data,Signed into law,2026-03-30,executive-signature: Approved by Governor 3/27/2026,Approved,2026-06-29,https://openstates.org/wv/bills/2026/HB4983/,West Virginia (HB 4983 secrecy rulemaking),2026-03-27
opp_e6caa9f3c04e,ID,HB 895,not_found,0,,,,,,,,,Idaho (statewide),2026-03-20
opp_2fea79eee9b7,MN,SF 4298,matched,4,2025-2026,"New data center moratorium established, and Public Utility Commission required to submit a report",Introduced,2026-03-09,introduction: Introduction and first reading,Pending,2026-03-09,https://openstates.org/mn/bills/2025-2026/SF4298/,Minnesota (statewide),2026-03-04
opp_1ee0d8ed44db,NJ,S 680,matched,6,222,Requires energy usage plan for proposed artificial intelligence data centers and cryptocurrency mining facilities; requires all electricity for artificial intel,Introduced,2026-01-13,"introduction: Introduced in the Senate, Referred to Senate Environment and Energy Committee",Pending,2026-03-16,https://openstates.org/nj/bills/222/S680/,New Jersey (S680 clean energy requirement),2026-01-13
opp_f7a3f9dd872e,NH,SB 439,http_429,0,,,,,,,,,New Hampshire (SB 439 municipal zoning),2026-01-29
opp_793fdf3b9fc6,ME,LD 307,matched,5,132,"An Act Regarding Energy, Utilities And Technology",Failed floor vote,2026-04-29,failure: Placed in the Legislative Files. (DEAD),Blocked,2026-04-29,https://openstates.org/me/bills/132/LD307/,Maine (LD 307 statewide moratorium),2026-03-20
opp_c3f8ec3f6a51,NJ,A 796,http_429,0,,,,,,,,,New Jersey (A796 Assembly passage),2026-03-23
opp_1452f83e8ca5,PA,HB 2496,http_429,0,,,,,,,,,Pennsylvania (statewide),2026-06-18
opp_149c49f94b44,LA,HB 827,http_429,0,,,,,,,,,Louisiana Legislature,2024-06-01
opp_163684cd2c66,TN,HB 1847,http_429,0,,,,,,,,,Tennessee Legislature (HB1847/SB2128 data-center self-generation),2026-01-26
opp_163684cd2c66,TN,SB 2128,matched,5,114,"Computers and Electronic Processing - As enacted, generally prohibits a municipality or electric utility to pay or absorb the cost of electrical infrastructure ",Introduced,2026-01-22,introduction: Filed for introduction,Pending,2026-05-18,https://openstates.org/tn/bills/114/SB2128/,Tennessee Legislature (HB1847/SB2128 data-center self-generation),2026-01-26
opp_163684cd2c66,TN,SB 2,http_429,0,,,,,,,,,Tennessee Legislature (HB1847/SB2128 data-center self-generation),2026-01-26
opp_6582785b4ac9,MI,HB 5594,http_429,0,,,,,,,,,Michigan Legislature (HB 5594-5596 data-center moratorium),2026-03-03
opp_0605c91a0204,WI,SB 729,http_429,0,,,,,,,,,Wisconsin Legislature (SB 729 Data Center Accountability Bill),2025-11-01
opp_2170f2d763c8,IL,SB 4016,http_429,0,,,,,,,,,"Illinois General Assembly (POWER Act SB 4016, Sen. Rose SB 4004 Mahomet Aquifer moratorium, Pritzker tax-credit pause)",2026-05-01
opp_2170f2d763c8,IL,SB 4004,http_429,0,,,,,,,,,"Illinois General Assembly (POWER Act SB 4016, Sen. Rose SB 4004 Mahomet Aquifer moratorium, Pritzker tax-credit pause)",2026-05-01
opp_d9eaf5d58d8e,CO,HB 26,not_found,0,,,,,,,,,Colorado General Assembly (HB26-1030 + SB26-102 both died in committee),2026-05-11
opp_d9eaf5d58d8e,CO,SB 26,http_429,0,,,,,,,,,Colorado General Assembly (HB26-1030 + SB26-102 both died in committee),2026-05-11
opp_4d1e1b26f170,OK,HB 2992,matched,5,2026,Corporation Commission; creating the Data Center Customer Ratepayer Protection Act of 2026; effective date; emergency.,Signed into law,2026-05-11,executive-signature: Approved by Governor 05/11/2026,Approved,2026-05-11,https://openstates.org/ok/bills/2026/HB2992/,Oklahoma Legislature (HB 2992 Data Center Consumer Ratepayer Protection Act),2026-05-05
opp_1f9faef9a21f,OR,HB 4084,matched,5,2026R1,Relating to economic development; and prescribing an effective date.,Signed into law,2026-03-31,executive-signature: Governor signed.,Approved,2026-04-06,https://openstates.org/or/bills/2026R1/HB4084/,"Hillsboro City Council (Councilor Sinclair emergency session on Enterprise Zone tax breaks), OR",2026-05-11
opp_34e6d8d18a56,NC,HB 7971,http_429,0,,,,,,,,,"NC General Assembly (HB 7971 Ratepayer and Resource Protection Act, Rep. Prather D-Buncombe)",2026-05-08
opp_99a4c552d75f,FL,SB 484,ambiguous_session,9,2026,Data Centers,Signed into law,2026-05-07,executive-signature: Approved by Governor,Approved,2026-05-08,https://openstates.org/fl/bills/2026/SB484/,Governor of Florida (signed SB 484 hyperscale data center law at Florida Polytechnic University),2026-05-07
opp_c3968d4e227e,MD,HB 1532,http_429,0,,,,,,,,,Governor of Maryland (signed Utility RELIEF Act / HB 1532),2026-05-12
opp_11c80b6abe68,NY,S 9144,matched,4,2025-2026,Imposes a moratorium on data center permit issuance; and relates to data center rate impacts,Introduced,2026-02-06,introduction: REFERRED TO ENVIRONMENTAL CONSERVATION,Pending,2026-05-12,https://openstates.org/ny/bills/2025-2026/S9144/,New York State (S.9144A/A.10141 statewide moratorium bill amended; Albany rally & lobby day),2026-05-13
opp_11c80b6abe68,NY,A 10141,matched,5,2025-2026,Imposes a moratorium on data center permit issuance; and relates to data center rate impacts,Introduced,2026-02-09,introduction: REFERRED TO ENVIRONMENTAL CONSERVATION,Pending,2026-05-12,https://openstates.org/ny/bills/2025-2026/A10141/,New York State (S.9144A/A.10141 statewide moratorium bill amended; Albany rally & lobby day),2026-05-13
opp_05b569208bd2,NC,SB 730,http_429,0,,,,,,,,,North Carolina General Assembly (SB 730 — closed-loop water + foreign-ownership ban for data centers),2026-06-08
opp_4805f92d0a52,SD,SB 135,ambiguous_session,9,2026,protect residents from increased utility costs and utility shortages caused by data centers and clarify authority to regulate data centers.,Signed into law,2026-03-30,executive-signature: Signed by the Governor on 2026-03-30 S.J. 549,Approved,2026-03-30,https://openstates.org/sd/bills/2026/SB135/,South Dakota Legislature (SB 135 — bars state from limiting local authority to regulate/ban data centers),2026-03-25
opp_de333026ebdf,WV,HB 2014,matched,4,2025,Certified Microgrid Program,Signed into law,2025-04-12,executive-signature: Approved by Governor 4/30/2025 - Senate Journal,Approved,2025-07-30,https://openstates.org/wv/bills/2025/HB2014/,West Virginia Legislature (bill affirming state control / limiting local authority over data centers),2026-05-18
opp_d1058e1c8a3c,MI,HB 5396,http_429,0,,,,,,,,,Michigan State Capitol ('People Over Data Centers' rally + HB 5396-5398 tax exemption repeal),2026-06-23
opp_d1058e1c8a3c,MI,SB 1018,http_429,0,,,,,,,,,Michigan State Capitol ('People Over Data Centers' rally + HB 5396-5398 tax exemption repeal),2026-06-23
opp_d1058e1c8a3c,MI,HB 5594,http_429,0,,,,,,,,,Michigan State Capitol ('People Over Data Centers' rally + HB 5396-5398 tax exemption repeal),2026-06-23
opp_6a0f475f6528,VA,HB 507,http_429,0,,,,,,,,,Commonwealth of Virginia (data center electricity consumption tax + Tier IV generator permit rule take effect),2026-07-01
opp_8cff4313e1f9,FL,SB 484,ambiguous_session,9,2026,Data Centers,Signed into law,2026-05-07,executive-signature: Approved by Governor,Approved,2026-05-08,https://openstates.org/fl/bills/2026/SB484/,State of Florida (SB 484 data center ratepayer/zoning/water protections),2026-07-01
opp_6f4f6d13b784,NJ,S 731,http_429,0,,,,,,,,,State of New Jersey (S731/A796 'Data Center Fair Share Act' signed),2026-07-07
opp_6f4f6d13b784,NJ,A 796,http_429,0,,,,,,,,,State of New Jersey (S731/A796 'Data Center Fair Share Act' signed),2026-07-07
opp_59b45da5fc73,NJ,S 4390,http_429,0,,,,,,,,,New Jersey General Assembly (S4390/A5165 AI/data center tax credit clawback),2026-06-30
opp_59b45da5fc73,NJ,A 5165,http_429,0,,,,,,,,,New Jersey General Assembly (S4390/A5165 AI/data center tax credit clawback),2026-06-30
opp_59b45da5fc73,NJ,S 731,http_429,0,,,,,,,,,New Jersey General Assembly (S4390/A5165 AI/data center tax credit clawback),2026-06-30
opp_59b45da5fc73,NJ,A 796,http_429,0,,,,,,,,,New Jersey General Assembly (S4390/A5165 AI/data center tax credit clawback),2026-06-30
opp_59b45da5fc73,NJ,S 1673,http_429,0,,,,,,,,,New Jersey General Assembly (S4390/A5165 AI/data center tax credit clawback),2026-06-30
opp_59b45da5fc73,NJ,A 2757,http_429,0,,,,,,,,,New Jersey General Assembly (S4390/A5165 AI/data center tax credit clawback),2026-06-30
opp_59b45da5fc73,NJ,S 4411,http_429,0,,,,,,,,,New Jersey General Assembly (S4390/A5165 AI/data center tax credit clawback),2026-06-30
opp_323cf409c293,DE,SB 326,matched,3,153,AN ACT TO AMEND TITLE 26 OF THE DELAWARE CODE RELATING TO THE PUBLIC SERVICE COMMISSION.,Signed into law,2026-07-13,executive-signature: Signed by Governor,Approved,2026-07-13,https://openstates.org/de/bills/153/SB326/,"State of Delaware (SB 326, HB 233, HB 445 -- data center energy/ratepayer bills)",2026-07-01
opp_323cf409c293,DE,HB 233,matched,5,153,AN ACT TO AMEND TITLE 26 OF THE DELAWARE CODE RELATING TO LARGE ENERGY USE FACILITIES.,Passed both chambers,2026-07-01,passage recorded in 2 chambers,Approved,2026-07-01,https://openstates.org/de/bills/153/HB233/,"State of Delaware (SB 326, HB 233, HB 445 -- data center energy/ratepayer bills)",2026-07-01
opp_323cf409c293,DE,HB 445,matched,4,153,AN ACT TO AMEND TITLE 26 AND TITLE 29 OF THE DELAWARE CODE RELATING TO LARGE ENERGY USE FACILITIES.,Failed floor vote,2026-07-01,failure: Defeated By House. Votes: 15 YES 26 NO. Reason Taken: motion to recess to read amendment - HB 445 w HA 1 and SA 3,Blocked,2026-07-01,https://openstates.org/de/bills/153/HB445/,"State of Delaware (SB 326, HB 233, HB 445 -- data center energy/ratepayer bills)",2026-07-01
opp_ba67bec0f3c1,NY,S 10642,matched,1,2025-2026,Enacts the responsible data center development act,Introduced,2026-06-01,introduction: REFERRED TO RULES,Pending,2026-06-04,https://openstates.org/ny/bills/2025-2026/S10642/,State of New York (Executive Order),2026-07-14
opp_ba67bec0f3c1,NY,A 11560,matched,1,2025-2026,Enacts the responsible data center development act,Passed both chambers,2026-06-04,passage recorded in 2 chambers,Approved,2026-06-04,https://openstates.org/ny/bills/2025-2026/A11560/,State of New York (Executive Order),2026-07-14
opp_c228fc0031e4,PA,SB 1345,matched,4,2025-2026,"An Act amending the act of July 31, 1968 (P.L.805, No.247), known as the Pennsylvania Municipalities Planning Code, in zoning, providing for optional temporary ",Passed committee only,2026-06-30,committee-passage: Reported as committed,Pending,2026-07-12,https://openstates.org/pa/bills/2025-2026/SB1345/,Pennsylvania Senate Rules & Executive Nominations Committee (SB 1345),2026-07-13
opp_3627a9dfe4fb,NE,LB 1111,matched,5,109,"Require an annual data center load report to the Nebraska Power Review Board, provide powers and duties for public power suppliers, allow and require regulation",Died in committee,2026-04-17,committee-failure: Indefinitely postponed,Blocked,2026-04-17,https://openstates.org/ne/bills/109/LB1111/,State of Nebraska,2026-07-20
