decided_at,state,county,census_status,date_enacted,decision,reason,confidence_tier,upstream_seen,batch_verdict,source
2026-09-21,AR,Carroll County,active,2026-06-16,hold,upstream verify tag,,206,batch_ok,"moratorium-nation:ar-carroll-county-2026 (CC-BY-4.0, github.com/mjbommar/moratorium-data-2026)"
2026-09-21,AR,Union County,active,2026-06-30,hold,upstream verify tag,,206,batch_ok,"moratorium-nation:ar-union-county-2026 (CC-BY-4.0, github.com/mjbommar/moratorium-data-2026)"
2026-09-21,CA,Imperial County,extended,2026-06-17,promote,,corroborated,206,batch_ok,"moratorium-nation:ca-imperial-county-2026 (CC-BY-4.0, github.com/mjbommar/moratorium-data-2026)"
2026-09-21,CO,Archuleta County,active,2026-06-16,hold,upstream verify tag,,206,batch_ok,"moratorium-nation:co-archuleta-county-2026 (CC-BY-4.0, github.com/mjbommar/moratorium-data-2026)"
2026-09-21,CO,Boulder County,active,2026-06-02,hold,upstream verify tag,,206,batch_ok,"moratorium-nation:co-boulder-county-2026 (CC-BY-4.0, github.com/mjbommar/moratorium-data-2026)"
2026-09-21,CO,Delta County,active,2026-07-07,promote,,thin,206,batch_ok,"moratorium-nation:co-delta-county-2026 (CC-BY-4.0, github.com/mjbommar/moratorium-data-2026)"
2026-09-21,CO,Jefferson County,active,2026-05-19,promote,,thin,206,batch_ok,"moratorium-nation:co-jefferson-county-2026 (CC-BY-4.0, github.com/mjbommar/moratorium-data-2026)"
2026-09-21,FL,Citrus County,active,2026-05-26,promote,,corroborated,206,batch_ok,"moratorium-nation:fl-citrus-county-2026 (CC-BY-4.0, github.com/mjbommar/moratorium-data-2026)"
2026-09-21,FL,Clay County,active,2026-06-23,promote,,corroborated,206,batch_ok,"moratorium-nation:fl-clay-county-2026 (CC-BY-4.0, github.com/mjbommar/moratorium-data-2026)"
2026-09-21,FL,Hernando County,active,2026-06-23,promote,,thin,206,batch_ok,"moratorium-nation:fl-hernando-county-2026 (CC-BY-4.0, github.com/mjbommar/moratorium-data-2026)"
2026-09-21,FL,Madison County,active,2026-07-22,hold,upstream verify tag,,206,batch_ok,"moratorium-nation:fl-madison-county-2026 (CC-BY-4.0, github.com/mjbommar/moratorium-data-2026)"
2026-09-21,FL,Nassau County,active,2026-06-08,promote,,corroborated,206,batch_ok,"moratorium-nation:fl-nassau-county-2026 (CC-BY-4.0, github.com/mjbommar/moratorium-data-2026)"
2026-09-21,FL,Palm Beach County,active,2026-07-07,hold,upstream verify tag,,206,batch_ok,"moratorium-nation:fl-palm-beach-county-2026 (CC-BY-4.0, github.com/mjbommar/moratorium-data-2026)"
2026-09-21,FL,Pasco County,active,2026-07-14,hold,upstream verify tag,,206,batch_ok,"moratorium-nation:fl-pasco-county-2026 (CC-BY-4.0, github.com/mjbommar/moratorium-data-2026)"
2026-09-21,FL,Santa Rosa County,active,2026-07-23,hold,upstream verify tag,,206,batch_ok,"moratorium-nation:fl-santa-rosa-county-2026 (CC-BY-4.0, github.com/mjbommar/moratorium-data-2026)"
2026-09-21,FL,Sarasota County,active,2026-07-08,hold,upstream verify tag,,206,batch_ok,"moratorium-nation:fl-sarasota-county-2026 (CC-BY-4.0, github.com/mjbommar/moratorium-data-2026)"
2026-09-21,GA,Augusta-Richmond County,extended,2026-06-02,hold,does not join county frame,,206,batch_ok,"moratorium-nation:ga-augusta-richmond-county-undated (CC-BY-4.0, github.com/mjbommar/moratorium-data-2026)"
2026-09-21,GA,Camden County,active,2026-05,hold,upstream verify tag,,206,batch_ok,"moratorium-nation:ga-camden-county-2026 (CC-BY-4.0, github.com/mjbommar/moratorium-data-2026)"
2026-09-21,GA,Carroll County,extended,2026-03-03,promote,,thin,206,batch_ok,"moratorium-nation:ga-carroll-county-2026 (CC-BY-4.0, github.com/mjbommar/moratorium-data-2026)"
2026-09-21,GA,Cherokee County,active,2026-07-22,promote,,corroborated,206,batch_ok,"moratorium-nation:ga-cherokee-county-2026 (CC-BY-4.0, github.com/mjbommar/moratorium-data-2026)"
2026-09-21,GA,Dougherty County,active,2026-07-21,promote,,corroborated,206,batch_ok,"moratorium-nation:ga-dougherty-county-2026 (CC-BY-4.0, github.com/mjbommar/moratorium-data-2026)"
2026-09-21,GA,Gordon County,extended,,hold,no ISO date,,206,batch_ok,"moratorium-nation:ga-gordon-county-undated (CC-BY-4.0, github.com/mjbommar/moratorium-data-2026)"
2026-09-21,GA,Hart County,active,2026-05-26,promote,,thin,206,batch_ok,"moratorium-nation:ga-hart-county-2026 (CC-BY-4.0, github.com/mjbommar/moratorium-data-2026)"
2026-09-21,GA,Lee County,extended,,hold,no ISO date,,206,batch_ok,"moratorium-nation:ga-lee-county-undated (CC-BY-4.0, github.com/mjbommar/moratorium-data-2026)"
2026-09-21,GA,Paulding County,active,2026-07-28,promote,,thin,206,batch_ok,"moratorium-nation:ga-paulding-county-2026 (CC-BY-4.0, github.com/mjbommar/moratorium-data-2026)"
2026-09-21,GA,Rockdale County,extended,,hold,no ISO date,,206,batch_ok,"moratorium-nation:ga-rockdale-county-undated (CC-BY-4.0, github.com/mjbommar/moratorium-data-2026)"
2026-09-21,GA,Stephens County,extended,,hold,no ISO date,,206,batch_ok,"moratorium-nation:ga-stephens-county-undated (CC-BY-4.0, github.com/mjbommar/moratorium-data-2026)"
2026-09-21,IL,La Salle County,active,2026-06-08,hold,does not join county frame,,206,batch_ok,"moratorium-nation:il-la-salle-county-2026 (CC-BY-4.0, github.com/mjbommar/moratorium-data-2026)"
2026-09-21,IN,Fayette County,active,2026-05-05,hold,upstream verify tag,,206,batch_ok,"moratorium-nation:in-fayette-county-2026 (CC-BY-4.0, github.com/mjbommar/moratorium-data-2026)"
2026-09-21,IN,Miami County,active,2026-05-04,promote,,thin,206,batch_ok,"moratorium-nation:in-miami-county-2026 (CC-BY-4.0, github.com/mjbommar/moratorium-data-2026)"
2026-09-21,IN,Warrick County,pending,,hold,"pending, not enacted",,206,batch_ok,"moratorium-nation:in-warrick-county-undated (CC-BY-4.0, github.com/mjbommar/moratorium-data-2026)"
2026-09-21,IA,Audubon County,active,2026-05-05,promote,,thin,206,batch_ok,"moratorium-nation:ia-audubon-county-2026 (CC-BY-4.0, github.com/mjbommar/moratorium-data-2026)"
2026-09-21,IA,Cedar County,active,2026-05-26,hold,upstream verify tag,,206,batch_ok,"moratorium-nation:ia-cedar-county-2026 (CC-BY-4.0, github.com/mjbommar/moratorium-data-2026)"
2026-09-21,IA,Des Moines County,active,2026-05-19,promote,,thin,206,batch_ok,"moratorium-nation:ia-des-moines-county-2026 (CC-BY-4.0, github.com/mjbommar/moratorium-data-2026)"
2026-09-21,IA,Dickinson County,active,2026-05-12,promote,,corroborated,206,batch_ok,"moratorium-nation:ia-dickinson-county-2026 (CC-BY-4.0, github.com/mjbommar/moratorium-data-2026)"
2026-09-21,IA,Dubuque County,active,2026-05-26,promote,,corroborated,206,batch_ok,"moratorium-nation:ia-dubuque-county-2026 (CC-BY-4.0, github.com/mjbommar/moratorium-data-2026)"
2026-09-21,IA,Ida County,active,2026-06-30,hold,upstream verify tag,,206,batch_ok,"moratorium-nation:ia-ida-county-2026 (CC-BY-4.0, github.com/mjbommar/moratorium-data-2026)"
2026-09-21,IA,Lee County,active,2026-06-16,promote,,thin,206,batch_ok,"moratorium-nation:ia-lee-county-2026 (CC-BY-4.0, github.com/mjbommar/moratorium-data-2026)"
2026-09-21,IA,Linn County,active,2026-07-01,promote,,corroborated,206,batch_ok,"moratorium-nation:ia-linn-county-2026 (CC-BY-4.0, github.com/mjbommar/moratorium-data-2026)"
2026-09-21,IA,Madison County,active,2026-05,hold,upstream verify tag,,206,batch_ok,"moratorium-nation:ia-madison-county-2026 (CC-BY-4.0, github.com/mjbommar/moratorium-data-2026)"
2026-09-21,IA,Palo Alto County,active,2026-07-08,promote,,thin,206,batch_ok,"moratorium-nation:ia-palo-alto-county-2026 (CC-BY-4.0, github.com/mjbommar/moratorium-data-2026)"
2026-09-21,IA,Plymouth County,active,2026-06-16,promote,,thin,206,batch_ok,"moratorium-nation:ia-plymouth-county-2026 (CC-BY-4.0, github.com/mjbommar/moratorium-data-2026)"
2026-09-21,IA,Sioux County,active,2026-06-16,promote,,thin,206,batch_ok,"moratorium-nation:ia-sioux-county-2026 (CC-BY-4.0, github.com/mjbommar/moratorium-data-2026)"
2026-09-21,IA,Taylor County,active,2026-05-07,hold,upstream verify tag,,206,batch_ok,"moratorium-nation:ia-taylor-county-2026 (CC-BY-4.0, github.com/mjbommar/moratorium-data-2026)"
2026-09-21,IA,Woodbury County,active,2026-06-23,promote,,corroborated,206,batch_ok,"moratorium-nation:ia-woodbury-county-2026 (CC-BY-4.0, github.com/mjbommar/moratorium-data-2026)"
2026-09-21,KS,Geary County,active,2026-06-22,promote,,thin,206,batch_ok,"moratorium-nation:ks-geary-county-2026 (CC-BY-4.0, github.com/mjbommar/moratorium-data-2026)"
2026-09-21,KS,Lyon County,active,2026-07-23,promote,,corroborated,206,batch_ok,"moratorium-nation:ks-lyon-county-2026 (CC-BY-4.0, github.com/mjbommar/moratorium-data-2026)"
2026-09-21,KY,Bell County,active,2026-07-02,hold,upstream verify tag,,206,batch_ok,"moratorium-nation:ky-bell-county-2026 (CC-BY-4.0, github.com/mjbommar/moratorium-data-2026)"
2026-09-21,KY,Boyle County,active,2026-06-09,promote,,thin,206,batch_ok,"moratorium-nation:ky-boyle-county-2026 (CC-BY-4.0, github.com/mjbommar/moratorium-data-2026)"
2026-09-21,KY,Bullitt County,active,2026-07-21,hold,upstream verify tag,,206,batch_ok,"moratorium-nation:ky-bullitt-county-2026 (CC-BY-4.0, github.com/mjbommar/moratorium-data-2026)"
2026-09-21,KY,Daviess County,active,2026-05-28,hold,upstream verify tag,,206,batch_ok,"moratorium-nation:ky-daviess-county-2026 (CC-BY-4.0, github.com/mjbommar/moratorium-data-2026)"
2026-09-21,KY,Edmonson County,active,2026-06-08,promote,,thin,206,batch_ok,"moratorium-nation:ky-edmonson-county-2026 (CC-BY-4.0, github.com/mjbommar/moratorium-data-2026)"
2026-09-21,KY,Mercer County Fiscal Court,pending,,hold,does not join county frame,,206,batch_ok,"moratorium-nation:ky-mercer-county-fiscal-court-undated (CC-BY-4.0, github.com/mjbommar/moratorium-data-2026)"
2026-09-21,KY,Nelson County,active,2026-07-07,promote,,thin,206,batch_ok,"moratorium-nation:ky-nelson-county-2026 (CC-BY-4.0, github.com/mjbommar/moratorium-data-2026)"
2026-09-21,LA,St. Charles Parish,replaced,,hold,no ISO date,,206,batch_ok,"moratorium-nation:la-st-charles-parish-undated (CC-BY-4.0, github.com/mjbommar/moratorium-data-2026)"
2026-09-21,MD,Frederick County,active,2026-07-01,promote,,corroborated,206,batch_ok,"moratorium-nation:md-frederick-county-2026 (CC-BY-4.0, github.com/mjbommar/moratorium-data-2026)"
2026-09-21,MD,Howard County,pending,2026-06-01,hold,"pending, not enacted",,206,batch_ok,"moratorium-nation:md-howard-county-2026 (CC-BY-4.0, github.com/mjbommar/moratorium-data-2026)"
2026-09-21,MD,Montgomery County,active,2026-07-28,promote,,corroborated,206,batch_ok,"moratorium-nation:md-montgomery-county-2026 (CC-BY-4.0, github.com/mjbommar/moratorium-data-2026)"
2026-09-21,MD,Washington County,active,2026-06-30,promote,,thin,206,batch_ok,"moratorium-nation:md-washington-county-2026 (CC-BY-4.0, github.com/mjbommar/moratorium-data-2026)"
2026-09-21,MD,Worcester County,pending,2026-07-07,hold,"pending, not enacted",,206,batch_ok,"moratorium-nation:md-worcester-county-2026 (CC-BY-4.0, github.com/mjbommar/moratorium-data-2026)"
2026-09-21,MI,Delta County,active,2026-07-21,hold,upstream verify tag,,206,batch_ok,"moratorium-nation:mi-delta-county-2026 (CC-BY-4.0, github.com/mjbommar/moratorium-data-2026)"
2026-09-21,MI,Huron County,active,2026-05-27,hold,upstream verify tag,,206,batch_ok,"moratorium-nation:mi-huron-county-2026 (CC-BY-4.0, github.com/mjbommar/moratorium-data-2026)"
2026-09-21,MN,Le Sueur County,active,2026-05-26,promote,,thin,206,batch_ok,"moratorium-nation:mn-le-sueur-county-2026 (CC-BY-4.0, github.com/mjbommar/moratorium-data-2026)"
2026-09-21,MN,Wright County,active,2026-05-19,promote,,corroborated,206,batch_ok,"moratorium-nation:mn-wright-county-2026 (CC-BY-4.0, github.com/mjbommar/moratorium-data-2026)"
2026-09-21,MO,Marion County,active,2026-06-15,hold,upstream verify tag,,206,batch_ok,"moratorium-nation:mo-marion-county-2026 (CC-BY-4.0, github.com/mjbommar/moratorium-data-2026)"
2026-09-21,MO,Nodaway County,active,2026-07-21,promote,,thin,206,batch_ok,"moratorium-nation:mo-nodaway-county-2026 (CC-BY-4.0, github.com/mjbommar/moratorium-data-2026)"
2026-09-21,MO,St. Charles County,active,2026-07-13,promote,,corroborated,206,batch_ok,"moratorium-nation:mo-st-charles-county-2026 (CC-BY-4.0, github.com/mjbommar/moratorium-data-2026)"
2026-09-21,MO,Webster County,active,2026-06-16,promote,,thin,206,batch_ok,"moratorium-nation:mo-webster-county-2026 (CC-BY-4.0, github.com/mjbommar/moratorium-data-2026)"
2026-09-21,MT,Missoula County,active,2026-07-09,promote,,corroborated,206,batch_ok,"moratorium-nation:mt-missoula-county-2026 (CC-BY-4.0, github.com/mjbommar/moratorium-data-2026)"
2026-09-21,NE,Cherry County,active,2026-07-14,promote,,thin,206,batch_ok,"moratorium-nation:ne-cherry-county-2026 (CC-BY-4.0, github.com/mjbommar/moratorium-data-2026)"
2026-09-21,NE,Logan County,active,2026-07-15,promote,,corroborated,206,batch_ok,"moratorium-nation:ne-logan-county-2026 (CC-BY-4.0, github.com/mjbommar/moratorium-data-2026)"
2026-09-21,NE,Seward County,active,2026-06-30,promote,,corroborated,206,batch_ok,"moratorium-nation:ne-seward-county-2026 (CC-BY-4.0, github.com/mjbommar/moratorium-data-2026)"
2026-09-21,NV,Humboldt County,active,2026-07-06,promote,,thin,206,batch_ok,"moratorium-nation:nv-humboldt-county-2026 (CC-BY-4.0, github.com/mjbommar/moratorium-data-2026)"
2026-09-21,NV,Nye County,active,2026-06-02,promote,,thin,206,batch_ok,"moratorium-nation:nv-nye-county-2026 (CC-BY-4.0, github.com/mjbommar/moratorium-data-2026)"
2026-09-21,NM,Santa Fe County,active,2026-06-30,promote,,corroborated,206,batch_ok,"moratorium-nation:nm-santa-fe-county-2026 (CC-BY-4.0, github.com/mjbommar/moratorium-data-2026)"
2026-09-21,NM,Sierra County,pending,2026-07-21,hold,"pending, not enacted",,206,batch_ok,"moratorium-nation:nm-sierra-county-2026 (CC-BY-4.0, github.com/mjbommar/moratorium-data-2026)"
2026-09-21,NM,Socorro County,active,2026-06-09,promote,,corroborated,206,batch_ok,"moratorium-nation:nm-socorro-county-2026 (CC-BY-4.0, github.com/mjbommar/moratorium-data-2026)"
2026-09-21,NC,Cumberland County,active,2026-06-15,promote,,corroborated,206,batch_ok,"moratorium-nation:nc-cumberland-county-2026 (CC-BY-4.0, github.com/mjbommar/moratorium-data-2026)"
2026-09-21,NC,Davie County,active,2026-07-06,hold,upstream verify tag,,206,batch_ok,"moratorium-nation:nc-davie-county-2026 (CC-BY-4.0, github.com/mjbommar/moratorium-data-2026)"
2026-09-21,NC,Durham County,active,2026-06-22,hold,upstream verify tag,,206,batch_ok,"moratorium-nation:nc-durham-county-2026 (CC-BY-4.0, github.com/mjbommar/moratorium-data-2026)"
2026-09-21,NC,Harnett County,active,2026-05-05,hold,upstream verify tag,,206,batch_ok,"moratorium-nation:nc-harnett-county-2026 (CC-BY-4.0, github.com/mjbommar/moratorium-data-2026)"
2026-09-21,NC,Northampton County,active,2026-05-04,promote,,corroborated,206,batch_ok,"moratorium-nation:nc-northampton-county-2026 (CC-BY-4.0, github.com/mjbommar/moratorium-data-2026)"
2026-09-21,NC,Pasquotank County,active,2026-05-18,promote,,thin,206,batch_ok,"moratorium-nation:nc-pasquotank-county-2026 (CC-BY-4.0, github.com/mjbommar/moratorium-data-2026)"
2026-09-21,NC,Surry County,extended,2026-06,hold,upstream verify tag,,206,batch_ok,"moratorium-nation:nc-surry-county-2026 (CC-BY-4.0, github.com/mjbommar/moratorium-data-2026)"
2026-09-21,ND,Barnes County,active,2026-05-19,promote,,thin,206,batch_ok,"moratorium-nation:nd-barnes-county-2026 (CC-BY-4.0, github.com/mjbommar/moratorium-data-2026)"
2026-09-21,OH,Butler County,active,2026-06-16,promote,,corroborated,206,batch_ok,"moratorium-nation:oh-butler-county-2026 (CC-BY-4.0, github.com/mjbommar/moratorium-data-2026)"
2026-09-21,PA,Lycoming County,active,2026-06-18,hold,upstream verify tag,,206,batch_ok,"moratorium-nation:pa-lycoming-county-2026 (CC-BY-4.0, github.com/mjbommar/moratorium-data-2026)"
2026-09-21,SC,Chester County,active,2026-07-20,hold,upstream verify tag,,206,batch_ok,"moratorium-nation:sc-chester-county-2026 (CC-BY-4.0, github.com/mjbommar/moratorium-data-2026)"
2026-09-21,SC,Chesterfield County,active,2026-06-01,promote,,thin,206,batch_ok,"moratorium-nation:sc-chesterfield-county-2026 (CC-BY-4.0, github.com/mjbommar/moratorium-data-2026)"
2026-09-21,SC,Colleton County,active,2026-07-06,promote,,corroborated,206,batch_ok,"moratorium-nation:sc-colleton-county-2026 (CC-BY-4.0, github.com/mjbommar/moratorium-data-2026)"
2026-09-21,SC,Greenwood County,active,2026-07-21,hold,upstream verify tag,,206,batch_ok,"moratorium-nation:sc-greenwood-county-2026 (CC-BY-4.0, github.com/mjbommar/moratorium-data-2026)"
2026-09-21,SC,Newberry County,active,2026-06-05,hold,upstream verify tag,,206,batch_ok,"moratorium-nation:sc-newberry-county-2026 (CC-BY-4.0, github.com/mjbommar/moratorium-data-2026)"
2026-09-21,SC,York County,active,2026-07-13,promote,,corroborated,206,batch_ok,"moratorium-nation:sc-york-county-2026 (CC-BY-4.0, github.com/mjbommar/moratorium-data-2026)"
2026-09-21,SD,Yankton County,active,2026-07-21,promote,,thin,206,batch_ok,"moratorium-nation:sd-yankton-county-2026 (CC-BY-4.0, github.com/mjbommar/moratorium-data-2026)"
2026-09-21,TN,Anderson County,active,2026-06-15,hold,upstream verify tag,,206,batch_ok,"moratorium-nation:tn-anderson-county-2026 (CC-BY-4.0, github.com/mjbommar/moratorium-data-2026)"
2026-09-21,TN,Cumberland County,active,2026-06-15,promote,,thin,206,batch_ok,"moratorium-nation:tn-cumberland-county-2026 (CC-BY-4.0, github.com/mjbommar/moratorium-data-2026)"
2026-09-21,TN,Knox County,active,2026-06-22,promote,,corroborated,206,batch_ok,"moratorium-nation:tn-knox-county-2026 (CC-BY-4.0, github.com/mjbommar/moratorium-data-2026)"
2026-09-21,TN,Loudon County,active,2026-06-29,promote,,corroborated,206,batch_ok,"moratorium-nation:tn-loudon-county-2026 (CC-BY-4.0, github.com/mjbommar/moratorium-data-2026)"
2026-09-21,TN,Morgan County,active,2026-06-12,hold,upstream verify tag,,206,batch_ok,"moratorium-nation:tn-morgan-county-2026 (CC-BY-4.0, github.com/mjbommar/moratorium-data-2026)"
2026-09-21,TN,Unincorporated Hamilton County,active,2026-07-15,hold,does not join county frame,,206,batch_ok,"moratorium-nation:tn-unincorporated-hamilton-county-2026 (CC-BY-4.0, github.com/mjbommar/moratorium-data-2026)"
2026-09-21,TN,Warren County,active,2026-06-22,hold,upstream verify tag,,206,batch_ok,"moratorium-nation:tn-warren-county-2026 (CC-BY-4.0, github.com/mjbommar/moratorium-data-2026)"
2026-09-21,TN,White County,active,2026-07,hold,upstream verify tag,,206,batch_ok,"moratorium-nation:tn-white-county-2026 (CC-BY-4.0, github.com/mjbommar/moratorium-data-2026)"
2026-09-21,TX,Austin County,pending,2026-07-27,hold,"pending, not enacted",,206,batch_ok,"moratorium-nation:tx-austin-county-2026 (CC-BY-4.0, github.com/mjbommar/moratorium-data-2026)"
2026-09-21,TX,Hill County,rescinded,2026-05-12,promote,,corroborated,206,batch_ok,"moratorium-nation:tx-hill-county-2026 (CC-BY-4.0, github.com/mjbommar/moratorium-data-2026)"
2026-09-21,UT,Box Elder County,active,2026-06-10,promote,,corroborated,206,batch_ok,"moratorium-nation:ut-box-elder-county-2026 (CC-BY-4.0, github.com/mjbommar/moratorium-data-2026)"
2026-09-21,UT,Cache County,active,2026-06-23,promote,,corroborated,206,batch_ok,"moratorium-nation:ut-cache-county-2026 (CC-BY-4.0, github.com/mjbommar/moratorium-data-2026)"
2026-09-21,UT,Grand County,active,2026-07-07,hold,upstream verify tag,,206,batch_ok,"moratorium-nation:ut-grand-county-2026 (CC-BY-4.0, github.com/mjbommar/moratorium-data-2026)"
2026-09-21,UT,Iron County,active,2026-05-26,promote,,corroborated,206,batch_ok,"moratorium-nation:ut-iron-county-2026 (CC-BY-4.0, github.com/mjbommar/moratorium-data-2026)"
2026-09-21,UT,Wayne County,active,2026-07-08,promote,,thin,206,batch_ok,"moratorium-nation:ut-wayne-county-2026 (CC-BY-4.0, github.com/mjbommar/moratorium-data-2026)"
2026-09-21,WA,Skagit County,active,2026-06-01,promote,,thin,206,batch_ok,"moratorium-nation:wa-skagit-county-2026 (CC-BY-4.0, github.com/mjbommar/moratorium-data-2026)"
2026-09-21,WA,Snohomish County,active,2026-06-24,promote,,thin,206,batch_ok,"moratorium-nation:wa-snohomish-county-2026 (CC-BY-4.0, github.com/mjbommar/moratorium-data-2026)"
2026-09-21,WI,Dane County,active,2026-06-04,promote,,corroborated,206,batch_ok,"moratorium-nation:wi-dane-county-2026 (CC-BY-4.0, github.com/mjbommar/moratorium-data-2026)"
2026-09-21,WI,Door County,active,2026-05-26,hold,upstream verify tag,,206,batch_ok,"moratorium-nation:wi-door-county-2026 (CC-BY-4.0, github.com/mjbommar/moratorium-data-2026)"
2026-09-21,WI,Grant County,active,2026-06-16,promote,,corroborated,206,batch_ok,"moratorium-nation:wi-grant-county-2026 (CC-BY-4.0, github.com/mjbommar/moratorium-data-2026)"
2026-09-21,WI,Green County,active,2026-07-14,promote,,thin,206,batch_ok,"moratorium-nation:wi-green-county-2026 (CC-BY-4.0, github.com/mjbommar/moratorium-data-2026)"
2026-09-21,WI,La Crosse County,active,2026-06-18,hold,upstream verify tag,,206,batch_ok,"moratorium-nation:wi-la-crosse-county-2026 (CC-BY-4.0, github.com/mjbommar/moratorium-data-2026)"
2026-09-21,WI,Monroe County,active,2026-07-21,promote,,thin,206,batch_ok,"moratorium-nation:wi-monroe-county-2026 (CC-BY-4.0, github.com/mjbommar/moratorium-data-2026)"
2026-09-21,WI,Shawano County,active,2026-06-24,promote,,thin,206,batch_ok,"moratorium-nation:wi-shawano-county-2026 (CC-BY-4.0, github.com/mjbommar/moratorium-data-2026)"
2026-09-28,AL,Morgan County,active,2026-06-23,promote,,thin,383,batch_ok,"moratorium-nation:al-morgan-county-2026 (CC-BY-4.0, github.com/mjbommar/moratorium-data-2026)"
2026-09-28,AZ,Pima County,active,2026-08-11,promote,,thin,383,batch_ok,"moratorium-nation:az-pima-county-2026 (CC-BY-4.0, github.com/mjbommar/moratorium-data-2026)"
2026-09-28,AR,Carroll County,active,2026-06-16,hold,upstream verify tag,,383,batch_ok,"moratorium-nation:ar-carroll-county-2026 (CC-BY-4.0, github.com/mjbommar/moratorium-data-2026)"
2026-09-28,AR,Independence County,active,2026-08-10,promote,,thin,383,batch_ok,"moratorium-nation:ar-independence-county-2026 (CC-BY-4.0, github.com/mjbommar/moratorium-data-2026)"
2026-09-28,AR,Madison County,active,2026-08-17,promote,,thin,383,batch_ok,"moratorium-nation:ar-madison-county-2026 (CC-BY-4.0, github.com/mjbommar/moratorium-data-2026)"
2026-09-28,AR,Union County,active,2026-06-30,hold,upstream verify tag,,383,batch_ok,"moratorium-nation:ar-union-county-2026 (CC-BY-4.0, github.com/mjbommar/moratorium-data-2026)"
2026-09-28,CA,Calaveras County,active,2026-08-25,promote,,thin,383,batch_ok,"moratorium-nation:ca-calaveras-county-2026 (CC-BY-4.0, github.com/mjbommar/moratorium-data-2026)"
2026-09-28,CA,Humboldt County,pending,,hold,"pending, not enacted",,383,batch_ok,"moratorium-nation:ca-humboldt-county-undated (CC-BY-4.0, github.com/mjbommar/moratorium-data-2026)"
2026-09-28,CA,Los Angeles County,active,2026-09-17,promote,,corroborated,383,batch_ok,"moratorium-nation:ca-los-angeles-county-2026 (CC-BY-4.0, github.com/mjbommar/moratorium-data-2026)"
2026-09-28,CA,Mendocino County,active,2026-09-01,promote,,thin,383,batch_ok,"moratorium-nation:ca-mendocino-county-2026 (CC-BY-4.0, github.com/mjbommar/moratorium-data-2026)"
2026-09-28,CA,Tulare County,extended,2026-08-18,promote,,thin,383,batch_ok,"moratorium-nation:ca-tulare-county-2026 (CC-BY-4.0, github.com/mjbommar/moratorium-data-2026)"
2026-09-28,CO,Archuleta County,active,2026-06-16,promote,,thin,383,batch_ok,"moratorium-nation:co-archuleta-county-2026 (CC-BY-4.0, github.com/mjbommar/moratorium-data-2026)"
2026-09-28,CO,Boulder County,active,2026-06-02,hold,upstream verify tag,,383,batch_ok,"moratorium-nation:co-boulder-county-2026 (CC-BY-4.0, github.com/mjbommar/moratorium-data-2026)"
2026-09-28,CO,Grand County,active,2026-06-09,hold,upstream verify tag,,383,batch_ok,"moratorium-nation:co-grand-county-2026 (CC-BY-4.0, github.com/mjbommar/moratorium-data-2026)"
2026-09-28,CO,Montrose County,active,2026-07-01,promote,,thin,383,batch_ok,"moratorium-nation:co-montrose-county-2026 (CC-BY-4.0, github.com/mjbommar/moratorium-data-2026)"
2026-09-28,CO,Phillips County,extended,2026-02-27,promote,,thin,383,batch_ok,"moratorium-nation:co-phillips-county-2026 (CC-BY-4.0, github.com/mjbommar/moratorium-data-2026)"
2026-09-28,CO,Saguache County,active,2026-05-05,hold,upstream verify tag,,383,batch_ok,"moratorium-nation:co-saguache-county-2026 (CC-BY-4.0, github.com/mjbommar/moratorium-data-2026)"
2026-09-28,FL,Bay County,active,2026-07-07,promote,,thin,383,batch_ok,"moratorium-nation:fl-bay-county-2026 (CC-BY-4.0, github.com/mjbommar/moratorium-data-2026)"
2026-09-28,FL,DeSoto County,active,2026-07-28,promote,,thin,383,batch_ok,"moratorium-nation:fl-desoto-county-2026 (CC-BY-4.0, github.com/mjbommar/moratorium-data-2026)"
2026-09-28,FL,Flagler County,active,2026-08-03,promote,,thin,383,batch_ok,"moratorium-nation:fl-flagler-county-2026 (CC-BY-4.0, github.com/mjbommar/moratorium-data-2026)"
2026-09-28,FL,Franklin County,active,2026-07-15,promote,,thin,383,batch_ok,"moratorium-nation:fl-franklin-county-2026 (CC-BY-4.0, github.com/mjbommar/moratorium-data-2026)"
2026-09-28,FL,Hillsborough County,pending,,hold,"pending, not enacted",,383,batch_ok,"moratorium-nation:fl-hillsborough-county-undated (CC-BY-4.0, github.com/mjbommar/moratorium-data-2026)"
2026-09-28,FL,Holmes County,active,2026-06-16,promote,,thin,383,batch_ok,"moratorium-nation:fl-holmes-county-2026 (CC-BY-4.0, github.com/mjbommar/moratorium-data-2026)"
2026-09-28,FL,Lake County,active,2026-09-08,promote,,thin,383,batch_ok,"moratorium-nation:fl-lake-county-2026 (CC-BY-4.0, github.com/mjbommar/moratorium-data-2026)"
2026-09-28,FL,Leon County,pending,,hold,"pending, not enacted",,383,batch_ok,"moratorium-nation:fl-leon-county-undated (CC-BY-4.0, github.com/mjbommar/moratorium-data-2026)"
2026-09-28,FL,Levy County,active,2026-09-08,promote,,thin,383,batch_ok,"moratorium-nation:fl-levy-county-2026 (CC-BY-4.0, github.com/mjbommar/moratorium-data-2026)"
2026-09-28,FL,Madison County,active,2026-07-22,hold,upstream verify tag,,383,batch_ok,"moratorium-nation:fl-madison-county-2026 (CC-BY-4.0, github.com/mjbommar/moratorium-data-2026)"
2026-09-28,FL,Manatee County,active,2026-09-22,promote,,thin,383,batch_ok,"moratorium-nation:fl-manatee-county-2026 (CC-BY-4.0, github.com/mjbommar/moratorium-data-2026)"
2026-09-28,FL,Marion County,active,2026-09-15,promote,,thin,383,batch_ok,"moratorium-nation:fl-marion-county-2026 (CC-BY-4.0, github.com/mjbommar/moratorium-data-2026)"
2026-09-28,FL,Martin County,pending,,hold,"pending, not enacted",,383,batch_ok,"moratorium-nation:fl-martin-county-undated (CC-BY-4.0, github.com/mjbommar/moratorium-data-2026)"
2026-09-28,FL,Orange County,pending,,hold,"pending, not enacted",,383,batch_ok,"moratorium-nation:fl-orange-county-undated (CC-BY-4.0, github.com/mjbommar/moratorium-data-2026)"
2026-09-28,FL,Palm Beach County,active,2026-07-07,hold,upstream verify tag,,383,batch_ok,"moratorium-nation:fl-palm-beach-county-2026 (CC-BY-4.0, github.com/mjbommar/moratorium-data-2026)"
2026-09-28,FL,Pasco County,active,2026-07-14,promote,,thin,383,batch_ok,"moratorium-nation:fl-pasco-county-2026 (CC-BY-4.0, github.com/mjbommar/moratorium-data-2026)"
2026-09-28,FL,Putnam County,active,2026-09-08,promote,,thin,383,batch_ok,"moratorium-nation:fl-putnam-county-2026 (CC-BY-4.0, github.com/mjbommar/moratorium-data-2026)"
2026-09-28,FL,Santa Rosa County,active,2026-07-23,hold,upstream verify tag,,383,batch_ok,"moratorium-nation:fl-santa-rosa-county-2026 (CC-BY-4.0, github.com/mjbommar/moratorium-data-2026)"
2026-09-28,FL,Sarasota County,active,2026-07-08,hold,upstream verify tag,,383,batch_ok,"moratorium-nation:fl-sarasota-county-2026 (CC-BY-4.0, github.com/mjbommar/moratorium-data-2026)"
2026-09-28,FL,St. Johns County,pending,,hold,"pending, not enacted",,383,batch_ok,"moratorium-nation:fl-st-johns-county-undated (CC-BY-4.0, github.com/mjbommar/moratorium-data-2026)"
2026-09-28,FL,Washington County,active,2026-08-20,promote,,thin,383,batch_ok,"moratorium-nation:fl-washington-county-2026 (CC-BY-4.0, github.com/mjbommar/moratorium-data-2026)"
2026-09-28,GA,Appling County,expired,2026-08-04,promote,,thin,383,batch_ok,"moratorium-nation:ga-appling-county-2026 (CC-BY-4.0, github.com/mjbommar/moratorium-data-2026)"
2026-09-28,GA,Augusta-Richmond County,replaced,2026-06-02,hold,does not join county frame,,383,batch_ok,"moratorium-nation:ga-augusta-richmond-county-undated (CC-BY-4.0, github.com/mjbommar/moratorium-data-2026)"
2026-09-28,GA,Banks County,extended,2026-08,promote,,thin,383,batch_ok,"moratorium-nation:ga-banks-county-2026 (CC-BY-4.0, github.com/mjbommar/moratorium-data-2026)"
2026-09-28,GA,Camden County,active,2026-05-05,hold,upstream verify tag,,383,batch_ok,"moratorium-nation:ga-camden-county-2026 (CC-BY-4.0, github.com/mjbommar/moratorium-data-2026)"
2026-09-28,GA,Chatham County,active,2026-09-11,promote,,thin,383,batch_ok,"moratorium-nation:ga-chatham-county-2026 (CC-BY-4.0, github.com/mjbommar/moratorium-data-2026)"
2026-09-28,GA,Colquitt County,extended,2026-06-02,promote,,thin,383,batch_ok,"moratorium-nation:ga-colquitt-county-2026 (CC-BY-4.0, github.com/mjbommar/moratorium-data-2026)"
2026-09-28,GA,Crawford County,extended,2026-01-06,promote,,corroborated,383,batch_ok,"moratorium-nation:ga-crawford-county-2026 (CC-BY-4.0, github.com/mjbommar/moratorium-data-2026)"
2026-09-28,GA,Franklin County,active,2026-07-06,hold,upstream verify tag,,383,batch_ok,"moratorium-nation:ga-franklin-county-2026 (CC-BY-4.0, github.com/mjbommar/moratorium-data-2026)"
2026-09-28,GA,Gordon County,extended,2026-02-03,promote,,corroborated,383,batch_ok,"moratorium-nation:ga-gordon-county-undated (CC-BY-4.0, github.com/mjbommar/moratorium-data-2026)"
2026-09-28,GA,Heard County,expired,2026-03-17,hold,upstream verify tag,,383,batch_ok,"moratorium-nation:ga-heard-county-2026 (CC-BY-4.0, github.com/mjbommar/moratorium-data-2026)"
2026-09-28,GA,Lee County,extended,2026-01,promote,,thin,383,batch_ok,"moratorium-nation:ga-lee-county-undated (CC-BY-4.0, github.com/mjbommar/moratorium-data-2026)"
2026-09-28,GA,Lowndes County,active,2026-08-25,promote,,corroborated,383,batch_ok,"moratorium-nation:ga-lowndes-county-2026 (CC-BY-4.0, github.com/mjbommar/moratorium-data-2026)"
2026-09-28,GA,Madison County,extended,2026-08-03,promote,,thin,383,batch_ok,"moratorium-nation:ga-madison-county-2026 (CC-BY-4.0, github.com/mjbommar/moratorium-data-2026)"
2026-09-28,GA,Meriwether County,extended,2026-02-24,promote,,thin,383,batch_ok,"moratorium-nation:ga-meriwether-county-2026 (CC-BY-4.0, github.com/mjbommar/moratorium-data-2026)"
2026-09-28,GA,Oglethorpe County,replaced,2026-07-06,hold,date unverified,,383,batch_ok,"moratorium-nation:ga-oglethorpe-county-2026 (CC-BY-4.0, github.com/mjbommar/moratorium-data-2026)"
2026-09-28,GA,Putnam County,active,2026-08-07,hold,upstream verify tag,,383,batch_ok,"moratorium-nation:ga-putnam-county-2026 (CC-BY-4.0, github.com/mjbommar/moratorium-data-2026)"
2026-09-28,GA,Rockdale County,extended,2026-01-13,promote,,corroborated,383,batch_ok,"moratorium-nation:ga-rockdale-county-undated (CC-BY-4.0, github.com/mjbommar/moratorium-data-2026)"
2026-09-28,GA,Stephens County,extended,2026-04-14,promote,,thin,383,batch_ok,"moratorium-nation:ga-stephens-county-undated (CC-BY-4.0, github.com/mjbommar/moratorium-data-2026)"
2026-09-28,GA,Terrell County,active,2026-07,hold,upstream verify tag,,383,batch_ok,"moratorium-nation:ga-terrell-county-2026 (CC-BY-4.0, github.com/mjbommar/moratorium-data-2026)"
2026-09-28,ID,Bannock County,active,2026-07-30,promote,,thin,383,batch_ok,"moratorium-nation:id-bannock-county-2026 (CC-BY-4.0, github.com/mjbommar/moratorium-data-2026)"
2026-09-28,ID,Elmore County,active,2026-07-02,promote,,thin,383,batch_ok,"moratorium-nation:id-elmore-county-2026 (CC-BY-4.0, github.com/mjbommar/moratorium-data-2026)"
2026-09-28,IL,Henry County,active,2026-06-18,promote,,thin,383,batch_ok,"moratorium-nation:il-henry-county-2026 (CC-BY-4.0, github.com/mjbommar/moratorium-data-2026)"
2026-09-28,IL,La Salle County,active,2026-06-08,hold,does not join county frame,,383,batch_ok,"moratorium-nation:il-la-salle-county-2026 (CC-BY-4.0, github.com/mjbommar/moratorium-data-2026)"
2026-09-28,IL,Lake County,active,2026-09-08,promote,,thin,383,batch_ok,"moratorium-nation:il-lake-county-2026 (CC-BY-4.0, github.com/mjbommar/moratorium-data-2026)"
2026-09-28,IL,Lawrence County,active,2026-09-17,promote,,thin,383,batch_ok,"moratorium-nation:il-lawrence-county-2026 (CC-BY-4.0, github.com/mjbommar/moratorium-data-2026)"
2026-09-28,IL,Lee County,active,2026-08-20,promote,,thin,383,batch_ok,"moratorium-nation:il-lee-county-2026 (CC-BY-4.0, github.com/mjbommar/moratorium-data-2026)"
2026-09-28,IL,Logan County,rescinded,2026-05-19,promote,,corroborated,383,batch_ok,"moratorium-nation:il-logan-county-2026 (CC-BY-4.0, github.com/mjbommar/moratorium-data-2026)"
2026-09-28,IL,Macon County,pending,,hold,"pending, not enacted",,383,batch_ok,"moratorium-nation:il-macon-county-undated (CC-BY-4.0, github.com/mjbommar/moratorium-data-2026)"
2026-09-28,IL,Tazewell County,active,2026-04-29,hold,upstream verify tag,,383,batch_ok,"moratorium-nation:il-tazewell-county-2026 (CC-BY-4.0, github.com/mjbommar/moratorium-data-2026)"
2026-09-28,IL,Woodford County,active,2026-08-18,promote,,thin,383,batch_ok,"moratorium-nation:il-woodford-county-2026 (CC-BY-4.0, github.com/mjbommar/moratorium-data-2026)"
2026-09-28,IN,Clark County,active,2026-08-27,hold,upstream verify tag,,383,batch_ok,"moratorium-nation:in-clark-county-2026 (CC-BY-4.0, github.com/mjbommar/moratorium-data-2026)"
2026-09-28,IN,Fayette County,active,2026-05-05,hold,upstream verify tag,,383,batch_ok,"moratorium-nation:in-fayette-county-2026 (CC-BY-4.0, github.com/mjbommar/moratorium-data-2026)"
2026-09-28,IN,Howard County,active,2026-08-17,promote,,thin,383,batch_ok,"moratorium-nation:in-howard-county-2026 (CC-BY-4.0, github.com/mjbommar/moratorium-data-2026)"
2026-09-28,IN,Owen County,pending,,hold,"pending, not enacted",,383,batch_ok,"moratorium-nation:in-owen-county-undated (CC-BY-4.0, github.com/mjbommar/moratorium-data-2026)"
2026-09-28,IN,Steuben County,active,2026-09-15,promote,,thin,383,batch_ok,"moratorium-nation:in-steuben-county-2026 (CC-BY-4.0, github.com/mjbommar/moratorium-data-2026)"
2026-09-28,IN,Wabash County,active,2026-08-31,promote,,thin,383,batch_ok,"moratorium-nation:in-wabash-county-2026 (CC-BY-4.0, github.com/mjbommar/moratorium-data-2026)"
2026-09-28,IN,Warrick County,active,2026-08-11,hold,upstream verify tag,,383,batch_ok,"moratorium-nation:in-warrick-county-undated (CC-BY-4.0, github.com/mjbommar/moratorium-data-2026)"
2026-09-28,IA,Boone County,active,2026-09-09,promote,,thin,383,batch_ok,"moratorium-nation:ia-boone-county-2026 (CC-BY-4.0, github.com/mjbommar/moratorium-data-2026)"
2026-09-28,IA,Buchanan County,extended,2026-01,promote,,thin,383,batch_ok,"moratorium-nation:ia-buchanan-county-2026 (CC-BY-4.0, github.com/mjbommar/moratorium-data-2026)"
2026-09-28,IA,Cedar County,active,2026-05-26,hold,upstream verify tag,,383,batch_ok,"moratorium-nation:ia-cedar-county-2026 (CC-BY-4.0, github.com/mjbommar/moratorium-data-2026)"
2026-09-28,IA,Emmet County,active,2026-08-25,promote,,thin,383,batch_ok,"moratorium-nation:ia-emmet-county-2026 (CC-BY-4.0, github.com/mjbommar/moratorium-data-2026)"
2026-09-28,IA,Henry County,active,2026-05-14,promote,,corroborated,383,batch_ok,"moratorium-nation:ia-henry-county-2026 (CC-BY-4.0, github.com/mjbommar/moratorium-data-2026)"
2026-09-28,IA,Ida County,active,2026-06-30,promote,,thin,383,batch_ok,"moratorium-nation:ia-ida-county-2026 (CC-BY-4.0, github.com/mjbommar/moratorium-data-2026)"
2026-09-28,IA,Iowa County,active,2026-07-31,promote,,thin,383,batch_ok,"moratorium-nation:ia-iowa-county-2026 (CC-BY-4.0, github.com/mjbommar/moratorium-data-2026)"
2026-09-28,IA,Jackson County,extended,2024-09-17,promote,,corroborated,383,batch_ok,"moratorium-nation:ia-jackson-county-2024 (CC-BY-4.0, github.com/mjbommar/moratorium-data-2026)"
2026-09-28,IA,Jefferson County,active,2026-08-11,promote,,thin,383,batch_ok,"moratorium-nation:ia-jefferson-county-2026 (CC-BY-4.0, github.com/mjbommar/moratorium-data-2026)"
2026-09-28,IA,Louisa County,active,2026-07-07,promote,,thin,383,batch_ok,"moratorium-nation:ia-louisa-county-2026 (CC-BY-4.0, github.com/mjbommar/moratorium-data-2026)"
2026-09-28,IA,Madison County,active,2026-05-26,hold,upstream verify tag,,383,batch_ok,"moratorium-nation:ia-madison-county-2026 (CC-BY-4.0, github.com/mjbommar/moratorium-data-2026)"
2026-09-28,IA,Marshall County,pending,,hold,"pending, not enacted",,383,batch_ok,"moratorium-nation:ia-marshall-county-undated (CC-BY-4.0, github.com/mjbommar/moratorium-data-2026)"
2026-09-28,IA,Page County,active,2026-07-21,hold,upstream verify tag,,383,batch_ok,"moratorium-nation:ia-page-county-2026 (CC-BY-4.0, github.com/mjbommar/moratorium-data-2026)"
2026-09-28,IA,Taylor County,active,2026-05-07,promote,,thin,383,batch_ok,"moratorium-nation:ia-taylor-county-2026 (CC-BY-4.0, github.com/mjbommar/moratorium-data-2026)"
2026-09-28,KS,Bourbon County,active,2026-06-15,promote,,corroborated,383,batch_ok,"moratorium-nation:ks-bourbon-county-2026 (CC-BY-4.0, github.com/mjbommar/moratorium-data-2026)"
2026-09-28,KS,Dickinson County,active,2026-07-30,promote,,thin,383,batch_ok,"moratorium-nation:ks-dickinson-county-2026 (CC-BY-4.0, github.com/mjbommar/moratorium-data-2026)"
2026-09-28,KS,Franklin County,active,2026-09-02,promote,,thin,383,batch_ok,"moratorium-nation:ks-franklin-county-2026 (CC-BY-4.0, github.com/mjbommar/moratorium-data-2026)"
2026-09-28,KS,Leavenworth County,expired,2026-05-13,promote,,thin,383,batch_ok,"moratorium-nation:ks-leavenworth-county-2026 (CC-BY-4.0, github.com/mjbommar/moratorium-data-2026)"
2026-09-28,KS,Miami County,active,2026-03,hold,upstream verify tag,,383,batch_ok,"moratorium-nation:ks-miami-county-2026 (CC-BY-4.0, github.com/mjbommar/moratorium-data-2026)"
2026-09-28,KS,Neosho County,active,2026-05-19,promote,,thin,383,batch_ok,"moratorium-nation:ks-neosho-county-2026 (CC-BY-4.0, github.com/mjbommar/moratorium-data-2026)"
2026-09-28,KS,Shawnee County,active,2026-08-13,promote,,thin,383,batch_ok,"moratorium-nation:ks-shawnee-county-2026 (CC-BY-4.0, github.com/mjbommar/moratorium-data-2026)"
2026-09-28,KY,Allen County,active,2026-06-10,promote,,thin,383,batch_ok,"moratorium-nation:ky-allen-county-2026 (CC-BY-4.0, github.com/mjbommar/moratorium-data-2026)"
2026-09-28,KY,Bell County,active,2026-07-02,hold,upstream verify tag,,383,batch_ok,"moratorium-nation:ky-bell-county-2026 (CC-BY-4.0, github.com/mjbommar/moratorium-data-2026)"
2026-09-28,KY,Boone County,active,2026-06-15,promote,,thin,383,batch_ok,"moratorium-nation:ky-boone-county-2026 (CC-BY-4.0, github.com/mjbommar/moratorium-data-2026)"
2026-09-28,KY,Boyd County Fiscal Court,active,2026-07-21,hold,does not join county frame,,383,batch_ok,"moratorium-nation:ky-boyd-county-fiscal-court-2026 (CC-BY-4.0, github.com/mjbommar/moratorium-data-2026)"
2026-09-28,KY,Bullitt County,active,2026-07-21,hold,upstream verify tag,,383,batch_ok,"moratorium-nation:ky-bullitt-county-2026 (CC-BY-4.0, github.com/mjbommar/moratorium-data-2026)"
2026-09-28,KY,Butler County,active,2026-07-13,promote,,corroborated,383,batch_ok,"moratorium-nation:ky-butler-county-2026 (CC-BY-4.0, github.com/mjbommar/moratorium-data-2026)"
2026-09-28,KY,Calloway County,pending,,hold,"pending, not enacted",,383,batch_ok,"moratorium-nation:ky-calloway-county-undated (CC-BY-4.0, github.com/mjbommar/moratorium-data-2026)"
2026-09-28,KY,Daviess County,active,2026-05-28,hold,upstream verify tag,,383,batch_ok,"moratorium-nation:ky-daviess-county-2026 (CC-BY-4.0, github.com/mjbommar/moratorium-data-2026)"
2026-09-28,KY,Greenup County,active,2026-07,promote,,thin,383,batch_ok,"moratorium-nation:ky-greenup-county-2026 (CC-BY-4.0, github.com/mjbommar/moratorium-data-2026)"
2026-09-28,KY,Harrison County,active,2026-08-11,promote,,thin,383,batch_ok,"moratorium-nation:ky-harrison-county-2026 (CC-BY-4.0, github.com/mjbommar/moratorium-data-2026)"
2026-09-28,KY,Jessamine County,active,2026-08-04,hold,upstream verify tag,,383,batch_ok,"moratorium-nation:ky-jessamine-county-2026 (CC-BY-4.0, github.com/mjbommar/moratorium-data-2026)"
2026-09-28,KY,Logan County,active,2026-07-28,promote,,thin,383,batch_ok,"moratorium-nation:ky-logan-county-2026 (CC-BY-4.0, github.com/mjbommar/moratorium-data-2026)"
2026-09-28,KY,Lyon County,active,2026-08,hold,upstream verify tag,,383,batch_ok,"moratorium-nation:ky-lyon-county-2026 (CC-BY-4.0, github.com/mjbommar/moratorium-data-2026)"
2026-09-28,KY,Mercer County Fiscal Court,active,2026-08-11,hold,does not join county frame,,383,batch_ok,"moratorium-nation:ky-mercer-county-fiscal-court-undated (CC-BY-4.0, github.com/mjbommar/moratorium-data-2026)"
2026-09-28,KY,Montgomery County,pending,,hold,"pending, not enacted",,383,batch_ok,"moratorium-nation:ky-montgomery-county-undated (CC-BY-4.0, github.com/mjbommar/moratorium-data-2026)"
2026-09-28,KY,Rowan County,active,2026-08,hold,upstream verify tag,,383,batch_ok,"moratorium-nation:ky-rowan-county-2026 (CC-BY-4.0, github.com/mjbommar/moratorium-data-2026)"
2026-09-28,KY,Scott County,extended,2026-03-13,promote,,thin,383,batch_ok,"moratorium-nation:ky-scott-county-2026 (CC-BY-4.0, github.com/mjbommar/moratorium-data-2026)"
2026-09-28,KY,Shelby County,active,2026-07-21,hold,upstream verify tag,,383,batch_ok,"moratorium-nation:ky-shelby-county-2026 (CC-BY-4.0, github.com/mjbommar/moratorium-data-2026)"
2026-09-28,MD,Anne Arundel County,pending,,hold,"pending, not enacted",,383,batch_ok,"moratorium-nation:md-anne-arundel-county-undated (CC-BY-4.0, github.com/mjbommar/moratorium-data-2026)"
2026-09-28,MD,Calvert County,active,2026-08-18,promote,,thin,383,batch_ok,"moratorium-nation:md-calvert-county-2026 (CC-BY-4.0, github.com/mjbommar/moratorium-data-2026)"
2026-09-28,MD,Caroline County,active,2026-07-21,promote,,thin,383,batch_ok,"moratorium-nation:md-caroline-county-2026 (CC-BY-4.0, github.com/mjbommar/moratorium-data-2026)"
2026-09-28,MD,Carroll County,active,2026-02-19,promote,,corroborated,383,batch_ok,"moratorium-nation:md-carroll-county-2026 (CC-BY-4.0, github.com/mjbommar/moratorium-data-2026)"
2026-09-28,MD,Dorchester County,active,2026-08-04,promote,,thin,383,batch_ok,"moratorium-nation:md-dorchester-county-2026 (CC-BY-4.0, github.com/mjbommar/moratorium-data-2026)"
2026-09-28,MD,Howard County,active,2026-06-01,promote,,corroborated,383,batch_ok,"moratorium-nation:md-howard-county-2026 (CC-BY-4.0, github.com/mjbommar/moratorium-data-2026)"
2026-09-28,MD,Queen Anne's County,active,2026-06-04,promote,,thin,383,batch_ok,"moratorium-nation:md-queen-anne-s-county-2026 (CC-BY-4.0, github.com/mjbommar/moratorium-data-2026)"
2026-09-28,MD,Somerset County,pending,,hold,"pending, not enacted",,383,batch_ok,"moratorium-nation:md-somerset-county-undated (CC-BY-4.0, github.com/mjbommar/moratorium-data-2026)"
2026-09-28,MD,Talbot County,active,2026-09-08,promote,,thin,383,batch_ok,"moratorium-nation:md-talbot-county-2026 (CC-BY-4.0, github.com/mjbommar/moratorium-data-2026)"
2026-09-28,MD,Wicomico County,active,2026-08-04,promote,,thin,383,batch_ok,"moratorium-nation:md-wicomico-county-2026 (CC-BY-4.0, github.com/mjbommar/moratorium-data-2026)"
2026-09-28,MD,Worcester County,active,2026-07-21,promote,,thin,383,batch_ok,"moratorium-nation:md-worcester-county-2026 (CC-BY-4.0, github.com/mjbommar/moratorium-data-2026)"
2026-09-28,MI,Delta County,active,2026-07-21,promote,,thin,383,batch_ok,"moratorium-nation:mi-delta-county-2026 (CC-BY-4.0, github.com/mjbommar/moratorium-data-2026)"
2026-09-28,MI,Huron County,active,2026-05-27,promote,,thin,383,batch_ok,"moratorium-nation:mi-huron-county-2026 (CC-BY-4.0, github.com/mjbommar/moratorium-data-2026)"
2026-09-28,MN,Blue Earth County,active,2026-08-25,promote,,corroborated,383,batch_ok,"moratorium-nation:mn-blue-earth-county-2026 (CC-BY-4.0, github.com/mjbommar/moratorium-data-2026)"
2026-09-28,MN,Carlton County,active,2026-08-24,promote,,thin,383,batch_ok,"moratorium-nation:mn-carlton-county-2026 (CC-BY-4.0, github.com/mjbommar/moratorium-data-2026)"
2026-09-28,MN,Chisago County,active,2026-08-05,promote,,thin,383,batch_ok,"moratorium-nation:mn-chisago-county-2026 (CC-BY-4.0, github.com/mjbommar/moratorium-data-2026)"
2026-09-28,MN,Freeborn County,extended,2025-08-19,promote,,thin,383,batch_ok,"moratorium-nation:mn-freeborn-county-2025 (CC-BY-4.0, github.com/mjbommar/moratorium-data-2026)"
2026-09-28,MN,Pine County,extended,2026-07,promote,,thin,383,batch_ok,"moratorium-nation:mn-pine-county-2026 (CC-BY-4.0, github.com/mjbommar/moratorium-data-2026)"
2026-09-28,MO,Benton County,active,2026-08-10,promote,,thin,383,batch_ok,"moratorium-nation:mo-benton-county-2026 (CC-BY-4.0, github.com/mjbommar/moratorium-data-2026)"
2026-09-28,MO,Cedar County,active,2026-09-08,promote,,thin,383,batch_ok,"moratorium-nation:mo-cedar-county-2026 (CC-BY-4.0, github.com/mjbommar/moratorium-data-2026)"
2026-09-28,MO,Marion County,replaced,2026-06-15,hold,upstream verify tag,,383,batch_ok,"moratorium-nation:mo-marion-county-2026 (CC-BY-4.0, github.com/mjbommar/moratorium-data-2026)"
2026-09-28,MO,Ralls County,active,2026-08-23,promote,,thin,383,batch_ok,"moratorium-nation:mo-ralls-county-2026 (CC-BY-4.0, github.com/mjbommar/moratorium-data-2026)"
2026-09-28,MO,Stone County,active,2026-06-04,promote,,thin,383,batch_ok,"moratorium-nation:mo-stone-county-2026 (CC-BY-4.0, github.com/mjbommar/moratorium-data-2026)"
2026-09-28,MT,Butte-Silver Bow,pending,,hold,does not join county frame,,383,batch_ok,"moratorium-nation:mt-butte-silver-bow-undated (CC-BY-4.0, github.com/mjbommar/moratorium-data-2026)"
2026-09-28,NE,Box Butte County,active,2026,hold,upstream verify tag,,383,batch_ok,"moratorium-nation:ne-box-butte-county-2026 (CC-BY-4.0, github.com/mjbommar/moratorium-data-2026)"
2026-09-28,NE,Butler County,active,2026-03-16,promote,,thin,383,batch_ok,"moratorium-nation:ne-butler-county-2026 (CC-BY-4.0, github.com/mjbommar/moratorium-data-2026)"
2026-09-28,NE,Cass County,active,2026-08-11,promote,,thin,383,batch_ok,"moratorium-nation:ne-cass-county-2026 (CC-BY-4.0, github.com/mjbommar/moratorium-data-2026)"
2026-09-28,NE,Custer County,active,2026-03-31,promote,,corroborated,383,batch_ok,"moratorium-nation:ne-custer-county-2026 (CC-BY-4.0, github.com/mjbommar/moratorium-data-2026)"
2026-09-28,NE,Dundy County,extended,2025-06,promote,,thin,383,batch_ok,"moratorium-nation:ne-dundy-county-2025 (CC-BY-4.0, github.com/mjbommar/moratorium-data-2026)"
2026-09-28,NE,Gage County,active,2026-09-16,promote,,thin,383,batch_ok,"moratorium-nation:ne-gage-county-2026 (CC-BY-4.0, github.com/mjbommar/moratorium-data-2026)"
2026-09-28,NE,Garfield County,pending,,hold,"pending, not enacted",,383,batch_ok,"moratorium-nation:ne-garfield-county-undated (CC-BY-4.0, github.com/mjbommar/moratorium-data-2026)"
2026-09-28,NE,Harlan County,active,2026,hold,upstream verify tag,,383,batch_ok,"moratorium-nation:ne-harlan-county-2026 (CC-BY-4.0, github.com/mjbommar/moratorium-data-2026)"
2026-09-28,NE,Hayes County,active,2026,hold,upstream verify tag,,383,batch_ok,"moratorium-nation:ne-hayes-county-2026 (CC-BY-4.0, github.com/mjbommar/moratorium-data-2026)"
2026-09-28,NE,Johnson County,active,2026,hold,upstream verify tag,,383,batch_ok,"moratorium-nation:ne-johnson-county-2026 (CC-BY-4.0, github.com/mjbommar/moratorium-data-2026)"
2026-09-28,NE,Kearney County,active,2026,hold,upstream verify tag,,383,batch_ok,"moratorium-nation:ne-kearney-county-2026 (CC-BY-4.0, github.com/mjbommar/moratorium-data-2026)"
2026-09-28,NE,McPherson County,active,2026-06-10,promote,,thin,383,batch_ok,"moratorium-nation:ne-mcpherson-county-2026 (CC-BY-4.0, github.com/mjbommar/moratorium-data-2026)"
2026-09-28,NE,Red Willow County,extended,2025-09-22,promote,,thin,383,batch_ok,"moratorium-nation:ne-red-willow-county-2025 (CC-BY-4.0, github.com/mjbommar/moratorium-data-2026)"
2026-09-28,NV,White Pine County,active,2026-07-22,promote,,thin,383,batch_ok,"moratorium-nation:nv-white-pine-county-2026 (CC-BY-4.0, github.com/mjbommar/moratorium-data-2026)"
2026-09-28,NM,Colfax County,active,2026-08-25,hold,date unverified,,383,batch_ok,"moratorium-nation:nm-colfax-county-2026 (CC-BY-4.0, github.com/mjbommar/moratorium-data-2026)"
2026-09-28,NM,Grant County,pending,,hold,"pending, not enacted",,383,batch_ok,"moratorium-nation:nm-grant-county-undated (CC-BY-4.0, github.com/mjbommar/moratorium-data-2026)"
2026-09-28,NM,Sierra County,active,2026-07-21,promote,,thin,383,batch_ok,"moratorium-nation:nm-sierra-county-2026 (CC-BY-4.0, github.com/mjbommar/moratorium-data-2026)"
2026-09-28,NC,Alamance County,active,2026-08-17,promote,,thin,383,batch_ok,"moratorium-nation:nc-alamance-county-2026 (CC-BY-4.0, github.com/mjbommar/moratorium-data-2026)"
2026-09-28,NC,Beaufort County,pending,,hold,"pending, not enacted",,383,batch_ok,"moratorium-nation:nc-beaufort-county-undated (CC-BY-4.0, github.com/mjbommar/moratorium-data-2026)"
2026-09-28,NC,Camden County,active,2026-08-03,promote,,thin,383,batch_ok,"moratorium-nation:nc-camden-county-2026 (CC-BY-4.0, github.com/mjbommar/moratorium-data-2026)"
2026-09-28,NC,Davie County,active,2026-07-06,promote,,thin,383,batch_ok,"moratorium-nation:nc-davie-county-2026 (CC-BY-4.0, github.com/mjbommar/moratorium-data-2026)"
2026-09-28,NC,Durham County,active,2026-08-24,promote,,corroborated,383,batch_ok,"moratorium-nation:nc-durham-county-2026 (CC-BY-4.0, github.com/mjbommar/moratorium-data-2026)"
2026-09-28,NC,Edgecombe County,active,2026-08-03,promote,,thin,383,batch_ok,"moratorium-nation:nc-edgecombe-county-2026 (CC-BY-4.0, github.com/mjbommar/moratorium-data-2026)"
2026-09-28,NC,Guilford County,pending,,hold,"pending, not enacted",,383,batch_ok,"moratorium-nation:nc-guilford-county-undated (CC-BY-4.0, github.com/mjbommar/moratorium-data-2026)"
2026-09-28,NC,Halifax County,pending,,hold,"pending, not enacted",,383,batch_ok,"moratorium-nation:nc-halifax-county-undated (CC-BY-4.0, github.com/mjbommar/moratorium-data-2026)"
2026-09-28,NC,Harnett County,active,2026-05-04,promote,,thin,383,batch_ok,"moratorium-nation:nc-harnett-county-2026 (CC-BY-4.0, github.com/mjbommar/moratorium-data-2026)"
2026-09-28,NC,Jackson County,active,2026-08-18,promote,,thin,383,batch_ok,"moratorium-nation:nc-jackson-county-2026 (CC-BY-4.0, github.com/mjbommar/moratorium-data-2026)"
2026-09-28,NC,McDowell County,active,2026-08-31,promote,,thin,383,batch_ok,"moratorium-nation:nc-mcdowell-county-2026-2 (CC-BY-4.0, github.com/mjbommar/moratorium-data-2026)"
2026-09-28,NC,Nash County,active,2026-09-08,promote,,thin,383,batch_ok,"moratorium-nation:nc-nash-county-2026 (CC-BY-4.0, github.com/mjbommar/moratorium-data-2026)"
2026-09-28,NC,Surry County,extended,2026-06-01,promote,,corroborated,383,batch_ok,"moratorium-nation:nc-surry-county-2026 (CC-BY-4.0, github.com/mjbommar/moratorium-data-2026)"
2026-09-28,NC,Vance County,active,2026-09-14,promote,,thin,383,batch_ok,"moratorium-nation:nc-vance-county-2026 (CC-BY-4.0, github.com/mjbommar/moratorium-data-2026)"
2026-09-28,NC,Warren County,active,2026-08-19,promote,,thin,383,batch_ok,"moratorium-nation:nc-warren-county-2026 (CC-BY-4.0, github.com/mjbommar/moratorium-data-2026)"
2026-09-28,NC,Yadkin County,active,2026-08-17,promote,,thin,383,batch_ok,"moratorium-nation:nc-yadkin-county-2026 (CC-BY-4.0, github.com/mjbommar/moratorium-data-2026)"
2026-09-28,OH,Fayette County,active,2026-09-21,promote,,thin,383,batch_ok,"moratorium-nation:oh-fayette-county-2026 (CC-BY-4.0, github.com/mjbommar/moratorium-data-2026)"
2026-09-28,OR,Clackamas County,pending,,hold,"pending, not enacted",,383,batch_ok,"moratorium-nation:or-clackamas-county-undated (CC-BY-4.0, github.com/mjbommar/moratorium-data-2026)"
2026-09-28,PA,Lycoming County,active,2026-06-18,hold,date unverified,,383,batch_ok,"moratorium-nation:pa-lycoming-county-2026 (CC-BY-4.0, github.com/mjbommar/moratorium-data-2026)"
2026-09-28,SC,Anderson County,active,2026-08-18,promote,,thin,383,batch_ok,"moratorium-nation:sc-anderson-county-2026 (CC-BY-4.0, github.com/mjbommar/moratorium-data-2026)"
2026-09-28,SC,Chester County,active,2026-07-20,promote,,thin,383,batch_ok,"moratorium-nation:sc-chester-county-2026 (CC-BY-4.0, github.com/mjbommar/moratorium-data-2026)"
2026-09-28,SC,Clarendon County,active,2026-09-14,promote,,thin,383,batch_ok,"moratorium-nation:sc-clarendon-county-2026 (CC-BY-4.0, github.com/mjbommar/moratorium-data-2026)"
2026-09-28,SC,Fairfield County,active,2026-09-14,promote,,thin,383,batch_ok,"moratorium-nation:sc-fairfield-county-2026 (CC-BY-4.0, github.com/mjbommar/moratorium-data-2026)"
2026-09-28,SC,Greenwood County,active,2026-07-21,hold,upstream verify tag,,383,batch_ok,"moratorium-nation:sc-greenwood-county-2026 (CC-BY-4.0, github.com/mjbommar/moratorium-data-2026)"
2026-09-28,SC,Jasper County,active,2026-09-21,promote,,thin,383,batch_ok,"moratorium-nation:sc-jasper-county-2026 (CC-BY-4.0, github.com/mjbommar/moratorium-data-2026)"
2026-09-28,SC,Kershaw County,active,2026-09-22,promote,,thin,383,batch_ok,"moratorium-nation:sc-kershaw-county-2026 (CC-BY-4.0, github.com/mjbommar/moratorium-data-2026)"
2026-09-28,SC,Laurens County,active,2026-09-14,promote,,thin,383,batch_ok,"moratorium-nation:sc-laurens-county-2026 (CC-BY-4.0, github.com/mjbommar/moratorium-data-2026)"
2026-09-28,SC,Newberry County,active,2026-06-05,promote,,corroborated,383,batch_ok,"moratorium-nation:sc-newberry-county-2026 (CC-BY-4.0, github.com/mjbommar/moratorium-data-2026)"
2026-09-28,SC,Orangeburg County,active,2026-09-08,promote,,thin,383,batch_ok,"moratorium-nation:sc-orangeburg-county-2026 (CC-BY-4.0, github.com/mjbommar/moratorium-data-2026)"
2026-09-28,SC,Spartanburg County,active,2026-09-21,promote,,thin,383,batch_ok,"moratorium-nation:sc-spartanburg-county-2026 (CC-BY-4.0, github.com/mjbommar/moratorium-data-2026)"
2026-09-28,SC,Sumter County,active,2026-08-11,promote,,thin,383,batch_ok,"moratorium-nation:sc-sumter-county-2026 (CC-BY-4.0, github.com/mjbommar/moratorium-data-2026)"
2026-09-28,TN,Anderson County,active,2026-06-15,hold,upstream verify tag,,383,batch_ok,"moratorium-nation:tn-anderson-county-2026 (CC-BY-4.0, github.com/mjbommar/moratorium-data-2026)"
2026-09-28,TN,Blount County,pending,,hold,"pending, not enacted",,383,batch_ok,"moratorium-nation:tn-blount-county-undated (CC-BY-4.0, github.com/mjbommar/moratorium-data-2026)"
2026-09-28,TN,Carter County,active,2026-08-17,promote,,thin,383,batch_ok,"moratorium-nation:tn-carter-county-2026 (CC-BY-4.0, github.com/mjbommar/moratorium-data-2026)"
2026-09-28,TN,Cocke County,active,2026-06-15,promote,,thin,383,batch_ok,"moratorium-nation:tn-cocke-county-2026 (CC-BY-4.0, github.com/mjbommar/moratorium-data-2026)"
2026-09-28,TN,Dickson County,active,2026-07-20,hold,upstream verify tag,,383,batch_ok,"moratorium-nation:tn-dickson-county-2026 (CC-BY-4.0, github.com/mjbommar/moratorium-data-2026)"
2026-09-28,TN,Hamblen County,pending,,hold,"pending, not enacted",,383,batch_ok,"moratorium-nation:tn-hamblen-county-undated (CC-BY-4.0, github.com/mjbommar/moratorium-data-2026)"
2026-09-28,TN,Maury County,active,2026-07-20,promote,,thin,383,batch_ok,"moratorium-nation:tn-maury-county-2026 (CC-BY-4.0, github.com/mjbommar/moratorium-data-2026)"
2026-09-28,TN,Moore County,active,2026-04-20,promote,,thin,383,batch_ok,"moratorium-nation:tn-moore-county-2026 (CC-BY-4.0, github.com/mjbommar/moratorium-data-2026)"
2026-09-28,TN,Morgan County,active,2026-06-12,hold,upstream verify tag,,383,batch_ok,"moratorium-nation:tn-morgan-county-2026 (CC-BY-4.0, github.com/mjbommar/moratorium-data-2026)"
2026-09-28,TN,Rhea County,active,2026-07-21,promote,,thin,383,batch_ok,"moratorium-nation:tn-rhea-county-2026 (CC-BY-4.0, github.com/mjbommar/moratorium-data-2026)"
2026-09-28,TN,Roane County,pending,,hold,"pending, not enacted",,383,batch_ok,"moratorium-nation:tn-roane-county-undated (CC-BY-4.0, github.com/mjbommar/moratorium-data-2026)"
2026-09-28,TN,Trousdale County,pending,,hold,"pending, not enacted",,383,batch_ok,"moratorium-nation:tn-trousdale-county-undated (CC-BY-4.0, github.com/mjbommar/moratorium-data-2026)"
2026-09-28,TN,Unincorporated Hamilton County,active,2026-07-15,hold,does not join county frame,,383,batch_ok,"moratorium-nation:tn-unincorporated-hamilton-county-2026 (CC-BY-4.0, github.com/mjbommar/moratorium-data-2026)"
2026-09-28,TN,Warren County,active,2026-06-22,hold,upstream verify tag,,383,batch_ok,"moratorium-nation:tn-warren-county-2026 (CC-BY-4.0, github.com/mjbommar/moratorium-data-2026)"
2026-09-28,TN,White County,active,2026-07-20,hold,upstream verify tag,,383,batch_ok,"moratorium-nation:tn-white-county-2026 (CC-BY-4.0, github.com/mjbommar/moratorium-data-2026)"
2026-09-28,TN,Wilson County,active,2026-07-20,promote,,thin,383,batch_ok,"moratorium-nation:tn-wilson-county-2026 (CC-BY-4.0, github.com/mjbommar/moratorium-data-2026)"
2026-09-28,TX,Austin County,active,2026-07-27,promote,,thin,383,batch_ok,"moratorium-nation:tx-austin-county-2026 (CC-BY-4.0, github.com/mjbommar/moratorium-data-2026)"
2026-09-28,TX,Hays County,active,2026-06-23,hold,upstream verify tag,,383,batch_ok,"moratorium-nation:tx-hays-county-2026 (CC-BY-4.0, github.com/mjbommar/moratorium-data-2026)"
2026-09-28,UT,Grand County,active,2026-07-07,promote,,corroborated,383,batch_ok,"moratorium-nation:ut-grand-county-2026 (CC-BY-4.0, github.com/mjbommar/moratorium-data-2026)"
2026-09-28,UT,Sanpete County,active,2026-08-04,promote,,thin,383,batch_ok,"moratorium-nation:ut-sanpete-county-2026 (CC-BY-4.0, github.com/mjbommar/moratorium-data-2026)"
2026-09-28,VA,Loudoun County,active,2026-09-16,promote,,corroborated,383,batch_ok,"moratorium-nation:va-loudoun-county-2026 (CC-BY-4.0, github.com/mjbommar/moratorium-data-2026)"
2026-09-28,WA,Kittitas County,extended,2026-08-10,promote,,thin,383,batch_ok,"moratorium-nation:wa-kittitas-county-2026 (CC-BY-4.0, github.com/mjbommar/moratorium-data-2026)"
2026-09-28,WA,Lincoln County,active,2026-09,promote,,thin,383,batch_ok,"moratorium-nation:wa-lincoln-county-2026 (CC-BY-4.0, github.com/mjbommar/moratorium-data-2026)"
2026-09-28,WA,Pierce County,active,2026-08-25,promote,,thin,383,batch_ok,"moratorium-nation:wa-pierce-county-2026 (CC-BY-4.0, github.com/mjbommar/moratorium-data-2026)"
2026-09-28,WA,Skamania County,active,2026-08-18,promote,,thin,383,batch_ok,"moratorium-nation:wa-skamania-county-2026 (CC-BY-4.0, github.com/mjbommar/moratorium-data-2026)"
2026-09-28,WA,Spokane County,active,2026-08-18,promote,,thin,383,batch_ok,"moratorium-nation:wa-spokane-county-2026 (CC-BY-4.0, github.com/mjbommar/moratorium-data-2026)"
2026-09-28,WA,Yakima County,active,2026-08-11,promote,,thin,383,batch_ok,"moratorium-nation:wa-yakima-county-2026 (CC-BY-4.0, github.com/mjbommar/moratorium-data-2026)"
2026-09-28,WI,Chippewa County,active,2026-08-11,promote,,thin,383,batch_ok,"moratorium-nation:wi-chippewa-county-2026 (CC-BY-4.0, github.com/mjbommar/moratorium-data-2026)"
2026-09-28,WI,Dodge County,active,2026-08-18,promote,,corroborated,383,batch_ok,"moratorium-nation:wi-dodge-county-2026 (CC-BY-4.0, github.com/mjbommar/moratorium-data-2026)"
2026-09-28,WI,Door County,active,2026-05-26,promote,,thin,383,batch_ok,"moratorium-nation:wi-door-county-2026 (CC-BY-4.0, github.com/mjbommar/moratorium-data-2026)"
2026-09-28,WI,La Crosse County,active,2026-06-18,promote,,corroborated,383,batch_ok,"moratorium-nation:wi-la-crosse-county-2026 (CC-BY-4.0, github.com/mjbommar/moratorium-data-2026)"
2026-09-28,WI,Marathon County,active,2026-08-25,promote,,corroborated,383,batch_ok,"moratorium-nation:wi-marathon-county-2026 (CC-BY-4.0, github.com/mjbommar/moratorium-data-2026)"
2026-09-28,WI,Oneida County,active,2026-08-18,promote,,thin,383,batch_ok,"moratorium-nation:wi-oneida-county-2026 (CC-BY-4.0, github.com/mjbommar/moratorium-data-2026)"
2026-09-28,WI,Polk County,active,2026-08-18,promote,,thin,383,batch_ok,"moratorium-nation:wi-polk-county-2026 (CC-BY-4.0, github.com/mjbommar/moratorium-data-2026)"
2026-09-28,WI,Sauk County,active,2026-09-15,hold,upstream verify tag,,383,batch_ok,"moratorium-nation:wi-sauk-county-2026 (CC-BY-4.0, github.com/mjbommar/moratorium-data-2026)"
2026-09-28,WI,Sawyer County,active,2026-08,promote,,thin,383,batch_ok,"moratorium-nation:wi-sawyer-county-2026 (CC-BY-4.0, github.com/mjbommar/moratorium-data-2026)"
2026-09-28,WI,St. Croix County,active,2026-09-01,promote,,thin,383,batch_ok,"moratorium-nation:wi-st-croix-county-2026 (CC-BY-4.0, github.com/mjbommar/moratorium-data-2026)"
2026-09-28,WI,Vilas County,pending,,hold,"pending, not enacted",,383,batch_ok,"moratorium-nation:wi-vilas-county-undated (CC-BY-4.0, github.com/mjbommar/moratorium-data-2026)"
2026-09-28,WI,Winnebago County,active,2026-08-18,promote,,thin,383,batch_ok,"moratorium-nation:wi-winnebago-county-2026 (CC-BY-4.0, github.com/mjbommar/moratorium-data-2026)"
