fips,raw_oof_score,calibrated_score,score_decile,has_enacted_restrictive
01001,0.0598,0.056,8,0
01003,0.0804,0.0791,9,0
01005,0.0296,0.0258,4,0
01007,0.0266,0.0228,3,0
01009,0.0437,0.0402,6,0
01011,0.0265,0.022,3,0
01013,0.0275,0.0227,3,0
01015,0.0557,0.0513,7,0
01017,0.0346,0.0286,5,0
01019,0.0296,0.025,4,0
01021,0.0378,0.034,5,0
01023,0.0238,0.0194,2,0
01025,0.0326,0.0288,5,0
01027,0.0236,0.0199,2,0
01029,0.0248,0.0198,2,0
01031,0.0467,0.042,6,0
01033,0.042,0.0361,6,0
01035,0.0236,0.0186,2,0
01037,0.022,0.0172,2,0
01039,0.0341,0.0303,5,0
01041,0.0238,0.0181,2,0
01043,0.0455,0.0421,6,1
01045,0.0445,0.0399,6,0
01047,0.0398,0.0346,6,0
01049,0.0411,0.0359,6,0
01051,0.0889,0.0886,9,0
01053,0.0296,0.0258,4,0
01055,0.0493,0.0439,7,0
01057,0.0255,0.0197,2,0
01059,0.0281,0.0233,3,0
01061,0.0297,0.0245,4,0
01063,0.0244,0.0187,2,0
01065,0.0264,0.0219,3,0
01067,0.0305,0.0256,4,0
01069,0.0793,0.0792,9,0
01071,0.0612,0.0575,8,0
01073,0.2615,0.3003,10,1
01075,0.0229,0.0186,2,0
01077,0.0535,0.0491,7,0
01079,0.0298,0.0245,4,0
01081,0.1122,0.1168,9,0
01083,0.0774,0.0755,8,0
01085,0.039,0.0353,6,0
01087,0.0374,0.0324,5,0
01089,0.2813,0.3435,10,0
01091,0.0322,0.0273,4,0
01093,0.0284,0.0232,3,0
01095,0.054,0.0498,7,0
01097,0.1295,0.1367,10,0
01099,0.0271,0.0226,3,0
01101,0.1879,0.2093,10,0
01103,0.0625,0.0584,8,0
01105,0.0282,0.0236,3,0
01107,0.0281,0.0229,3,0
01109,0.0396,0.0359,6,0
01111,0.0281,0.0222,3,0
01113,0.0521,0.0469,7,0
01115,0.0623,0.0586,8,0
01117,0.1658,0.1836,10,1
01119,0.0291,0.0252,4,0
01121,0.0664,0.0648,8,0
01123,0.0376,0.0316,5,0
01125,0.0803,0.0787,9,0
01127,0.0401,0.0354,6,0
01129,0.0249,0.0202,2,0
01131,0.0233,0.0177,2,0
01133,0.0279,0.0241,3,0
02013,0.0367,0.0314,5,0
02016,0.0635,0.0599,8,0
02020,0.207,0.2296,10,1
02050,0.0315,0.0266,4,0
02060,0.0209,0.0155,1,0
02063,0.031,0.0272,4,0
02066,0.0239,0.0189,2,0
02068,0.0232,0.0189,2,0
02070,0.0263,0.0215,3,0
02090,0.0655,0.0618,8,0
02100,0.0245,0.0198,2,0
02105,0.0222,0.0174,2,0
02110,0.0542,0.0492,7,0
02122,0.0504,0.046,7,0
02130,0.0387,0.0334,5,0
02150,0.0375,0.0337,5,0
02158,0.0223,0.0187,2,0
02164,0.0188,0.0148,1,0
02170,0.0602,0.0579,8,0
02180,0.0303,0.025,4,0
02185,0.0348,0.031,5,0
02188,0.0277,0.0229,3,0
02195,0.0265,0.0214,3,0
02198,0.024,0.0183,2,0
02220,0.0384,0.0337,5,0
02230,0.0216,0.0161,1,0
02240,0.0268,0.0223,3,0
02275,0.0195,0.0154,1,0
02282,0.0167,0.0127,1,0
02290,0.0234,0.0191,2,0
04001,0.0304,0.0258,4,0
04003,0.0754,0.0733,8,1
04005,0.0779,0.0776,9,0
04007,0.0388,0.0335,5,0
04009,0.0313,0.0252,4,0
04011,0.0202,0.0148,1,0
04012,0.0262,0.0217,3,0
04013,0.6076,0.6966,10,1
04015,0.0482,0.0436,7,0
04017,0.0414,0.0362,6,0
04019,0.1708,0.1875,10,0
04021,0.0852,0.0847,9,0
04023,0.0338,0.0291,5,0
04025,0.0688,0.0658,8,0
04027,0.0504,0.0457,7,0
05001,0.0272,0.0227,3,0
05003,0.0257,0.0206,2,0
05005,0.043,0.0395,6,0
05007,0.131,0.1399,10,0
05009,0.0383,0.0335,5,0
05011,0.0217,0.0181,2,0
05013,0.0165,0.0127,1,0
05015,0.0454,0.0409,6,0
05017,0.0255,0.0204,2,0
05019,0.0344,0.0294,5,0
05021,0.0164,0.0115,1,0
05023,0.0352,0.0291,5,0
05025,0.0197,0.0154,1,0
05027,0.0312,0.0263,4,0
05029,0.0308,0.0259,4,0
05031,0.0666,0.0634,8,0
05033,0.0498,0.0452,7,0
05035,0.073,0.0706,8,0
05037,0.0282,0.023,3,0
05039,0.0188,0.0143,1,0
05041,0.0226,0.0183,2,0
05043,0.0288,0.0239,3,0
05045,0.1145,0.1177,9,0
05047,0.0275,0.0224,3,0
05049,0.0221,0.0172,2,0
05051,0.0625,0.0605,8,0
05053,0.0283,0.0235,3,0
05055,0.0384,0.0324,5,0
05057,0.0287,0.0235,3,0
05059,0.035,0.029,5,0
05061,0.0262,0.0224,3,0
05063,0.039,0.0353,6,0
05065,0.0251,0.0207,3,0
05067,0.0238,0.0201,2,0
05069,0.0551,0.051,7,0
05071,0.0484,0.0452,7,0
05073,0.0183,0.0148,1,0
05075,0.0243,0.0193,2,0
05077,0.0219,0.0177,2,0
05079,0.022,0.0183,2,0
05081,0.0254,0.0216,3,0
05083,0.0295,0.0257,4,0
05085,0.0591,0.0546,8,0
05087,0.0276,0.0224,3,0
05089,0.0292,0.0232,3,0
05091,0.0394,0.0342,6,0
05093,0.0305,0.0245,4,0
05095,0.0223,0.0186,2,0
05097,0.0231,0.0182,2,0
05099,0.0211,0.0167,1,0
05101,0.0219,0.0177,2,0
05103,0.033,0.0276,4,0
05105,0.0253,0.0206,2,0
05107,0.0292,0.0243,3,0
05109,0.0238,0.0194,2,0
05111,0.0167,0.0134,1,0
05113,0.0305,0.0252,4,0
05115,0.0517,0.0464,7,0
05117,0.0199,0.0153,1,0
05119,0.2328,0.2698,10,1
05121,0.0256,0.0209,3,0
05123,0.0327,0.0267,4,0
05125,0.082,0.0805,9,0
05127,0.0184,0.0133,1,0
05129,0.0198,0.0158,1,0
05131,0.0726,0.07,8,0
05133,0.025,0.0192,2,0
05135,0.0257,0.0206,2,0
05137,0.0232,0.0189,2,0
05139,0.0397,0.0345,6,0
05141,0.0283,0.0244,4,0
05143,0.1094,0.1118,9,0
05145,0.0664,0.0629,8,0
05147,0.0164,0.0127,1,0
05149,0.0268,0.023,3,0
06001,0.3506,0.4209,10,0
06003,0.037,0.0317,5,0
06005,0.0497,0.0466,7,0
06007,0.0856,0.0854,9,0
06009,0.047,0.0423,7,0
06011,0.0281,0.0229,3,0
06013,0.226,0.253,10,1
06015,0.0424,0.0377,6,0
06017,0.097,0.0986,9,0
06019,0.0982,0.101,9,0
06021,0.0354,0.0294,5,0
06023,0.0774,0.0753,8,0
06025,0.0271,0.0212,3,1
06027,0.0437,0.0379,6,0
06029,0.0849,0.0846,9,0
06031,0.0539,0.0497,7,0
06033,0.0477,0.0421,6,0
06035,0.0296,0.0247,4,0
06037,0.4256,0.5033,10,1
06039,0.0618,0.0581,8,0
06041,0.1786,0.1978,10,0
06043,0.0402,0.0365,6,0
06045,0.0614,0.0577,8,0
06047,0.063,0.0595,8,0
06049,0.0257,0.0199,2,0
06051,0.0482,0.0435,7,0
06053,0.0955,0.0958,9,0
06055,0.1395,0.1501,10,0
06057,0.0937,0.0936,9,0
06059,0.2998,0.3496,10,0
06061,0.1294,0.1366,10,0
06063,0.0375,0.0328,5,0
06065,0.1786,0.1947,10,0
06067,0.3006,0.3573,10,0
06069,0.0562,0.0518,7,0
06071,0.1036,0.1074,9,0
06073,0.3766,0.4688,10,0
06075,0.3732,0.4404,10,0
06077,0.0986,0.0993,9,0
06079,0.1411,0.1525,10,0
06081,0.179,0.1952,10,0
06083,0.1164,0.1236,9,0
06085,0.6332,0.7208,10,1
06087,0.1316,0.1392,10,0
06089,0.0645,0.0611,8,0
06091,0.0217,0.0175,2,0
06093,0.041,0.035,6,0
06095,0.1459,0.1566,10,0
06097,0.136,0.1432,10,0
06099,0.1129,0.1177,9,0
06101,0.0482,0.0449,7,0
06103,0.0407,0.0358,6,0
06105,0.0313,0.026,4,0
06107,0.0697,0.0667,8,0
06109,0.0501,0.0458,7,0
06111,0.1415,0.1498,10,0
06113,0.1033,0.1061,9,0
06115,0.0561,0.052,7,0
08001,0.1783,0.1967,10,0
08003,0.0323,0.0273,4,0
08005,0.3969,0.4648,10,0
08007,0.0521,0.0469,7,0
08009,0.0167,0.0127,1,0
08011,0.0188,0.0137,1,0
08013,0.1876,0.2058,10,1
08014,0.2328,0.2652,10,0
08015,0.0757,0.0737,8,0
08017,0.0157,0.0121,1,0
08019,0.0754,0.0734,8,0
08021,0.0227,0.0191,2,0
08023,0.0184,0.0144,1,0
08025,0.0221,0.0173,2,0
08027,0.0342,0.0292,5,0
08029,0.0526,0.0475,7,0
08031,0.3575,0.4212,10,0
08033,0.0228,0.0182,2,0
08035,0.3015,0.3706,10,0
08037,0.0931,0.0946,9,0
08039,0.0582,0.0543,7,0
08041,0.2919,0.3343,10,0
08043,0.0539,0.0497,7,0
08045,0.0748,0.0725,8,0
08047,0.0618,0.058,8,0
08049,0.0622,0.0586,8,0
08051,0.0679,0.0664,8,0
08053,0.0273,0.0221,3,0
08055,0.0293,0.0244,3,0
08057,0.0148,0.0111,1,0
08059,0.2084,0.2384,10,0
08061,0.0152,0.0105,1,0
08063,0.0225,0.018,2,0
08065,0.0537,0.0492,7,0
08067,0.0915,0.0916,9,0
08069,0.1693,0.1925,10,0
08071,0.0337,0.0299,5,0
08073,0.0218,0.0176,2,0
08075,0.0315,0.0277,4,1
08077,0.0922,0.0941,9,0
08079,0.021,0.0168,2,0
08081,0.0314,0.0265,4,0
08083,0.053,0.0484,7,0
08085,0.0586,0.0545,8,0
08087,0.0384,0.0346,6,0
08089,0.0344,0.0294,5,0
08091,0.0548,0.0507,7,0
08093,0.0584,0.0543,7,0
08095,0.0224,0.0168,2,0
08097,0.0697,0.0666,8,0
08099,0.0274,0.0225,3,0
08101,0.0689,0.0659,8,0
08103,0.0298,0.026,4,0
08105,0.0347,0.0309,5,0
08107,0.0797,0.0784,9,0
08109,0.0267,0.0209,3,0
08111,0.038,0.033,5,0
08113,0.0637,0.0617,8,0
08115,0.0199,0.0156,1,0
08117,0.1013,0.1036,9,0
08119,0.0601,0.0562,8,0
08121,0.0217,0.0172,2,0
08123,0.1014,0.1038,9,1
08125,0.0286,0.0248,4,0
09110,0.2059,0.2282,10,0
09120,0.1806,0.1972,10,0
09130,0.1144,0.1176,9,0
09140,0.123,0.1277,9,0
09150,0.0719,0.0694,8,0
09160,0.0858,0.0854,9,0
09170,0.1894,0.211,10,0
09180,0.1098,0.1152,9,0
09190,0.269,0.3166,10,0
10001,0.1069,0.1115,9,0
10003,0.3108,0.3829,10,1
10005,0.1247,0.1341,9,0
11001,0.3079,0.3597,10,0
12001,0.1796,0.2062,10,0
12003,0.0349,0.0299,5,0
12005,0.0793,0.0776,9,0
12007,0.0366,0.0306,5,0
12009,0.1254,0.133,9,0
12011,0.2183,0.2435,10,0
12013,0.023,0.0184,2,0
12015,0.0772,0.0751,8,0
12017,0.0651,0.0614,8,0
12019,0.1047,0.1086,9,0
12021,0.0975,0.0985,9,0
12023,0.048,0.0447,7,0
12027,0.0311,0.0258,4,0
12029,0.0263,0.0226,3,0
12031,0.2211,0.2502,10,0
12033,0.1063,0.1082,9,0
12035,0.0716,0.0689,8,0
12037,0.0342,0.0289,5,0
12039,0.0503,0.0472,7,0
12041,0.0324,0.0263,4,0
12043,0.0214,0.016,1,0
12045,0.0355,0.0317,5,0
12047,0.0261,0.0203,2,0
12049,0.0279,0.0241,3,0
12051,0.0263,0.0218,3,0
12053,0.073,0.0705,8,0
12055,0.0519,0.0472,7,0
12057,0.2491,0.2849,10,0
12059,0.0308,0.0248,4,0
12061,0.0866,0.0875,9,0
12063,0.0386,0.0336,5,0
12065,0.0302,0.0249,4,0
12067,0.0217,0.0181,2,0
12069,0.1036,0.1074,9,0
12071,0.1202,0.1269,9,0
12073,0.1211,0.1266,9,0
12075,0.0411,0.0359,6,0
12077,0.0219,0.0183,2,0
12079,0.0275,0.0227,3,0
12081,0.1039,0.106,9,0
12083,0.0871,0.0869,9,0
12085,0.0876,0.0871,9,0
12086,0.1831,0.2057,10,0
12087,0.0662,0.0645,8,0
12089,0.0805,0.079,9,1
12091,0.1009,0.1041,9,0
12093,0.0333,0.0286,5,0
12095,0.2361,0.2689,10,0
12097,0.0668,0.0633,8,0
12099,0.1395,0.1532,10,0
12101,0.1131,0.1162,9,0
12103,0.1614,0.1781,10,0
12105,0.1355,0.1456,10,1
12107,0.0407,0.0361,6,0
12109,0.1322,0.1387,10,0
12111,0.0985,0.0992,9,0
12113,0.0904,0.09,9,0
12115,0.1173,0.1247,9,0
12117,0.141,0.1492,10,0
12119,0.0886,0.0879,9,0
12121,0.0399,0.0346,6,0
12123,0.029,0.023,3,0
12125,0.0317,0.027,4,0
12127,0.1034,0.1062,9,0
12129,0.047,0.042,6,0
12131,0.0659,0.0623,8,0
12133,0.0315,0.0255,4,0
13001,0.0263,0.0204,2,0
13003,0.0188,0.0136,1,0
13005,0.0241,0.0197,2,0
13007,0.0169,0.0131,1,0
13009,0.0536,0.0493,7,0
13011,0.0362,0.0314,5,0
13013,0.0825,0.0829,9,0
13015,0.0738,0.0714,8,0
13017,0.0276,0.0224,3,0
13019,0.0285,0.0225,3,0
13021,0.0931,0.0934,9,0
13023,0.0298,0.0245,4,0
13025,0.0264,0.0219,3,0
13027,0.029,0.023,3,0
13029,0.0726,0.0699,8,0
13031,0.0566,0.0523,7,0
13033,0.0321,0.0271,4,0
13035,0.0406,0.0357,6,0
13037,0.0259,0.0214,3,0
13039,0.0539,0.0494,7,1
13043,0.0277,0.0238,3,0
13045,0.0685,0.0671,8,0
13047,0.07,0.0671,8,0
13049,0.0228,0.0191,2,0
13051,0.1244,0.1294,9,0
13053,0.0328,0.029,5,0
13055,0.0313,0.0252,4,0
13057,0.1277,0.1345,9,1
13059,0.1151,0.1219,9,0
13061,0.0228,0.0185,2,0
13063,0.1156,0.1215,9,0
13065,0.0194,0.0151,1,0
13067,0.3546,0.4258,10,0
13069,0.0376,0.0323,5,0
13071,0.0407,0.036,6,0
13073,0.1245,0.1296,9,0
13075,0.0307,0.0247,4,0
13077,0.149,0.1657,10,0
13079,0.0261,0.021,3,1
13081,0.0342,0.0281,4,0
13083,0.0343,0.0293,5,0
13085,0.062,0.0579,8,0
13087,0.0383,0.0333,5,0
13089,0.1935,0.2162,10,1
13091,0.0303,0.025,4,0
13093,0.0289,0.023,3,0
13095,0.073,0.0721,8,1
13097,0.2983,0.3544,10,0
13099,0.0303,0.0243,3,0
13101,0.0169,0.012,1,0
13103,0.0711,0.0683,8,0
13105,0.0306,0.0257,4,0
13107,0.0299,0.025,4,0
13109,0.0281,0.0229,3,0
13111,0.0385,0.0348,6,0
13113,0.2118,0.2427,10,1
13115,0.066,0.0628,8,0
13117,0.2177,0.2462,10,1
13119,0.0344,0.0306,5,0
13121,0.4833,0.5702,10,1
13123,0.0479,0.0433,7,1
13125,0.0174,0.0135,1,0
13127,0.0725,0.07,8,0
13129,0.0492,0.0446,7,1
13131,0.0354,0.0316,5,0
13133,0.0471,0.0426,7,0
13135,0.3548,0.4407,10,0
13137,0.0526,0.0482,7,0
13139,0.0983,0.1001,9,0
13141,0.0223,0.0187,2,0
13143,0.0382,0.0345,6,0
13145,0.0584,0.0543,7,0
13147,0.0355,0.0305,5,0
13149,0.0245,0.0188,2,0
13151,0.1819,0.1987,10,0
13153,0.1145,0.1186,9,0
13155,0.0262,0.0215,3,0
13157,0.0767,0.0746,8,0
13159,0.0281,0.0243,3,0
13161,0.0268,0.023,3,0
13163,0.028,0.0235,3,0
13165,0.0215,0.0167,1,0
13167,0.0225,0.0188,2,0
13169,0.0422,0.0376,6,1
13171,0.0349,0.0296,5,0
13173,0.0268,0.0209,3,0
13175,0.0431,0.0384,6,0
13177,0.0659,0.0623,8,0
13179,0.06,0.0577,8,0
13181,0.0239,0.0193,2,0
13183,0.0386,0.0348,6,0
13185,0.0728,0.0702,8,0
13187,0.0484,0.0439,7,0
13189,0.037,0.0323,5,0
13191,0.028,0.0234,3,0
13193,0.0281,0.0233,3,0
13195,0.0446,0.0398,6,0
13197,0.0239,0.0193,2,0
13199,0.0314,0.0276,4,0
13201,0.027,0.0218,3,0
13205,0.0323,0.0285,4,0
13207,0.0454,0.0404,6,1
13209,0.0275,0.0217,3,0
13211,0.0434,0.0376,6,0
13213,0.0412,0.036,6,0
13215,0.1704,0.1847,10,0
13217,0.1963,0.2287,10,1
13219,0.0916,0.0933,9,0
13221,0.0381,0.0328,5,0
13223,0.1229,0.1302,9,0
13225,0.0525,0.0481,7,0
13227,0.0531,0.0502,7,0
13229,0.0324,0.0286,5,0
13231,0.0376,0.0323,5,0
13233,0.0418,0.0366,6,0
13235,0.027,0.0219,3,0
13237,0.0428,0.0382,6,0
13239,0.0163,0.012,1,0
13241,0.0424,0.0365,6,0
13243,0.0211,0.0169,2,0
13245,0.1011,0.1022,9,0
13247,0.1289,0.1373,10,1
13249,0.023,0.0193,2,0
13251,0.0283,0.0245,4,0
13253,0.0247,0.0197,2,0
13255,0.0682,0.0668,8,1
13257,0.037,0.0323,5,0
13259,0.0214,0.0166,1,0
13261,0.0442,0.0391,6,0
13263,0.0207,0.0153,1,0
13265,0.0178,0.0139,1,0
13267,0.0336,0.0283,4,0
13269,0.0234,0.0189,2,0
13271,0.0239,0.0202,2,0
13273,0.0277,0.0229,3,0
13275,0.0504,0.0461,7,1
13277,0.0495,0.0463,7,0
13279,0.0371,0.0323,5,0
13281,0.037,0.031,5,0
13283,0.0213,0.0171,2,0
13285,0.0586,0.0547,8,0
13287,0.0247,0.0197,2,0
13289,0.0231,0.0194,2,0
13291,0.0445,0.041,6,0
13293,0.0362,0.0315,5,0
13295,0.0549,0.0507,7,0
13297,0.0854,0.0852,9,1
13299,0.0374,0.0314,5,0
13301,0.0222,0.0177,2,0
13303,0.0358,0.0309,5,0
13305,0.0349,0.0296,5,0
13307,0.0173,0.0129,1,0
13309,0.0218,0.017,2,0
13311,0.0447,0.039,6,0
13313,0.0643,0.0624,8,0
13315,0.0223,0.018,2,0
13317,0.0291,0.0238,3,0
13319,0.0241,0.0204,2,0
13321,0.0338,0.0277,4,0
15001,0.0883,0.0879,9,0
15003,0.1799,0.1964,10,0
15005,0.0108,0.0077,1,0
15007,0.0735,0.0726,8,0
15009,0.0885,0.0877,9,0
16001,0.2207,0.25,10,1
16003,0.0228,0.0172,2,0
16005,0.06,0.0562,8,0
16007,0.0271,0.0212,3,0
16009,0.0244,0.02,2,0
16011,0.0388,0.0335,5,0
16013,0.0643,0.0605,8,0
16015,0.0271,0.0223,3,0
16017,0.0374,0.0324,5,0
16019,0.063,0.0594,8,0
16021,0.025,0.0193,2,0
16023,0.0133,0.009,1,0
16025,0.0155,0.0117,1,0
16027,0.0783,0.0763,9,0
16029,0.0221,0.0184,2,0
16031,0.0288,0.024,3,0
16033,0.01,0.0063,1,0
16035,0.0222,0.0177,2,0
16037,0.024,0.0183,2,0
16039,0.0358,0.0309,5,0
16041,0.0259,0.0212,3,0
16043,0.027,0.0232,3,0
16045,0.034,0.029,5,0
16047,0.0303,0.0257,4,0
16049,0.0281,0.0229,3,0
16051,0.0388,0.0338,5,0
16053,0.037,0.032,5,0
16055,0.0668,0.0636,8,0
16057,0.0519,0.0489,7,0
16059,0.0246,0.0202,2,0
16061,0.0181,0.014,1,0
16063,0.02,0.0156,1,0
16065,0.0591,0.055,8,0
16067,0.0317,0.0264,4,0
16069,0.0488,0.044,7,0
16071,0.0199,0.0152,1,0
16073,0.0228,0.0179,2,0
16075,0.0385,0.0338,5,0
16077,0.0221,0.0179,2,0
16079,0.0209,0.0155,1,0
16081,0.0615,0.0578,8,0
16083,0.0527,0.0483,7,0
16085,0.0406,0.0369,6,0
16087,0.024,0.019,2,0
17001,0.0535,0.0484,7,0
17003,0.0197,0.0162,1,0
17005,0.0308,0.0259,4,0
17007,0.0617,0.058,8,0
17009,0.024,0.0194,2,0
17011,0.0395,0.0343,6,0
17013,0.0191,0.0145,1,0
17015,0.0321,0.0268,4,0
17017,0.0281,0.0233,3,0
17019,0.1533,0.1714,10,1
17021,0.0372,0.0322,5,0
17023,0.0332,0.0271,4,0
17025,0.0272,0.0224,3,0
17027,0.046,0.0413,6,0
17029,0.0489,0.0444,7,0
17031,0.564,0.6518,10,0
17033,0.0341,0.0303,5,0
17035,0.0279,0.022,3,0
17037,0.1382,0.1458,10,0
17039,0.0338,0.0291,5,0
17041,0.0383,0.0336,5,0
17043,0.4541,0.5648,10,0
17045,0.0302,0.0249,4,0
17047,0.0234,0.0178,2,0
17049,0.0452,0.0417,6,0
17051,0.0287,0.0228,3,0
17053,0.0335,0.0285,5,0
17055,0.0373,0.0319,5,0
17057,0.0361,0.0314,5,0
17059,0.0193,0.0141,1,0
17061,0.0265,0.0227,3,0
17063,0.0531,0.048,7,1
17065,0.0233,0.0184,2,0
17067,0.0349,0.0296,5,0
17069,0.019,0.0155,1,0
17071,0.0219,0.0164,1,0
17073,0.0492,0.0448,7,0
17075,0.0357,0.0319,5,0
17077,0.0561,0.0535,7,0
17079,0.0258,0.02,2,0
17081,0.0383,0.0336,5,0
17083,0.0383,0.033,5,0
17085,0.0435,0.0387,6,0
17087,0.0321,0.0274,4,0
17089,0.1465,0.1624,10,0
17091,0.0565,0.0517,7,0
17093,0.1058,0.1091,9,0
17095,0.0452,0.0404,6,0
17097,0.2256,0.2525,10,0
17099,0.0593,0.0554,8,1
17101,0.0302,0.0242,3,0
17103,0.0435,0.04,6,0
17105,0.0371,0.0322,5,0
17107,0.039,0.033,5,1
17109,0.0381,0.0331,5,0
17111,0.1187,0.1252,9,0
17113,0.1101,0.1126,9,0
17115,0.0642,0.0623,8,0
17117,0.0422,0.0373,6,0
17119,0.1296,0.1381,10,1
17121,0.0367,0.0307,5,0
17123,0.0317,0.0256,4,0
17125,0.0246,0.0199,2,0
17127,0.0345,0.0297,5,0
17129,0.0355,0.0302,5,0
17131,0.0327,0.0274,4,0
17133,0.0592,0.0553,8,0
17135,0.0359,0.0305,5,0
17137,0.0436,0.0384,6,0
17139,0.0343,0.0296,5,0
17141,0.0514,0.047,7,0
17143,0.0934,0.0933,9,0
17145,0.0292,0.0233,3,0
17147,0.0467,0.0411,6,0
17149,0.0255,0.0198,2,0
17151,0.0221,0.0178,2,0
17153,0.0236,0.019,2,0
17155,0.0306,0.0254,4,0
17157,0.0375,0.0315,5,0
17159,0.0331,0.0278,4,0
17161,0.0833,0.0819,9,0
17163,0.1036,0.105,9,0
17165,0.038,0.0333,5,0
17167,0.0982,0.0989,9,1
17169,0.0241,0.0203,2,0
17171,0.0227,0.0184,2,0
17173,0.0299,0.0246,4,0
17175,0.0228,0.0173,2,0
17177,0.0487,0.0455,7,0
17179,0.0763,0.0743,8,0
17181,0.0334,0.0273,4,0
17183,0.043,0.0378,6,0
17185,0.0303,0.025,4,0
17187,0.0323,0.0274,4,0
17189,0.0334,0.0296,5,0
17191,0.028,0.0228,3,0
17193,0.0289,0.0243,3,0
17195,0.0456,0.0408,6,0
17197,0.1376,0.1451,10,1
17199,0.0601,0.0562,8,0
17201,0.0969,0.0979,9,0
17203,0.0542,0.0498,7,0
18001,0.0479,0.0446,7,0
18003,0.1865,0.2101,10,0
18005,0.088,0.0891,9,0
18007,0.0317,0.0278,4,0
18009,0.0286,0.0237,3,0
18011,0.1701,0.1937,10,1
18013,0.0439,0.0388,6,0
18015,0.0401,0.0349,6,0
18017,0.043,0.0378,6,0
18019,0.0836,0.0825,9,0
18021,0.0431,0.0384,6,0
18023,0.0462,0.0406,6,0
18025,0.0242,0.0192,2,0
18027,0.0432,0.0383,6,0
18029,0.0582,0.0558,8,1
18031,0.0457,0.0409,6,0
18033,0.0551,0.0524,7,0
18035,0.0745,0.0738,8,0
18037,0.0544,0.0501,7,0
18039,0.1228,0.1276,9,1
18041,0.0351,0.0302,5,0
18043,0.0908,0.0924,9,1
18045,0.0321,0.0282,4,0
18047,0.0415,0.0369,6,0
18049,0.0543,0.0501,7,1
18051,0.0435,0.0387,6,0
18053,0.0548,0.0504,7,1
18055,0.0423,0.0364,6,0
18057,0.2019,0.2266,10,0
18059,0.1603,0.1754,10,0
18061,0.0499,0.0453,7,0
18063,0.1981,0.2311,10,0
18065,0.0705,0.0693,8,0
18067,0.0648,0.063,8,0
18069,0.054,0.0495,7,0
18071,0.0486,0.043,7,0
18073,0.0587,0.0541,7,0
18075,0.0316,0.0266,4,0
18077,0.0646,0.0612,8,1
18079,0.0389,0.0352,6,0
18081,0.1141,0.1191,9,0
18083,0.0432,0.0374,6,0
18085,0.0685,0.0655,8,0
18087,0.0446,0.04,6,0
18089,0.1624,0.177,10,1
18091,0.1233,0.1291,9,0
18093,0.0521,0.0478,7,0
18095,0.0717,0.0691,8,0
18097,0.3179,0.3697,10,1
18099,0.0526,0.0497,7,0
18101,0.0299,0.025,4,0
18103,0.0461,0.0404,6,0
18105,0.1493,0.1592,10,0
18107,0.052,0.0467,7,0
18109,0.0945,0.0967,9,0
18111,0.0287,0.0241,3,0
18113,0.0512,0.0459,7,0
18115,0.0299,0.0253,4,0
18117,0.0347,0.03,5,0
18119,0.0392,0.0345,6,0
18121,0.0323,0.0263,4,0
18123,0.0342,0.0295,5,0
18125,0.0331,0.0271,4,0
18127,0.0932,0.0936,9,0
18129,0.0455,0.0398,6,0
18131,0.0279,0.022,3,0
18133,0.0483,0.045,7,0
18135,0.0375,0.0322,5,0
18137,0.0428,0.0392,6,0
18139,0.0363,0.0316,5,0
18141,0.2437,0.2928,10,0
18143,0.0324,0.0271,4,0
18145,0.0531,0.0489,7,0
18147,0.0401,0.0364,6,0
18149,0.0344,0.0295,5,0
18151,0.0559,0.0532,7,0
18153,0.0336,0.0286,5,0
18155,0.0241,0.0198,2,0
18157,0.1738,0.1985,10,0
18159,0.0462,0.0406,6,0
18161,0.031,0.025,4,0
18163,0.1016,0.1041,9,0
18165,0.0325,0.0272,4,0
18167,0.0696,0.0668,8,0
18169,0.0491,0.0442,7,0
18171,0.0306,0.0268,4,0
18173,0.0835,0.0841,9,0
18175,0.038,0.033,5,0
18177,0.0568,0.0542,7,0
18179,0.0443,0.0392,6,0
18181,0.0422,0.0375,6,0
18183,0.0536,0.0494,7,0
19001,0.0356,0.0318,5,0
19003,0.023,0.0187,2,0
19005,0.0311,0.0262,4,0
19007,0.0254,0.0203,2,0
19009,0.0231,0.0185,2,0
19011,0.0428,0.0392,6,0
19013,0.0753,0.0732,8,0
19015,0.0445,0.0394,6,0
19017,0.0475,0.0426,7,0
19019,0.0352,0.0302,5,0
19021,0.0358,0.0297,5,0
19023,0.0312,0.0259,4,0
19025,0.0299,0.026,4,0
19027,0.0352,0.0292,5,0
19029,0.034,0.0279,4,0
19031,0.0412,0.0362,6,0
19033,0.0516,0.0469,7,0
19035,0.0305,0.0256,4,0
19037,0.0287,0.0248,4,0
19039,0.025,0.0206,2,1
19041,0.0378,0.0331,5,0
19043,0.0277,0.0218,3,1
19045,0.0412,0.0359,6,0
19047,0.0328,0.0289,5,0
19049,0.2979,0.3451,10,0
19051,0.0266,0.0228,3,0
19053,0.0223,0.0187,2,0
19055,0.0337,0.0276,4,0
19057,0.047,0.0423,7,0
19059,0.0421,0.0372,6,1
19061,0.0699,0.067,8,0
19063,0.0282,0.0223,3,0
19065,0.031,0.0257,4,0
19067,0.0319,0.027,4,0
19069,0.0267,0.0208,3,0
19071,0.0274,0.0228,3,0
19073,0.0263,0.0215,3,0
19075,0.0365,0.0305,5,0
19077,0.0324,0.0263,4,0
19079,0.0323,0.0262,4,0
19081,0.031,0.0272,4,0
19083,0.0326,0.0276,4,0
19085,0.0351,0.0298,5,0
19087,0.0374,0.0321,5,1
19089,0.028,0.0241,3,0
19091,0.0289,0.0243,3,0
19093,0.0278,0.023,3,0
19095,0.04,0.0364,6,0
19097,0.0318,0.0265,4,0
19099,0.0415,0.0379,6,0
19101,0.0416,0.0369,6,0
19103,0.1581,0.1726,10,0
19105,0.0385,0.0348,6,0
19107,0.0258,0.0214,3,0
19109,0.0301,0.0254,4,0
19111,0.0389,0.0336,5,0
19113,0.1835,0.2006,10,1
19115,0.0286,0.0237,3,0
19117,0.0257,0.0206,2,0
19119,0.0317,0.027,4,0
19121,0.067,0.0654,8,0
19123,0.0373,0.0336,5,0
19125,0.0489,0.0434,7,0
19127,0.0482,0.0436,7,0
19129,0.043,0.0384,6,0
19131,0.0313,0.0275,4,0
19133,0.0287,0.0249,4,0
19135,0.0266,0.0221,3,0
19137,0.0337,0.0284,4,0
19139,0.0485,0.0436,7,0
19141,0.0343,0.0296,5,0
19143,0.0247,0.02,2,0
19145,0.0364,0.0326,5,0
19147,0.0274,0.0236,3,0
19149,0.0424,0.0388,6,0
19151,0.0237,0.0191,2,0
19153,0.443,0.5238,10,0
19155,0.2288,0.2726,10,0
19157,0.0363,0.0303,5,0
19159,0.0219,0.0171,2,0
19161,0.0294,0.0246,4,0
19163,0.1457,0.1614,10,0
19165,0.0346,0.0285,4,0
19167,0.0476,0.042,6,0
19169,0.0925,0.0938,9,0
19171,0.0352,0.0314,5,0
19173,0.0217,0.0181,2,0
19175,0.0294,0.0256,4,0
19177,0.0237,0.0194,2,0
19179,0.0404,0.0357,6,0
19181,0.1582,0.1699,10,0
19183,0.0427,0.0392,6,0
19185,0.0226,0.0189,2,0
19187,0.0415,0.0363,6,0
19189,0.0335,0.0274,4,0
19191,0.0435,0.04,6,0
19193,0.0648,0.0613,8,1
19195,0.0298,0.0249,4,0
19197,0.0326,0.0277,4,0
20001,0.0318,0.0269,4,0
20003,0.0261,0.021,3,0
20005,0.0354,0.0307,5,0
20007,0.022,0.0172,2,0
20009,0.0413,0.0364,6,0
20011,0.0344,0.0297,5,1
20013,0.033,0.0291,5,0
20015,0.0692,0.0662,8,0
20017,0.0218,0.0182,2,0
20019,0.0197,0.0157,1,0
20021,0.0346,0.0299,5,0
20023,0.0207,0.0171,2,0
20025,0.0206,0.017,2,0
20027,0.0329,0.0291,5,0
20029,0.0261,0.0217,3,0
20031,0.0321,0.0274,4,0
20033,0.0173,0.0132,1,0
20035,0.0432,0.0386,6,0
20037,0.0514,0.0461,7,0
20039,0.0218,0.0173,2,0
20041,0.0385,0.0348,6,0
20043,0.0297,0.0238,3,0
20045,0.1291,0.1398,10,0
20047,0.019,0.0145,1,0
20049,0.0208,0.0167,1,0
20051,0.0691,0.0661,8,0
20053,0.0301,0.0255,4,0
20055,0.0481,0.0448,7,0
20057,0.0488,0.0439,7,0
20059,0.0468,0.0421,6,0
20061,0.059,0.0545,8,0
20063,0.0188,0.0154,1,0
20065,0.0203,0.0168,2,0
20067,0.0276,0.0238,3,0
20069,0.0297,0.0258,4,0
20071,0.0177,0.0138,1,0
20073,0.0253,0.0215,3,0
20075,0.0204,0.0163,1,0
20077,0.0229,0.0186,2,0
20079,0.0614,0.0576,8,0
20081,0.022,0.0175,2,0
20083,0.0191,0.0145,1,0
20085,0.0374,0.0314,5,0
20087,0.0404,0.0355,6,0
20089,0.0172,0.0139,1,0
20091,0.4245,0.5116,10,0
20093,0.02,0.0154,1,0
20095,0.0276,0.0225,3,0
20097,0.0218,0.0173,2,0
20099,0.0394,0.0334,5,0
20101,0.0171,0.0122,1,0
20103,0.0829,0.0817,9,0
20105,0.0202,0.0149,1,0
20107,0.0294,0.0248,4,0
20109,0.0228,0.0172,2,0
20111,0.0521,0.0468,7,0
20113,0.0539,0.0511,7,0
20115,0.0359,0.0312,5,0
20117,0.032,0.0267,4,0
20119,0.0244,0.02,2,0
20121,0.0594,0.0554,8,0
20123,0.0239,0.0182,2,0
20125,0.0434,0.0388,6,0
20127,0.0281,0.0229,3,0
20129,0.0196,0.015,1,0
20131,0.0345,0.0298,5,0
20133,0.0357,0.031,5,0
20135,0.0181,0.0147,1,0
20137,0.0246,0.0199,2,0
20139,0.0348,0.03,5,0
20141,0.0223,0.0167,1,0
20143,0.027,0.0222,3,0
20145,0.0269,0.0231,3,0
20147,0.024,0.0194,2,0
20149,0.0566,0.0518,7,0
20151,0.0346,0.0296,5,0
20153,0.0198,0.0163,1,0
20155,0.0561,0.052,7,0
20157,0.0242,0.0192,2,0
20159,0.031,0.0261,4,0
20161,0.086,0.0856,9,0
20163,0.0251,0.0206,2,0
20165,0.0204,0.016,1,0
20167,0.0283,0.0235,3,0
20169,0.0624,0.0584,8,1
20171,0.0275,0.0223,3,0
20173,0.1298,0.137,10,0
20175,0.0345,0.0296,5,0
20177,0.1026,0.1039,9,0
20179,0.0206,0.017,2,0
20181,0.0256,0.0218,3,0
20183,0.0201,0.0158,1,0
20185,0.0244,0.0207,2,0
20187,0.0206,0.017,2,0
20189,0.0232,0.0196,2,0
20191,0.0409,0.0362,6,0
20193,0.0327,0.0278,4,0
20195,0.0209,0.0167,1,0
20197,0.0305,0.0256,4,0
20199,0.017,0.0121,1,0
20201,0.0245,0.0195,2,0
20203,0.0166,0.0129,1,0
20205,0.0297,0.0251,4,0
20207,0.0197,0.0162,1,0
20209,0.0913,0.093,9,0
21001,0.0297,0.0238,3,0
21003,0.0343,0.0282,4,0
21005,0.0467,0.0434,7,0
21007,0.0255,0.0218,3,0
21009,0.0418,0.0366,6,0
21011,0.0253,0.0195,2,0
21013,0.0273,0.0227,3,0
21015,0.1039,0.1078,9,0
21017,0.0408,0.0361,6,0
21019,0.0549,0.05,7,0
21021,0.0527,0.0484,7,0
21023,0.0263,0.0204,2,0
21025,0.0208,0.0164,1,0
21027,0.0307,0.026,4,0
21029,0.0637,0.0601,8,0
21031,0.0247,0.0197,2,1
21033,0.0302,0.0253,4,0
21035,0.049,0.0445,7,0
21037,0.096,0.0974,9,0
21039,0.023,0.0184,2,0
21041,0.0249,0.0192,2,0
21043,0.0485,0.0436,7,0
21045,0.0258,0.0207,3,0
21047,0.0535,0.0493,7,0
21049,0.0792,0.0777,9,0
21051,0.028,0.0234,3,0
21053,0.0244,0.0198,2,0
21055,0.0245,0.0198,2,0
21057,0.0203,0.0168,1,0
21059,0.0702,0.0674,8,1
21061,0.0274,0.0236,3,0
21063,0.0166,0.0133,1,0
21065,0.0248,0.0198,2,0
21067,0.223,0.2526,10,0
21069,0.0289,0.0251,4,0
21071,0.0439,0.0387,6,0
21073,0.07,0.0688,8,0
21075,0.0219,0.0174,2,0
21077,0.0256,0.0208,3,0
21079,0.0356,0.0318,5,0
21081,0.0359,0.0305,5,0
21083,0.0379,0.0331,5,0
21085,0.0358,0.0309,5,0
21087,0.0237,0.018,2,0
21089,0.0412,0.0376,6,0
21091,0.0382,0.0335,5,0
21093,0.0725,0.07,8,0
21095,0.0287,0.0242,3,0
21097,0.0368,0.0307,5,0
21099,0.0269,0.0231,3,0
21101,0.0489,0.0444,7,0
21103,0.0302,0.0255,4,0
21105,0.0212,0.0158,1,0
21107,0.0667,0.0635,8,0
21109,0.0263,0.0219,3,0
21111,0.2844,0.3303,10,0
21113,0.0728,0.0703,8,0
21115,0.0337,0.029,5,0
21117,0.1091,0.1143,9,0
21119,0.0258,0.022,3,0
21121,0.031,0.0261,4,0
21123,0.0334,0.0287,5,0
21125,0.0489,0.044,7,0
21127,0.0275,0.0216,3,0
21129,0.0198,0.0163,1,0
21131,0.024,0.0183,2,0
21133,0.0317,0.027,4,0
21135,0.0236,0.0199,2,0
21137,0.035,0.0297,5,0
21139,0.026,0.0201,2,0
21141,0.0351,0.0301,5,0
21143,0.0262,0.0211,3,0
21145,0.0921,0.0933,9,0
21147,0.0243,0.0193,2,0
21149,0.0304,0.0244,4,0
21151,0.0733,0.0708,8,0
21153,0.0203,0.0168,1,0
21155,0.0284,0.0225,3,0
21157,0.041,0.0374,6,0
21159,0.0242,0.0192,2,0
21161,0.0558,0.0518,7,0
21163,0.0416,0.0369,6,1
21165,0.0192,0.0152,1,0
21167,0.0624,0.0588,8,0
21169,0.0225,0.0189,2,0
21171,0.0251,0.0194,2,0
21173,0.0407,0.036,6,0
21175,0.0254,0.0196,2,0
21177,0.0344,0.0284,4,0
21179,0.0468,0.0421,6,0
21181,0.0239,0.0193,2,0
21183,0.0325,0.0278,4,0
21185,0.1517,0.1648,10,1
21187,0.0265,0.0214,3,0
21189,0.0154,0.0115,1,0
21191,0.0317,0.0257,4,0
21193,0.035,0.0312,5,0
21195,0.0399,0.0347,6,0
21197,0.0269,0.0221,3,0
21199,0.0502,0.0458,7,0
21201,0.0172,0.0131,1,0
21203,0.0312,0.0265,4,0
21205,0.0415,0.0366,6,0
21207,0.0336,0.0286,5,0
21209,0.0742,0.072,8,0
21211,0.0622,0.0584,8,0
21213,0.0539,0.0496,7,0
21215,0.0467,0.0411,6,0
21217,0.0393,0.0333,5,0
21219,0.0292,0.0232,3,0
21221,0.0327,0.028,4,0
21223,0.0296,0.0247,4,0
21225,0.0301,0.0255,4,0
21227,0.0824,0.0816,9,0
21229,0.0308,0.027,4,0
21231,0.0289,0.024,3,0
21233,0.0314,0.0265,4,0
21235,0.0388,0.0341,5,0
21237,0.0167,0.013,1,0
21239,0.0707,0.0679,8,1
22001,0.0372,0.0334,5,0
22003,0.0282,0.0244,3,0
22005,0.0878,0.089,9,0
22007,0.0309,0.026,4,0
22009,0.0339,0.0292,5,0
22011,0.0359,0.0312,5,0
22013,0.0246,0.0209,3,0
22015,0.0728,0.0703,8,0
22017,0.0847,0.0854,9,1
22019,0.071,0.0681,8,0
22021,0.0209,0.0168,1,0
22023,0.0192,0.014,1,0
22025,0.0242,0.0204,2,0
22027,0.024,0.0183,2,0
22029,0.03,0.0247,4,0
22031,0.0295,0.0257,4,0
22033,0.175,0.1934,10,0
22035,0.0217,0.0173,2,0
22037,0.0364,0.0304,5,0
22039,0.0323,0.027,4,0
22041,0.0291,0.0232,3,0
22043,0.0298,0.0238,3,0
22045,0.0519,0.0467,7,0
22047,0.0421,0.0373,6,0
22049,0.0264,0.0213,3,0
22051,0.1186,0.1246,9,0
22053,0.0343,0.0305,5,0
22055,0.1069,0.1112,9,0
22057,0.0509,0.0462,7,0
22059,0.0289,0.0251,4,0
22061,0.0483,0.0427,7,0
22063,0.0763,0.0743,8,0
22065,0.0234,0.0185,2,0
22067,0.0303,0.0257,4,0
22069,0.0376,0.0338,5,0
22071,0.1576,0.1691,10,0
22073,0.0696,0.0668,8,0
22075,0.0407,0.0371,6,0
22077,0.0321,0.0268,4,0
22079,0.0591,0.0546,8,0
22081,0.0184,0.0133,1,0
22083,0.0596,0.0559,8,0
22085,0.0296,0.0258,4,0
22087,0.0552,0.0503,7,0
22089,0.0622,0.0584,8,0
22091,0.0256,0.0205,2,0
22093,0.041,0.0361,6,0
22095,0.0696,0.0667,8,0
22097,0.0454,0.0397,6,0
22099,0.041,0.0374,6,0
22101,0.0434,0.0388,6,0
22103,0.1118,0.1146,9,0
22105,0.0622,0.0586,8,0
22107,0.0189,0.0154,1,0
22109,0.0535,0.0491,7,0
22111,0.0279,0.0227,3,0
22113,0.0417,0.0368,6,0
22115,0.0411,0.0375,6,0
22117,0.0386,0.0326,5,0
22119,0.0326,0.0273,4,0
22121,0.058,0.054,7,0
22123,0.0241,0.0195,2,0
22125,0.0329,0.0282,4,0
22127,0.0246,0.0208,3,0
23001,0.1316,0.1406,10,0
23003,0.0787,0.0772,9,0
23005,0.2809,0.343,10,1
23007,0.0492,0.0438,7,0
23009,0.0823,0.0813,9,0
23011,0.0919,0.092,9,0
23013,0.0887,0.0883,9,1
23015,0.0888,0.0885,9,0
23017,0.0579,0.0539,7,0
23019,0.0811,0.0795,9,1
23021,0.0337,0.0284,4,0
23023,0.0966,0.0975,9,0
23025,0.047,0.0437,7,0
23027,0.0715,0.0687,8,0
23029,0.0396,0.0347,6,0
23031,0.1797,0.2065,10,1
24001,0.0639,0.06,8,0
24003,0.3239,0.387,10,0
24005,0.3214,0.3971,10,0
24009,0.1061,0.1087,9,0
24011,0.0473,0.0417,6,0
24013,0.137,0.15,10,0
24015,0.0836,0.0841,9,0
24017,0.2094,0.2464,10,0
24019,0.048,0.0424,7,0
24021,0.2539,0.2918,10,1
24023,0.0504,0.045,7,0
24025,0.1433,0.1553,10,0
24027,0.2859,0.3497,10,1
24029,0.0554,0.0512,7,0
24031,0.3481,0.4321,10,0
24033,0.304,0.3617,10,1
24035,0.0844,0.0834,9,0
24037,0.1066,0.1085,9,0
24039,0.0423,0.0374,6,0
24041,0.0858,0.0848,9,0
24043,0.0961,0.0969,9,0
24045,0.087,0.088,9,0
24047,0.0719,0.0692,8,0
24510,0.3213,0.3739,10,0
25001,0.1518,0.165,10,0
25003,0.0996,0.1004,9,0
25005,0.1251,0.1347,9,0
25007,0.0879,0.0871,9,0
25009,0.233,0.2701,10,0
25011,0.0921,0.0939,9,0
25013,0.188,0.2094,10,1
25015,0.1333,0.14,10,0
25017,0.3659,0.4245,10,1
25019,0.0891,0.0885,9,0
25021,0.2199,0.2488,10,0
25023,0.1672,0.1809,10,0
25025,0.2083,0.2345,10,0
25027,0.161,0.1762,10,0
26001,0.0306,0.026,4,0
26003,0.0328,0.0281,4,0
26005,0.0805,0.079,9,0
26007,0.0445,0.0394,6,0
26009,0.0589,0.0548,8,0
26011,0.0316,0.0269,4,0
26013,0.0278,0.0219,3,0
26015,0.0628,0.0592,8,0
26017,0.0695,0.0666,8,0
26019,0.0583,0.0543,7,0
26021,0.1379,0.1455,10,1
26023,0.0463,0.0416,6,0
26025,0.0748,0.0726,8,0
26027,0.0536,0.0494,7,1
26029,0.0666,0.0633,8,0
26031,0.0464,0.0419,6,0
26033,0.0475,0.0428,7,1
26035,0.0368,0.0307,5,0
26037,0.0864,0.0854,9,0
26039,0.035,0.03,5,0
26041,0.0419,0.0383,6,0
26043,0.0448,0.0414,6,0
26045,0.1418,0.1516,10,0
26047,0.0751,0.0728,8,0
26049,0.1325,0.1441,10,0
26051,0.0374,0.0337,5,0
26053,0.0334,0.0287,5,0
26055,0.1132,0.1194,9,0
26057,0.0462,0.0412,6,0
26059,0.0462,0.0411,6,0
26061,0.054,0.049,7,1
26063,0.0407,0.037,6,0
26065,0.1765,0.1973,10,1
26067,0.0601,0.0563,8,0
26069,0.0393,0.034,5,0
26071,0.031,0.0257,4,0
26073,0.0612,0.059,8,0
26075,0.0775,0.0758,8,0
26077,0.1914,0.2131,10,0
26079,0.0559,0.0515,7,0
26081,0.2331,0.2652,10,1
26083,0.0292,0.0233,3,0
26085,0.0272,0.0213,3,0
26087,0.0647,0.0613,8,0
26089,0.0869,0.087,9,0
26091,0.067,0.0638,8,0
26093,0.2044,0.2295,10,0
26095,0.0246,0.0196,2,0
26097,0.0364,0.0311,5,0
26099,0.2181,0.2467,10,1
26101,0.0471,0.0415,6,0
26103,0.0757,0.0736,8,0
26105,0.0518,0.0488,7,0
26107,0.0486,0.044,7,1
26109,0.0365,0.0318,5,0
26111,0.0866,0.0862,9,0
26113,0.0323,0.027,4,0
26115,0.1456,0.1547,10,0
26117,0.0517,0.0487,7,0
26119,0.028,0.0242,3,0
26121,0.0875,0.0866,9,0
26123,0.0484,0.0451,7,0
26125,0.3356,0.3912,10,1
26127,0.0446,0.04,6,0
26129,0.0333,0.0272,4,0
26131,0.0236,0.0187,2,0
26133,0.0363,0.0316,5,0
26135,0.0283,0.0245,4,0
26137,0.0493,0.0447,7,0
26139,0.1386,0.149,10,1
26141,0.0359,0.0299,5,0
26143,0.0393,0.0333,5,0
26145,0.0835,0.0841,9,0
26147,0.0742,0.072,8,0
26149,0.0548,0.0503,7,0
26151,0.0435,0.0389,6,0
26153,0.0282,0.023,3,0
26155,0.0585,0.0561,8,0
26157,0.047,0.0414,6,1
26159,0.0659,0.0626,8,0
26161,0.316,0.3673,10,1
26163,0.2856,0.338,10,1
26165,0.0507,0.046,7,0
27001,0.0302,0.0256,4,0
27003,0.1763,0.195,10,0
27005,0.0473,0.0426,7,0
27007,0.0583,0.0541,7,0
27009,0.0539,0.0497,7,0
27011,0.0252,0.0215,3,0
27013,0.0733,0.0709,8,1
27015,0.0452,0.0401,6,0
27017,0.0523,0.0479,7,0
27019,0.1589,0.1707,10,1
27021,0.0406,0.0354,6,0
27023,0.032,0.026,4,0
27025,0.0633,0.0598,8,0
27027,0.0752,0.0728,8,0
27029,0.0238,0.0189,2,0
27031,0.0483,0.0434,7,0
27033,0.0309,0.0262,4,0
27035,0.0599,0.0576,8,0
27037,0.2673,0.304,10,1
27039,0.0498,0.0467,7,0
27041,0.0552,0.0503,7,0
27043,0.031,0.025,4,0
27045,0.0403,0.0343,6,0
27047,0.0421,0.0385,6,0
27049,0.0623,0.0586,8,0
27051,0.0266,0.0208,3,0
27053,0.3776,0.4418,10,0
27055,0.0435,0.0387,6,0
27057,0.0448,0.0397,6,0
27059,0.0493,0.0445,7,0
27061,0.0457,0.041,6,0
27063,0.0303,0.0251,4,0
27065,0.0321,0.0271,4,0
27067,0.0479,0.0423,7,0
27069,0.0247,0.02,2,0
27071,0.0274,0.0229,3,0
27073,0.0251,0.02,2,0
27075,0.0362,0.0309,5,0
27077,0.0214,0.0166,1,0
27079,0.0495,0.0441,7,0
27081,0.0272,0.0227,3,0
27083,0.0427,0.0379,6,0
27085,0.0498,0.0444,7,0
27087,0.0231,0.0188,2,0
27089,0.0232,0.0183,2,0
27091,0.0397,0.0344,6,0
27093,0.0408,0.0348,6,0
27095,0.0391,0.0341,6,0
27097,0.0396,0.0343,6,0
27099,0.0516,0.0486,7,0
27101,0.0273,0.0214,3,0
27103,0.0651,0.0614,8,0
27105,0.0355,0.0305,5,0
27107,0.0233,0.0177,2,0
27109,0.1709,0.1875,10,0
27111,0.0561,0.0534,7,0
27113,0.0341,0.0288,5,0
27115,0.0326,0.0266,4,0
27117,0.0293,0.0234,3,0
27119,0.0404,0.0357,6,0
27121,0.0323,0.0263,4,0
27123,0.2428,0.2916,10,0
27125,0.0234,0.019,2,0
27127,0.0356,0.0296,5,0
27129,0.0317,0.0268,4,0
27131,0.074,0.0716,8,0
27133,0.0326,0.0273,4,0
27135,0.0319,0.0266,4,0
27137,0.1134,0.1188,9,0
27139,0.1262,0.1315,9,0
27141,0.083,0.0823,9,0
27143,0.035,0.0312,5,0
27145,0.0777,0.0759,9,0
27147,0.0593,0.0555,8,0
27149,0.0293,0.0255,4,0
27151,0.0266,0.0208,3,0
27153,0.0333,0.0286,5,0
27155,0.0191,0.0145,1,0
27157,0.0446,0.0398,6,0
27159,0.029,0.0238,3,0
27161,0.0422,0.0373,6,0
27163,0.1605,0.1727,10,0
27165,0.03,0.0247,4,0
27167,0.0279,0.0227,3,0
27169,0.0602,0.0558,8,0
27171,0.0974,0.0998,9,0
27173,0.027,0.0218,3,0
28001,0.0457,0.0407,6,0
28003,0.0376,0.0329,5,0
28005,0.0211,0.017,2,0
28007,0.0335,0.0286,5,0
28009,0.0183,0.0141,1,0
28011,0.0388,0.0328,5,0
28013,0.0244,0.02,2,0
28015,0.0269,0.021,3,0
28017,0.0302,0.0242,3,0
28019,0.0224,0.0168,2,0
28021,0.0325,0.0278,4,0
28023,0.0305,0.0253,4,0
28025,0.0348,0.0288,5,0
28027,0.0554,0.0527,7,0
28029,0.036,0.0322,5,0
28031,0.0303,0.0265,4,0
28033,0.1798,0.1986,10,0
28035,0.062,0.0598,8,0
28037,0.02,0.0159,1,0
28039,0.0348,0.03,5,0
28041,0.0255,0.0204,2,0
28043,0.0415,0.0379,6,0
28045,0.0524,0.0477,7,0
28047,0.0837,0.0829,9,0
28049,0.1395,0.1532,10,1
28051,0.0373,0.0326,5,0
28053,0.0288,0.0228,3,0
28055,0.0102,0.0076,1,0
28057,0.0337,0.0277,4,0
28059,0.0729,0.0703,8,0
28061,0.03,0.0261,4,0
28063,0.0299,0.025,4,0
28065,0.0278,0.023,3,0
28067,0.0494,0.044,7,0
28069,0.0282,0.023,3,0
28071,0.0604,0.0565,8,0
28073,0.0704,0.0692,8,0
28075,0.084,0.0833,9,0
28077,0.0266,0.0215,3,0
28079,0.0315,0.0255,4,0
28081,0.0663,0.0628,8,0
28083,0.0417,0.037,6,0
28085,0.0378,0.0325,5,0
28087,0.0589,0.0543,8,0
28089,0.1825,0.202,10,0
28091,0.0304,0.0257,4,0
28093,0.0351,0.0313,5,0
28095,0.0365,0.0304,5,0
28097,0.0274,0.0223,3,0
28099,0.0369,0.0308,5,0
28101,0.0336,0.0298,5,0
28103,0.0259,0.0201,2,0
28105,0.0636,0.0601,8,0
28107,0.0311,0.0251,4,0
28109,0.0448,0.0402,6,0
28111,0.0233,0.019,2,0
28113,0.046,0.0403,6,0
28115,0.0367,0.0319,5,0
28117,0.0323,0.0284,4,0
28119,0.0214,0.0159,1,0
28121,0.129,0.1396,10,0
28123,0.036,0.0311,5,0
28125,0.025,0.0212,3,0
28127,0.0362,0.0312,5,0
28129,0.028,0.0221,3,0
28131,0.0319,0.027,4,0
28133,0.039,0.033,5,0
28135,0.0252,0.0207,3,0
28137,0.0353,0.0306,5,0
28139,0.0299,0.025,4,0
28141,0.027,0.0211,3,0
28143,0.0266,0.0228,3,0
28145,0.0333,0.0273,4,0
28147,0.0262,0.0217,3,0
28149,0.0829,0.0817,9,0
28151,0.051,0.0463,7,0
28153,0.0286,0.0238,3,0
28155,0.0267,0.0222,3,0
28157,0.0225,0.0176,2,0
28159,0.0324,0.0271,4,0
28161,0.0278,0.0219,3,0
28163,0.0322,0.0269,4,0
29001,0.0439,0.0381,6,0
29003,0.0453,0.0405,6,0
29005,0.0256,0.0198,2,0
29007,0.0396,0.0337,5,0
29009,0.0407,0.0348,6,0
29011,0.0297,0.0238,3,0
29013,0.0306,0.0246,4,0
29015,0.0341,0.0291,5,0
29017,0.0293,0.0247,4,0
29019,0.1602,0.1723,10,0
29021,0.068,0.0649,8,0
29023,0.0418,0.0359,6,0
29025,0.0404,0.0355,6,0
29027,0.0561,0.0521,7,0
29029,0.0791,0.079,9,0
29031,0.0804,0.0805,9,0
29033,0.0307,0.0269,4,0
29035,0.0194,0.0151,1,0
29037,0.1292,0.1363,10,0
29039,0.0289,0.0243,3,0
29041,0.0295,0.0235,3,0
29043,0.0805,0.0793,9,0
29045,0.0226,0.018,2,0
29047,0.3023,0.3506,10,1
29049,0.0439,0.0381,6,0
29051,0.0853,0.086,9,0
29053,0.0431,0.0395,6,0
29055,0.0363,0.0316,5,0
29057,0.0268,0.023,3,0
29059,0.0357,0.031,5,0
29061,0.0269,0.0223,3,0
29063,0.0334,0.0295,5,0
29065,0.0327,0.0289,5,0
29067,0.0283,0.0245,4,0
29069,0.0329,0.0279,4,0
29071,0.1275,0.1377,10,0
29073,0.0364,0.031,5,0
29075,0.0254,0.021,3,0
29077,0.1256,0.1354,9,0
29079,0.0299,0.0261,4,0
29081,0.0249,0.0199,2,0
29083,0.037,0.032,5,0
29085,0.0215,0.0161,1,0
29087,0.0244,0.0198,2,0
29089,0.0364,0.0303,5,0
29091,0.0413,0.0367,6,0
29093,0.0252,0.0214,3,0
29095,0.3037,0.3735,10,1
29097,0.1338,0.1432,10,0
29099,0.1337,0.1404,10,0
29101,0.0611,0.0589,8,0
29103,0.0196,0.0161,1,0
29105,0.0412,0.0376,6,0
29107,0.0503,0.0455,7,0
29109,0.0457,0.0406,6,0
29111,0.0286,0.0234,3,0
29113,0.0546,0.0503,7,0
29115,0.0314,0.0254,4,0
29117,0.0358,0.0311,5,0
29119,0.0335,0.0286,5,0
29121,0.0335,0.0282,4,0
29123,0.0302,0.0242,3,0
29125,0.0275,0.0237,3,0
29127,0.048,0.0447,7,0
29129,0.0239,0.0193,2,0
29131,0.0418,0.0359,6,0
29133,0.0267,0.0208,3,0
29135,0.0372,0.0334,5,0
29137,0.0265,0.0227,3,0
29139,0.0608,0.0571,8,0
29141,0.0355,0.0305,5,0
29143,0.0292,0.0232,3,0
29145,0.0572,0.0546,8,0
29147,0.0582,0.0543,7,0
29149,0.0229,0.0186,2,0
29151,0.0361,0.0308,5,0
29153,0.0236,0.0189,2,0
29155,0.0252,0.0215,3,0
29157,0.0398,0.0338,5,0
29159,0.0504,0.0472,7,0
29161,0.0563,0.0522,7,0
29163,0.0304,0.0254,4,0
29165,0.2625,0.298,10,1
29167,0.0412,0.0353,6,0
29169,0.0625,0.0589,8,0
29171,0.0239,0.0195,2,0
29173,0.031,0.0263,4,0
29175,0.0415,0.0379,6,0
29177,0.0351,0.029,5,0
29179,0.0217,0.0168,2,0
29181,0.0247,0.02,2,0
29183,0.2314,0.2596,10,1
29185,0.0259,0.0214,3,0
29186,0.0357,0.031,5,0
29187,0.0508,0.0464,7,0
29189,0.3058,0.3515,10,0
29195,0.0397,0.0348,6,0
29197,0.0213,0.0166,1,0
29199,0.0263,0.0212,3,0
29201,0.0481,0.0426,7,0
29203,0.0212,0.0176,2,0
29205,0.0247,0.021,3,0
29207,0.0375,0.0315,5,0
29209,0.0486,0.0453,7,0
29211,0.0204,0.0151,1,0
29213,0.0562,0.0522,7,0
29215,0.0317,0.0257,4,0
29217,0.0355,0.0308,5,0
29219,0.0754,0.0732,8,1
29221,0.0309,0.0262,4,0
29223,0.0239,0.0183,2,0
29225,0.0694,0.0665,8,0
29227,0.0186,0.0151,1,0
29229,0.0293,0.0247,4,0
29510,0.2796,0.3412,10,0
30001,0.0348,0.0295,5,0
30003,0.0304,0.0252,4,0
30005,0.0292,0.024,3,0
30007,0.0283,0.0231,3,0
30009,0.0366,0.0328,5,0
30011,0.0139,0.0094,1,0
30013,0.0617,0.0575,8,0
30015,0.0281,0.0235,3,0
30017,0.0441,0.0393,6,0
30019,0.0158,0.0111,1,0
30021,0.0299,0.0239,3,0
30023,0.0318,0.0265,4,0
30025,0.0202,0.0155,1,0
30027,0.0315,0.0262,4,0
30029,0.0712,0.0685,8,0
30031,0.1033,0.1069,9,0
30033,0.0139,0.01,1,0
30035,0.029,0.0252,4,0
30037,0.0116,0.0085,1,0
30039,0.0292,0.0246,4,0
30041,0.037,0.0332,5,0
30043,0.0355,0.0308,5,0
30045,0.0174,0.013,1,0
30047,0.0514,0.0461,7,0
30049,0.0706,0.0679,8,0
30051,0.0184,0.0142,1,0
30053,0.0298,0.0245,4,0
30055,0.0166,0.0129,1,0
30057,0.0327,0.0288,5,0
30059,0.02,0.0159,1,0
30061,0.0238,0.0195,2,0
30063,0.1005,0.1037,9,1
30065,0.0218,0.0182,2,0
30067,0.051,0.0466,7,0
30069,0.0131,0.0096,1,0
30071,0.0224,0.0176,2,0
30073,0.0237,0.0194,2,0
30075,0.0177,0.0136,1,0
30077,0.0255,0.0197,2,0
30079,0.0166,0.0117,1,0
30081,0.0515,0.0468,7,0
30083,0.0298,0.0249,4,0
30085,0.0319,0.028,4,0
30087,0.0277,0.0232,3,0
30089,0.0284,0.0238,3,0
30091,0.0249,0.0212,3,0
30093,0.0487,0.0441,7,0
30095,0.0313,0.026,4,0
30097,0.026,0.0216,3,0
30099,0.0265,0.022,3,0
30101,0.0223,0.0174,2,0
30103,0.0151,0.0115,1,0
30105,0.0243,0.0205,2,0
30107,0.0169,0.0126,1,0
30109,0.0175,0.0134,1,0
30111,0.0828,0.0816,9,0
31001,0.0538,0.0487,7,0
31003,0.0242,0.0192,2,0
31005,0.0136,0.0097,1,0
31007,0.0176,0.0142,1,0
31009,0.0148,0.0102,1,0
31011,0.0266,0.0208,3,0
31013,0.0303,0.0254,4,0
31015,0.0174,0.0133,1,0
31017,0.0199,0.0146,1,0
31019,0.0836,0.0828,9,0
31021,0.0278,0.024,3,0
31023,0.0357,0.031,5,0
31025,0.0571,0.0524,7,0
31027,0.0305,0.0258,4,0
31029,0.023,0.0174,2,0
31031,0.0218,0.0163,1,0
31033,0.0286,0.024,3,0
31035,0.0297,0.0248,4,0
31037,0.0297,0.0244,4,0
31039,0.0322,0.0284,4,0
31041,0.03,0.0247,4,1
31043,0.0346,0.0286,5,0
31045,0.033,0.0284,4,0
31047,0.0364,0.0303,5,0
31049,0.021,0.0166,1,0
31051,0.0252,0.0208,3,0
31053,0.0564,0.0521,7,0
31055,0.3935,0.4575,10,0
31057,0.0172,0.0131,1,0
31059,0.0282,0.023,3,0
31061,0.0192,0.0152,1,0
31063,0.0222,0.0185,2,0
31065,0.0234,0.0185,2,0
31067,0.0386,0.0338,5,0
31069,0.0154,0.0118,1,0
31071,0.0195,0.016,1,0
31073,0.0227,0.0184,2,0
31075,0.0133,0.0097,1,0
31077,0.0165,0.0132,1,0
31079,0.0592,0.0552,8,0
31081,0.0342,0.0295,5,0
31083,0.0232,0.0189,2,0
31085,0.0122,0.009,1,0
31087,0.017,0.013,1,0
31089,0.0294,0.0234,3,0
31091,0.0139,0.0095,1,0
31093,0.0284,0.0232,3,0
31095,0.0296,0.0236,3,0
31097,0.0265,0.0207,2,0
31099,0.0344,0.0284,4,0
31101,0.0295,0.0257,4,0
31103,0.0145,0.0108,1,0
31105,0.0203,0.016,1,0
31107,0.0276,0.0224,3,0
31109,0.1308,0.137,10,0
31111,0.0428,0.0369,6,0
31113,0.0128,0.0095,1,1
31115,0.0161,0.0113,1,0
31117,0.0115,0.0076,1,0
31119,0.0487,0.0439,7,0
31121,0.0272,0.0224,3,0
31123,0.0238,0.0192,2,0
31125,0.0228,0.0182,2,0
31127,0.0308,0.0261,4,0
31129,0.0259,0.0214,3,0
31131,0.0426,0.0377,6,1
31133,0.0186,0.0135,1,0
31135,0.0229,0.0184,2,0
31137,0.0337,0.0298,5,0
31139,0.0292,0.0239,3,0
31141,0.0481,0.0448,7,0
31143,0.0267,0.0216,3,0
31145,0.0325,0.0286,5,0
31147,0.0295,0.0235,3,0
31149,0.0172,0.0139,1,0
31151,0.0365,0.0305,5,0
31153,0.3711,0.434,10,0
31155,0.0498,0.045,7,0
31157,0.0497,0.0443,7,0
31159,0.0454,0.0409,6,1
31161,0.0238,0.0195,2,0
31163,0.0189,0.0155,1,0
31165,0.0156,0.0115,1,0
31167,0.0273,0.0214,3,0
31169,0.0244,0.0187,2,0
31171,0.0161,0.0113,1,0
31173,0.0329,0.0269,4,0
31175,0.026,0.0223,3,0
31177,0.057,0.0522,7,0
31179,0.0373,0.0313,5,0
31181,0.0201,0.016,1,0
31183,0.0137,0.0107,1,0
31185,0.0425,0.0373,6,0
32001,0.0421,0.0369,6,0
32003,0.4485,0.5402,10,0
32005,0.0671,0.0639,8,0
32007,0.0476,0.0427,7,0
32009,0.0162,0.0125,1,0
32011,0.0181,0.014,1,0
32013,0.0303,0.0244,3,0
32015,0.0268,0.023,3,0
32017,0.021,0.0175,2,0
32019,0.052,0.0477,7,1
32021,0.0197,0.0162,1,0
32023,0.0421,0.0369,6,0
32027,0.0241,0.0204,2,0
32029,0.0674,0.0658,8,0
32031,0.279,0.3185,10,1
32033,0.0258,0.022,3,0
32510,0.0814,0.0816,9,0
33001,0.076,0.0738,8,0
33003,0.0748,0.0724,8,0
33005,0.0735,0.0712,8,0
33007,0.0394,0.0347,6,0
33009,0.0858,0.0853,9,0
33011,0.1395,0.1488,10,0
33013,0.0986,0.0994,9,0
33015,0.2385,0.2684,10,0
33017,0.1418,0.1529,10,0
33019,0.0639,0.0604,8,0
34001,0.0863,0.0872,9,0
34003,0.226,0.253,10,0
34005,0.1435,0.1522,10,1
34007,0.1359,0.1444,10,0
34009,0.0846,0.0837,9,0
34011,0.1141,0.1191,9,1
34013,0.2541,0.3069,10,0
34015,0.2139,0.238,10,0
34017,0.3777,0.4546,10,0
34019,0.1358,0.1456,10,0
34021,0.1971,0.2173,10,0
34023,0.3835,0.4776,10,1
34025,0.2006,0.2282,10,0
34027,0.1735,0.1908,10,0
34029,0.1179,0.1237,9,0
34031,0.1581,0.1698,10,0
34033,0.0594,0.0555,8,0
34035,0.4207,0.5242,10,0
34037,0.1502,0.164,10,0
34039,0.2218,0.2632,10,0
34041,0.0934,0.0949,9,0
35001,0.3435,0.3974,10,1
35003,0.0216,0.0171,2,0
35005,0.0427,0.0375,6,0
35006,0.0401,0.0349,6,0
35007,0.0322,0.0273,4,0
35009,0.0519,0.0489,7,0
35011,0.0154,0.0118,1,0
35013,0.1046,0.1069,9,0
35015,0.0419,0.0367,6,0
35017,0.0429,0.0381,6,0
35019,0.0171,0.0138,1,0
35021,0.0134,0.009,1,0
35023,0.018,0.0136,1,0
35025,0.0419,0.0367,6,0
35027,0.041,0.0373,6,0
35028,0.1334,0.1429,10,0
35029,0.0303,0.0264,4,0
35031,0.0402,0.0342,6,0
35033,0.0202,0.0162,1,0
35035,0.0546,0.0504,7,0
35037,0.0246,0.0209,3,0
35039,0.0368,0.0319,5,0
35041,0.0364,0.0314,5,0
35043,0.0989,0.1008,9,0
35045,0.063,0.0594,8,0
35047,0.0336,0.0289,5,0
35049,0.1504,0.1633,10,1
35051,0.0342,0.0282,4,0
35053,0.0285,0.0236,3,0
35055,0.0607,0.057,8,0
35057,0.0277,0.0229,3,0
35059,0.0224,0.0182,2,0
35061,0.1271,0.1372,10,0
36001,0.2587,0.2934,10,0
36003,0.0485,0.0436,7,0
36005,0.1306,0.1394,10,0
36007,0.0988,0.0995,9,0
36009,0.0561,0.052,7,0
36011,0.065,0.0616,8,0
36013,0.1028,0.1055,9,0
36015,0.0732,0.0708,8,0
36017,0.0507,0.0453,7,0
36019,0.0647,0.0629,8,0
36021,0.0988,0.1015,9,0
36023,0.0614,0.0576,8,0
36025,0.0599,0.0559,8,0
36027,0.1432,0.1552,10,0
36029,0.282,0.3272,10,0
36031,0.0606,0.0583,8,0
36033,0.0505,0.0462,7,0
36035,0.0541,0.0496,7,0
36037,0.0916,0.0917,9,0
36039,0.0727,0.0702,8,0
36041,0.032,0.0273,4,0
36043,0.0744,0.0721,8,0
36045,0.0673,0.0641,8,0
36047,0.2756,0.3177,10,0
36049,0.0378,0.034,5,0
36051,0.0728,0.0719,8,0
36053,0.07,0.0687,8,0
36055,0.1674,0.1831,10,0
36057,0.0538,0.0494,7,0
36059,0.2049,0.2302,10,0
36061,0.4373,0.5119,10,0
36063,0.1683,0.1868,10,1
36065,0.0855,0.0863,9,0
36067,0.2239,0.254,10,1
36069,0.1008,0.104,9,0
36071,0.1202,0.1269,9,0
36073,0.0518,0.0471,7,0
36075,0.0678,0.0647,8,0
36077,0.1022,0.1034,9,1
36079,0.1175,0.1249,9,0
36081,0.159,0.1751,10,0
36083,0.1069,0.1116,9,0
36085,0.1877,0.2084,10,0
36087,0.203,0.2377,10,0
36089,0.0817,0.0806,9,0
36091,0.1355,0.1455,10,0
36093,0.1166,0.1212,9,0
36095,0.0522,0.0492,7,0
36097,0.0495,0.0464,7,0
36099,0.0551,0.0524,7,0
36101,0.0679,0.0648,8,0
36103,0.2915,0.3391,10,0
36105,0.0644,0.0625,8,0
36107,0.0634,0.0614,8,0
36109,0.1854,0.2086,10,1
36111,0.1221,0.1308,9,0
36113,0.0798,0.0798,9,0
36115,0.0572,0.0525,7,0
36117,0.0751,0.0729,8,0
36119,0.2556,0.2993,10,0
36121,0.0504,0.045,7,0
36123,0.055,0.0501,7,0
37001,0.0936,0.0956,9,0
37003,0.041,0.0351,6,0
37005,0.03,0.0262,4,0
37007,0.0281,0.0229,3,0
37009,0.0415,0.0368,6,0
37011,0.0406,0.0357,6,0
37013,0.0423,0.0374,6,0
37015,0.0315,0.0265,4,0
37017,0.0342,0.0292,5,0
37019,0.0854,0.0852,9,0
37021,0.1487,0.1584,10,0
37023,0.0563,0.0537,7,0
37025,0.1396,0.1535,10,0
37027,0.0997,0.1006,9,0
37029,0.0346,0.0293,5,0
37031,0.0633,0.0597,8,0
37033,0.0311,0.0251,4,0
37035,0.1421,0.1533,10,0
37037,0.0925,0.0944,9,0
37039,0.0573,0.0547,8,0
37041,0.0332,0.0285,4,0
37043,0.035,0.0296,5,1
37045,0.0755,0.0733,8,0
37047,0.0351,0.0302,5,0
37049,0.0701,0.0672,8,0
37051,0.1993,0.2233,10,0
37053,0.0551,0.0502,7,0
37055,0.068,0.0649,8,0
37057,0.0743,0.0718,8,0
37059,0.0575,0.055,8,0
37061,0.0384,0.0334,5,0
37063,0.256,0.2901,10,1
37065,0.0843,0.0839,9,0
37067,0.1794,0.1981,10,0
37069,0.0634,0.0599,8,0
37071,0.1007,0.103,9,0
37073,0.0253,0.0209,3,1
37075,0.0243,0.0197,2,0
37077,0.054,0.049,7,0
37079,0.0323,0.0262,4,0
37081,0.2341,0.2715,10,0
37083,0.0433,0.0387,6,0
37085,0.074,0.0716,8,0
37087,0.0631,0.0595,8,1
37089,0.1039,0.1068,9,0
37091,0.0355,0.0302,5,0
37093,0.0543,0.0514,7,0
37095,0.0186,0.0134,1,0
37097,0.1677,0.1814,10,0
37099,0.0576,0.0534,7,0
37101,0.1046,0.1076,9,0
37103,0.0264,0.0226,3,0
37105,0.0563,0.0521,7,0
37107,0.0497,0.0465,7,0
37109,0.0715,0.0704,8,0
37111,0.0471,0.0421,6,0
37113,0.0483,0.0437,7,0
37115,0.047,0.042,6,0
37117,0.0333,0.0295,5,0
37119,0.4378,0.5125,10,0
37121,0.0385,0.0332,5,0
37123,0.033,0.0269,4,0
37125,0.078,0.0761,9,0
37127,0.0651,0.0633,8,0
37129,0.1239,0.1314,9,0
37131,0.0302,0.0249,4,1
37133,0.0779,0.0759,9,0
37135,0.1312,0.1387,10,1
37137,0.0329,0.0269,4,0
37139,0.054,0.0498,7,0
37141,0.0545,0.0502,7,0
37143,0.0296,0.025,4,0
37145,0.0684,0.0654,8,0
37147,0.0874,0.0866,9,0
37149,0.0481,0.0432,7,0
37151,0.0601,0.0563,8,0
37153,0.0518,0.0488,7,0
37155,0.036,0.0322,5,0
37157,0.0793,0.0776,9,0
37159,0.1029,0.1065,9,1
37161,0.1084,0.1113,9,0
37163,0.0368,0.0308,5,0
37165,0.0352,0.0298,5,0
37167,0.0535,0.0484,7,0
37169,0.0631,0.0611,8,0
37171,0.0485,0.043,7,1
37173,0.0344,0.029,5,1
37175,0.0696,0.0666,8,0
37177,0.0186,0.0144,1,0
37179,0.1539,0.1675,10,0
37181,0.0618,0.0577,8,1
37183,0.4145,0.4996,10,1
37185,0.0339,0.03,5,0
37187,0.0256,0.0205,2,0
37189,0.0755,0.0732,8,1
37191,0.062,0.0579,8,0
37193,0.042,0.0371,6,0
37195,0.0572,0.0546,8,0
37197,0.044,0.0392,6,0
37199,0.0375,0.0337,5,0
38001,0.0179,0.0138,1,0
38003,0.0329,0.0268,4,0
38005,0.0238,0.0201,2,0
38007,0.0205,0.017,2,0
38009,0.0277,0.0239,3,0
38011,0.0222,0.0177,2,0
38013,0.0198,0.0157,1,0
38015,0.0803,0.0803,9,0
38017,0.1706,0.1849,10,0
38019,0.0211,0.0157,1,0
38021,0.0396,0.0349,6,0
38023,0.0217,0.0168,2,0
38025,0.022,0.0175,2,0
38027,0.019,0.0156,1,0
38029,0.021,0.0163,1,0
38031,0.0249,0.0212,3,0
38033,0.0192,0.0146,1,0
38035,0.0702,0.069,8,0
38037,0.0178,0.0139,1,0
38039,0.0196,0.0153,1,0
38041,0.0202,0.0155,1,0
38043,0.0211,0.017,2,0
38045,0.0199,0.0158,1,0
38047,0.0172,0.0123,1,0
38049,0.0232,0.0176,2,0
38051,0.0174,0.0133,1,0
38053,0.0311,0.0261,4,0
38055,0.0295,0.0235,3,0
38057,0.0445,0.0393,6,0
38059,0.0472,0.0416,6,1
38061,0.0271,0.0223,3,0
38063,0.0242,0.0192,2,0
38065,0.0291,0.0232,3,0
38067,0.0265,0.0214,3,0
38069,0.0238,0.0188,2,0
38071,0.0296,0.0236,3,0
38073,0.0239,0.0196,2,0
38075,0.0185,0.0134,1,0
38077,0.0387,0.0334,5,0
38079,0.0429,0.038,6,0
38081,0.0207,0.0154,1,0
38083,0.0173,0.013,1,0
38085,0.0234,0.0185,2,0
38087,0.0123,0.0081,1,0
38089,0.0486,0.0437,7,0
38091,0.0197,0.0156,1,0
38093,0.0364,0.0315,5,0
38095,0.0174,0.013,1,0
38097,0.0332,0.0285,5,0
38099,0.0294,0.0242,3,0
38101,0.061,0.0568,8,0
38103,0.0216,0.018,2,0
38105,0.0867,0.086,9,0
39001,0.0624,0.0583,8,1
39003,0.0884,0.0897,9,1
39005,0.0536,0.0494,7,0
39007,0.0525,0.0483,7,0
39009,0.0615,0.0573,8,0
39011,0.0509,0.0466,7,0
39013,0.0492,0.0444,7,0
39015,0.0586,0.0541,7,1
39017,0.2338,0.266,10,1
39019,0.0363,0.0325,5,0
39021,0.0648,0.063,8,1
39023,0.1023,0.1035,9,1
39025,0.1071,0.1099,9,0
39027,0.0724,0.0699,8,1
39029,0.0541,0.0499,7,0
39031,0.0367,0.033,5,0
39033,0.0415,0.0362,6,0
39035,0.346,0.4039,10,0
39037,0.0455,0.0409,6,0
39039,0.0486,0.0431,7,0
39041,0.2641,0.3204,10,0
39043,0.0917,0.0915,9,0
39045,0.1309,0.1397,10,0
39047,0.0356,0.0307,5,0
39049,0.5581,0.6821,10,1
39051,0.0692,0.0661,8,0
39053,0.0381,0.0334,5,0
39055,0.0939,0.096,9,0
39057,0.1146,0.1213,9,0
39059,0.0368,0.0318,5,0
39061,0.2765,0.3371,10,1
39063,0.0703,0.0691,8,1
39065,0.039,0.0353,6,0
39067,0.0296,0.0247,4,0
39069,0.0419,0.036,6,0
39071,0.041,0.0351,6,1
39073,0.0373,0.0313,5,0
39075,0.0421,0.0385,6,0
39077,0.049,0.0458,7,0
39079,0.0361,0.0301,5,0
39081,0.0497,0.0452,7,0
39083,0.0545,0.0502,7,0
39085,0.1596,0.1758,10,1
39087,0.071,0.0682,8,0
39089,0.3508,0.4097,10,1
39091,0.049,0.0442,7,0
39093,0.0989,0.1018,9,0
39095,0.1127,0.1174,9,1
39097,0.0537,0.0494,7,0
39099,0.0986,0.1012,9,0
39101,0.0479,0.0423,7,0
39103,0.1058,0.1091,9,0
39105,0.0309,0.0271,4,0
39107,0.0506,0.0452,7,0
39109,0.1091,0.1138,9,0
39111,0.045,0.0399,6,0
39113,0.1303,0.139,10,1
39115,0.0262,0.0217,3,0
39117,0.0429,0.0371,6,0
39119,0.0531,0.0502,7,0
39121,0.0286,0.0238,3,0
39123,0.0563,0.0522,7,0
39125,0.0356,0.0302,5,0
39127,0.0345,0.0284,4,0
39129,0.0788,0.0774,9,1
39131,0.0413,0.0366,6,0
39133,0.0853,0.0851,9,0
39135,0.0448,0.0402,6,0
39137,0.0476,0.0427,7,0
39139,0.0627,0.0591,8,0
39141,0.0465,0.0409,6,0
39143,0.0749,0.0725,8,0
39145,0.0642,0.0623,8,0
39147,0.0506,0.0475,7,1
39149,0.0694,0.068,8,0
39151,0.1416,0.1514,10,1
39153,0.1807,0.1997,10,1
39155,0.123,0.13,9,1
39157,0.0545,0.0517,7,0
39159,0.2515,0.2845,10,0
39161,0.0596,0.0551,8,1
39163,0.024,0.0196,2,0
39165,0.2017,0.223,10,0
39167,0.0521,0.0491,7,0
39169,0.0695,0.0666,8,0
39171,0.0419,0.0367,6,0
39173,0.143,0.1531,10,1
39175,0.0396,0.0343,6,0
40001,0.0265,0.0214,3,0
40003,0.0234,0.0191,2,0
40005,0.0259,0.0221,3,0
40007,0.0212,0.0176,2,0
40009,0.0314,0.0254,4,0
40011,0.0226,0.0181,2,0
40013,0.0588,0.055,8,0
40015,0.0334,0.0287,5,0
40017,0.0988,0.1017,9,0
40019,0.0437,0.0402,6,0
40021,0.0466,0.0418,6,0
40023,0.0245,0.0195,2,0
40025,0.0174,0.013,1,0
40027,0.1176,0.1223,9,0
40029,0.0176,0.0137,1,0
40031,0.0663,0.063,8,1
40033,0.0219,0.0174,2,0
40035,0.0257,0.0206,2,0
40037,0.0501,0.0447,7,0
40039,0.0437,0.0402,6,0
40041,0.0377,0.0339,5,0
40043,0.0193,0.0147,1,0
40045,0.0208,0.0164,1,0
40047,0.0506,0.0452,7,0
40049,0.0318,0.0258,4,0
40051,0.0482,0.0433,7,0
40053,0.0209,0.0165,1,0
40055,0.0203,0.015,1,0
40057,0.015,0.0115,1,0
40059,0.0203,0.0168,1,0
40061,0.0214,0.0172,2,0
40063,0.0238,0.0201,2,0
40065,0.039,0.0353,6,0
40067,0.0185,0.0134,1,0
40069,0.024,0.0194,2,0
40071,0.0429,0.0394,6,0
40073,0.033,0.0291,5,0
40075,0.0214,0.0178,2,0
40077,0.0195,0.0149,1,0
40079,0.034,0.0279,4,0
40081,0.0363,0.0313,5,0
40083,0.0569,0.0529,7,0
40085,0.0244,0.0198,2,0
40087,0.0532,0.0503,7,0
40089,0.03,0.024,3,0
40091,0.0263,0.0205,2,0
40093,0.0228,0.0183,2,0
40095,0.027,0.0218,3,0
40097,0.0366,0.0306,5,0
40099,0.0292,0.0246,4,0
40101,0.0573,0.0532,7,0
40103,0.0307,0.0247,4,0
40105,0.0237,0.0191,2,0
40107,0.0213,0.0159,1,0
40109,0.2,0.2275,10,1
40111,0.0347,0.0297,5,0
40113,0.0403,0.035,6,0
40115,0.0343,0.029,5,0
40117,0.0279,0.023,3,0
40119,0.0684,0.0651,8,0
40121,0.0364,0.0317,5,0
40123,0.0474,0.0441,7,0
40125,0.0523,0.0481,7,0
40127,0.0196,0.0153,1,0
40129,0.0199,0.0156,1,0
40131,0.0659,0.0627,8,0
40133,0.0305,0.0256,4,0
40135,0.0349,0.0299,5,0
40137,0.0409,0.036,6,0
40139,0.0315,0.0268,4,0
40141,0.018,0.0129,1,0
40143,0.2323,0.2642,10,1
40145,0.0654,0.0621,8,0
40147,0.0564,0.0516,7,0
40149,0.0261,0.021,3,0
40151,0.0266,0.0219,3,0
40153,0.0335,0.0285,4,0
41001,0.0388,0.0339,5,0
41003,0.1293,0.1401,10,0
41005,0.193,0.2155,10,0
41007,0.0733,0.071,8,0
41009,0.0677,0.0645,8,0
41011,0.0644,0.0606,8,0
41013,0.1261,0.134,9,0
41015,0.0557,0.0515,7,0
41017,0.1811,0.1978,10,0
41019,0.0617,0.058,8,0
41021,0.0203,0.0156,1,0
41023,0.0272,0.022,3,0
41025,0.0234,0.0184,2,0
41027,0.0792,0.0778,9,0
41029,0.0992,0.102,9,0
41031,0.0436,0.0378,6,0
41033,0.0895,0.0893,9,0
41035,0.056,0.0533,7,0
41037,0.0252,0.0194,2,0
41039,0.1595,0.1796,10,0
41041,0.0803,0.079,9,0
41043,0.1059,0.1078,9,0
41045,0.0401,0.0355,6,0
41047,0.1838,0.201,10,0
41049,0.1245,0.1319,9,0
41051,0.3253,0.4022,10,0
41053,0.0919,0.0925,9,0
41055,0.0185,0.0134,1,0
41057,0.0594,0.055,8,0
41059,0.2293,0.2604,10,0
41061,0.0461,0.0428,7,0
41063,0.0376,0.0329,5,0
41065,0.0829,0.0815,9,0
41067,0.5517,0.6457,10,0
41069,0.0204,0.0169,2,0
41071,0.0975,0.0986,9,0
42001,0.0747,0.0723,8,0
42003,0.347,0.4163,10,0
42005,0.0514,0.0461,7,0
42007,0.1713,0.1907,10,1
42009,0.0419,0.0367,6,0
42011,0.1503,0.1674,10,0
42013,0.0697,0.0684,8,0
42015,0.0713,0.0686,8,0
42017,0.3226,0.3754,10,1
42019,0.101,0.1042,9,0
42021,0.0629,0.0593,8,0
42023,0.0222,0.0177,2,0
42025,0.114,0.1205,9,1
42027,0.0976,0.0981,9,0
42029,0.3716,0.4625,10,0
42031,0.0407,0.0358,6,0
42033,0.0739,0.0715,8,0
42035,0.0389,0.0329,5,0
42037,0.087,0.0881,9,0
42039,0.0542,0.0501,7,0
42041,0.1799,0.1994,10,0
42043,0.2018,0.2262,10,0
42045,0.1656,0.1835,10,0
42047,0.0397,0.036,6,0
42049,0.0959,0.0962,9,0
42051,0.054,0.0497,7,0
42053,0.0234,0.0185,2,0
42055,0.0787,0.0771,9,0
42057,0.0305,0.0245,4,0
42059,0.0643,0.0608,8,0
42061,0.0425,0.0379,6,0
42063,0.0786,0.0771,9,0
42065,0.0458,0.0412,6,0
42067,0.0382,0.0332,5,0
42069,0.3354,0.4016,10,0
42071,0.1754,0.1939,10,1
42073,0.0575,0.055,8,0
42075,0.1234,0.1293,9,0
42077,0.2478,0.2893,10,0
42079,0.2663,0.3132,10,0
42081,0.0951,0.0962,9,0
42083,0.044,0.0394,6,0
42085,0.0866,0.0866,9,0
42087,0.0682,0.0668,8,0
42089,0.1541,0.1678,10,0
42091,0.4533,0.5275,10,0
42093,0.0855,0.0844,9,0
42095,0.2107,0.2373,10,0
42097,0.0617,0.0595,8,1
42099,0.0764,0.0743,8,0
42101,0.2269,0.2622,10,0
42103,0.0647,0.0612,8,0
42105,0.0322,0.0269,4,0
42107,0.119,0.1269,9,0
42109,0.049,0.0457,7,0
42111,0.0476,0.0443,7,0
42113,0.0275,0.0237,3,0
42115,0.0431,0.0396,6,0
42117,0.0661,0.0628,8,0
42119,0.0875,0.0887,9,0
42121,0.0502,0.0454,7,0
42123,0.0456,0.0411,6,0
42125,0.1968,0.2294,10,1
42127,0.0773,0.0752,8,0
42129,0.1482,0.1614,10,0
42131,0.0455,0.041,6,0
42133,0.2503,0.2865,10,0
44001,0.1285,0.1391,10,0
44003,0.1224,0.1311,9,0
44005,0.1354,0.1438,10,0
44007,0.1876,0.2058,10,0
44009,0.1293,0.14,10,0
45001,0.0318,0.028,4,0
45003,0.1106,0.1148,9,0
45005,0.025,0.0206,2,0
45007,0.0751,0.0728,8,0
45009,0.0285,0.0226,3,0
45011,0.0293,0.0234,3,0
45013,0.1046,0.1076,9,0
45015,0.2372,0.2707,10,0
45017,0.0327,0.0277,4,0
45019,0.1364,0.1464,10,0
45021,0.0392,0.0343,6,1
45023,0.0347,0.03,5,0
45025,0.0353,0.0306,5,0
45027,0.0321,0.0261,4,0
45029,0.0363,0.0303,5,0
45031,0.047,0.0436,7,0
45033,0.031,0.0264,4,0
45035,0.0941,0.0951,9,0
45037,0.0378,0.0328,5,0
45039,0.0312,0.0262,4,0
45041,0.069,0.0676,8,0
45043,0.0573,0.0533,7,0
45045,0.1329,0.1423,10,0
45047,0.051,0.0457,7,1
45049,0.0296,0.0258,4,0
45051,0.1215,0.1282,9,0
45053,0.035,0.0303,5,0
45055,0.0547,0.0504,7,0
45057,0.0772,0.0751,8,0
45059,0.0439,0.0391,6,0
45061,0.0288,0.0235,3,0
45063,0.1075,0.1111,9,0
45065,0.0267,0.0209,3,0
45067,0.0327,0.0274,4,0
45069,0.028,0.0228,3,0
45071,0.0398,0.0362,6,0
45073,0.0569,0.0528,7,0
45075,0.0511,0.0466,7,0
45077,0.0678,0.0647,8,0
45079,0.1351,0.1422,10,0
45081,0.0298,0.026,4,0
45083,0.0879,0.0871,9,0
45085,0.0629,0.0609,8,0
45087,0.0293,0.0234,3,0
45089,0.0372,0.0322,5,0
45091,0.118,0.1239,9,0
46003,0.017,0.0137,1,0
46005,0.0354,0.0316,5,0
46007,0.0183,0.0138,1,0
46009,0.0248,0.0191,2,0
46011,0.0544,0.0494,7,0
46013,0.0498,0.0452,7,0
46015,0.029,0.0238,3,0
46017,0.0211,0.0166,1,0
46019,0.0282,0.0236,3,0
46021,0.019,0.0144,1,0
46023,0.0296,0.0244,4,0
46025,0.0188,0.0149,1,0
46027,0.0468,0.0411,6,0
46029,0.0413,0.0377,6,0
46031,0.018,0.0129,1,0
46033,0.0314,0.0268,4,0
46035,0.0381,0.0321,5,0
46037,0.0229,0.0192,2,0
46039,0.0216,0.018,2,0
46041,0.0284,0.0246,4,0
46043,0.0207,0.0164,1,0
46045,0.0212,0.0168,2,0
46047,0.0253,0.0206,2,0
46049,0.0155,0.0123,1,0
46051,0.0275,0.0216,3,0
46053,0.0195,0.0155,1,0
46055,0.0162,0.0119,1,0
46057,0.0258,0.0213,3,0
46059,0.0227,0.019,2,0
46061,0.0219,0.0171,2,0
46063,0.0159,0.0123,1,0
46065,0.0487,0.0455,7,0
46067,0.0276,0.0228,3,0
46069,0.0192,0.0149,1,0
46071,0.0149,0.0117,1,0
46073,0.0178,0.0128,1,0
46075,0.0128,0.0093,1,0
46077,0.0222,0.0179,2,0
46079,0.035,0.0303,5,0
46081,0.05,0.0446,7,0
46083,0.0804,0.0787,9,0
46085,0.0243,0.0206,2,0
46087,0.0273,0.0221,3,0
46089,0.0168,0.0128,1,0
46091,0.0229,0.0192,2,0
46093,0.0424,0.0378,6,0
46095,0.0199,0.0164,1,0
46097,0.0178,0.0145,1,0
46099,0.1694,0.1835,10,1
46101,0.0285,0.0236,3,0
46102,0.0327,0.0288,5,0
46103,0.1079,0.1116,9,0
46105,0.0193,0.0151,1,0
46107,0.0204,0.0163,1,0
46109,0.0272,0.0224,3,0
46111,0.0187,0.0135,1,0
46115,0.0243,0.0193,2,0
46117,0.0255,0.0218,3,0
46119,0.0167,0.0119,1,0
46121,0.0329,0.0269,4,0
46123,0.0225,0.018,2,0
46125,0.0295,0.0247,4,0
46127,0.0445,0.0394,6,0
46129,0.026,0.0212,3,0
46135,0.0454,0.0396,6,0
46137,0.0188,0.0154,1,0
47001,0.0633,0.0598,8,1
47003,0.0447,0.0396,6,0
47005,0.0251,0.0207,2,0
47007,0.0228,0.0191,2,0
47009,0.0762,0.0742,8,0
47011,0.0672,0.064,8,0
47013,0.0323,0.0274,4,0
47015,0.0279,0.0227,3,0
47017,0.033,0.028,4,0
47019,0.0499,0.0455,7,0
47021,0.0571,0.0545,8,0
47023,0.0341,0.0287,5,0
47025,0.0326,0.0287,5,0
47027,0.0187,0.0153,1,0
47029,0.0357,0.0297,5,0
47031,0.0486,0.0454,7,0
47033,0.0296,0.025,4,0
47035,0.0487,0.0443,7,0
47037,0.3183,0.393,10,0
47039,0.0225,0.018,2,0
47041,0.0293,0.0254,4,0
47043,0.0486,0.044,7,0
47045,0.0388,0.0351,6,0
47047,0.0512,0.0467,7,0
47049,0.0277,0.0239,3,0
47051,0.0401,0.0365,6,0
47053,0.0423,0.0387,6,0
47055,0.0356,0.0309,5,0
47057,0.0452,0.0418,6,0
47059,0.0451,0.0404,6,0
47061,0.0216,0.0174,2,0
47063,0.0545,0.05,7,0
47065,0.1802,0.207,10,0
47067,0.0174,0.013,1,0
47069,0.0285,0.0233,3,0
47071,0.0303,0.025,4,0
47073,0.0634,0.0598,8,0
47075,0.03,0.0254,4,0
47077,0.0316,0.0255,4,0
47079,0.0484,0.0435,7,0
47081,0.0295,0.0257,4,0
47083,0.0201,0.0148,1,0
47085,0.0278,0.023,3,0
47087,0.0205,0.0161,1,0
47089,0.0495,0.044,7,0
47091,0.0492,0.0446,7,0
47093,0.1336,0.1416,10,1
47095,0.0152,0.0111,1,0
47097,0.0249,0.0205,2,0
47099,0.0547,0.0498,7,0
47101,0.0251,0.02,2,0
47103,0.04,0.0353,6,0
47105,0.0647,0.0613,8,1
47107,0.0451,0.0403,6,0
47109,0.0294,0.0235,3,0
47111,0.0329,0.0282,4,0
47113,0.0659,0.0622,8,0
47115,0.0323,0.0263,4,0
47117,0.0399,0.0349,6,0
47119,0.0626,0.0586,8,0
47121,0.0271,0.0212,3,0
47123,0.0387,0.034,5,0
47125,0.198,0.2249,10,0
47127,0.0262,0.0217,3,0
47129,0.0281,0.0232,3,0
47131,0.0342,0.0304,5,0
47133,0.0254,0.021,3,0
47135,0.0192,0.015,1,0
47137,0.0186,0.0152,1,0
47139,0.0294,0.0241,3,0
47141,0.0605,0.0568,8,0
47143,0.0391,0.0354,6,0
47145,0.0674,0.0659,8,1
47147,0.057,0.0528,7,1
47149,0.1243,0.1293,9,0
47151,0.0255,0.0211,3,0
47153,0.0303,0.0254,4,0
47155,0.06,0.0562,8,0
47157,0.315,0.3661,10,0
47159,0.0292,0.0246,4,0
47161,0.0256,0.0198,2,0
47163,0.0703,0.0691,8,1
47165,0.2038,0.2289,10,0
47167,0.0508,0.0465,7,0
47169,0.0224,0.0179,2,0
47171,0.0381,0.0334,5,0
47173,0.0334,0.0287,5,0
47175,0.0189,0.015,1,0
47177,0.0349,0.0296,5,1
47179,0.0827,0.0815,9,1
47181,0.0276,0.023,3,0
47183,0.0354,0.0307,5,0
47185,0.0318,0.0279,4,0
47187,0.2891,0.354,10,0
47189,0.0974,0.1001,9,0
48001,0.0398,0.0338,5,0
48003,0.0276,0.0217,3,0
48005,0.0658,0.0626,8,0
48007,0.0389,0.0342,6,0
48009,0.0279,0.0227,3,0
48011,0.0163,0.013,1,0
48013,0.0355,0.0305,5,0
48015,0.0413,0.0376,6,0
48017,0.0215,0.0173,2,0
48019,0.0394,0.0347,6,0
48021,0.0709,0.0698,8,0
48023,0.0158,0.0119,1,0
48025,0.024,0.0196,2,0
48027,0.0948,0.0966,9,1
48029,0.4919,0.58,10,0
48031,0.0375,0.0326,5,0
48033,0.0111,0.0072,1,0
48035,0.0319,0.0272,4,0
48037,0.0539,0.0497,7,0
48039,0.1196,0.1259,9,0
48041,0.0915,0.0925,9,1
48043,0.0302,0.0253,4,0
48045,0.0108,0.0077,1,0
48047,0.0107,0.0069,1,0
48049,0.0385,0.0325,5,0
48051,0.0322,0.0276,4,0
48053,0.0531,0.0489,7,0
48055,0.0532,0.049,7,0
48057,0.0282,0.023,3,0
48059,0.0303,0.0251,4,0
48061,0.0435,0.04,6,1
48063,0.027,0.0222,3,0
48065,0.0257,0.0199,2,0
48067,0.0323,0.0273,4,0
48069,0.0192,0.014,1,0
48071,0.0502,0.0471,7,0
48073,0.0391,0.0344,6,0
48075,0.0207,0.0163,1,0
48077,0.0268,0.0209,3,0
48079,0.0125,0.0083,1,0
48081,0.0173,0.0129,1,0
48083,0.0217,0.018,2,0
48085,0.4774,0.5635,10,0
48087,0.0172,0.0129,1,0
48089,0.0333,0.0295,5,0
48091,0.1009,0.1026,9,0
48093,0.0258,0.022,3,0
48095,0.0153,0.0107,1,0
48097,0.0469,0.0424,7,0
48099,0.055,0.0505,7,0
48101,0.0134,0.0096,1,0
48103,0.0138,0.0094,1,0
48105,0.0167,0.0128,1,0
48107,0.0186,0.0144,1,0
48109,0.0082,0.0056,1,0
48111,0.0191,0.0139,1,0
48113,0.4993,0.6175,10,0
48115,0.0218,0.0173,2,0
48117,0.0249,0.0205,2,0
48119,0.0212,0.0176,2,0
48121,0.2783,0.3394,10,0
48123,0.0311,0.0264,4,0
48125,0.0149,0.0103,1,0
48127,0.0128,0.009,1,0
48129,0.0162,0.0129,1,0
48131,0.0106,0.0077,1,0
48133,0.0288,0.0242,3,0
48135,0.0534,0.0492,7,0
48137,0.008,0.0056,1,0
48139,0.2957,0.3425,10,1
48141,0.079,0.0776,9,0
48143,0.0447,0.0413,6,0
48145,0.0268,0.022,3,0
48147,0.0387,0.035,6,0
48149,0.0377,0.0316,5,0
48151,0.0165,0.0125,1,0
48153,0.0181,0.0139,1,0
48155,0.0103,0.0077,1,0
48157,0.1667,0.1832,10,0
48159,0.0327,0.0267,4,0
48161,0.0272,0.0213,3,0
48163,0.019,0.0145,1,0
48165,0.0239,0.0195,2,0
48167,0.1018,0.1036,9,0
48169,0.0182,0.0131,1,0
48171,0.0446,0.04,6,0
48173,0.0172,0.0123,1,0
48175,0.0192,0.015,1,0
48177,0.0281,0.0229,3,0
48179,0.0312,0.0259,4,0
48181,0.0639,0.0604,8,0
48183,0.069,0.0658,8,0
48185,0.0325,0.0276,4,0
48187,0.0911,0.0928,9,0
48189,0.0298,0.0249,4,0
48191,0.0151,0.011,1,0
48193,0.0257,0.0213,3,0
48195,0.0224,0.0175,2,0
48197,0.0157,0.0121,1,0
48199,0.0466,0.0421,6,0
48201,0.3659,0.4279,10,0
48203,0.047,0.0437,7,0
48205,0.023,0.0187,2,0
48207,0.0181,0.0139,1,0
48209,0.1269,0.137,10,0
48211,0.0208,0.0161,1,0
48213,0.0495,0.0449,7,0
48215,0.0567,0.0527,7,0
48217,0.0354,0.0307,5,1
48219,0.0302,0.025,4,0
48221,0.0793,0.0778,9,0
48223,0.0387,0.0327,5,0
48225,0.029,0.0244,4,0
48227,0.0347,0.0287,5,0
48229,0.0092,0.0066,1,0
48231,0.0604,0.0566,8,0
48233,0.0318,0.0258,4,0
48235,0.0162,0.013,1,0
48237,0.0233,0.0177,2,0
48239,0.026,0.0209,3,0
48241,0.0301,0.0254,4,0
48243,0.0167,0.0118,1,0
48245,0.0706,0.0679,8,0
48247,0.0103,0.007,1,0
48249,0.026,0.0222,3,0
48251,0.0866,0.0876,9,0
48253,0.0259,0.0208,3,0
48255,0.0229,0.0186,2,0
48257,0.1099,0.1147,9,0
48259,0.0726,0.07,8,0
48261,0.0029,0.0016,1,0
48263,0.0132,0.0096,1,0
48265,0.0529,0.0477,7,0
48267,0.0207,0.016,1,0
48269,0.0108,0.007,1,0
48271,0.0147,0.0112,1,0
48273,0.0339,0.0292,5,0
48275,0.0164,0.0125,1,0
48277,0.0434,0.0385,6,0
48279,0.0242,0.0192,2,0
48281,0.0393,0.0346,6,0
48283,0.0145,0.0114,1,0
48285,0.0306,0.0253,4,0
48287,0.0305,0.0245,4,0
48289,0.028,0.0234,3,0
48291,0.0471,0.0426,7,0
48293,0.0328,0.029,5,0
48295,0.0187,0.0147,1,0
48297,0.0225,0.0179,2,0
48299,0.04,0.0351,6,0
48301,0.008,0.0052,1,0
48303,0.0866,0.0876,9,0
48305,0.0187,0.0145,1,0
48307,0.0207,0.0165,1,0
48309,0.0755,0.0734,8,0
48311,0.011,0.0071,1,0
48313,0.0267,0.022,3,0
48315,0.022,0.0183,2,0
48317,0.0206,0.0165,1,0
48319,0.0247,0.019,2,0
48321,0.0334,0.0274,4,0
48323,0.0104,0.0066,1,0
48325,0.066,0.0628,8,0
48327,0.0139,0.0095,1,0
48329,0.0726,0.0701,8,0
48331,0.0426,0.038,6,0
48333,0.0224,0.0175,2,0
48335,0.0216,0.0172,2,0
48337,0.0323,0.0276,4,0
48339,0.2107,0.2413,10,0
48341,0.0245,0.0199,2,0
48343,0.0254,0.0217,3,0
48345,0.0134,0.0096,1,0
48347,0.0489,0.0457,7,0
48349,0.0549,0.0504,7,0
48351,0.0166,0.0133,1,0
48353,0.0256,0.0209,3,0
48355,0.0795,0.0778,9,0
48357,0.0242,0.0198,2,0
48359,0.0173,0.0129,1,0
48361,0.0503,0.0458,7,0
48363,0.0358,0.0309,5,0
48365,0.0319,0.0266,4,0
48367,0.0791,0.0776,9,0
48369,0.0154,0.0107,1,0
48371,0.0183,0.0142,1,0
48373,0.0395,0.0335,5,0
48375,0.0526,0.0479,7,0
48377,0.0208,0.0167,1,0
48379,0.0326,0.0265,4,0
48381,0.0803,0.0785,9,0
48383,0.0167,0.0134,1,0
48385,0.0177,0.0143,1,0
48387,0.0219,0.0183,2,0
48389,0.0126,0.0097,1,0
48391,0.0202,0.0167,1,0
48393,0.0126,0.0089,1,0
48395,0.0238,0.0191,2,0
48397,0.1144,0.1195,9,0
48399,0.0249,0.0198,2,0
48401,0.0438,0.0389,6,0
48403,0.0234,0.0185,2,0
48405,0.0196,0.0153,1,0
48407,0.0322,0.0262,4,0
48409,0.0446,0.0395,6,0
48411,0.0185,0.014,1,0
48413,0.0179,0.0134,1,0
48415,0.0292,0.0246,4,0
48417,0.0223,0.0187,2,0
48419,0.0284,0.0245,4,0
48421,0.0153,0.0121,1,0
48423,0.0787,0.0785,9,0
48425,0.0329,0.0291,5,0
48427,0.0101,0.0064,1,0
48429,0.0238,0.0194,2,0
48431,0.0141,0.0102,1,0
48433,0.0123,0.0091,1,0
48435,0.0151,0.011,1,0
48437,0.0195,0.0152,1,0
48439,0.3879,0.4672,10,0
48441,0.069,0.066,8,0
48443,0.01,0.0068,1,0
48445,0.0184,0.015,1,0
48447,0.0138,0.0099,1,0
48449,0.0313,0.0263,4,0
48451,0.0596,0.0555,8,0
48453,0.5035,0.5866,10,0
48455,0.0237,0.018,2,0
48457,0.0263,0.0205,2,0
48459,0.0403,0.0354,6,0
48461,0.0099,0.0071,1,0
48463,0.0244,0.0207,3,0
48465,0.0227,0.0184,2,0
48467,0.0431,0.0383,6,0
48469,0.0551,0.0507,7,0
48471,0.0466,0.0432,7,0
48473,0.0638,0.0603,8,0
48475,0.03,0.0251,4,0
48477,0.0456,0.0399,6,0
48479,0.0319,0.028,4,0
48481,0.0339,0.0291,5,0
48483,0.0197,0.0162,1,0
48485,0.0974,0.098,9,0
48487,0.0255,0.0204,2,0
48489,0.0182,0.0141,1,0
48491,0.1677,0.1836,10,0
48493,0.0495,0.0441,7,0
48495,0.0163,0.0124,1,0
48497,0.0548,0.0506,7,0
48499,0.0435,0.0383,6,0
48501,0.0206,0.0158,1,0
48503,0.0309,0.0271,4,0
48505,0.0093,0.0058,1,0
48507,0.0114,0.0082,1,0
49001,0.0226,0.018,2,0
49003,0.0388,0.0338,5,1
49005,0.072,0.0694,8,1
49007,0.0343,0.0293,5,0
49009,0.0114,0.0079,1,0
49011,0.1266,0.1346,9,0
49013,0.0299,0.0252,4,0
49015,0.0228,0.0183,2,0
49017,0.0229,0.018,2,0
49019,0.0423,0.0364,6,1
49021,0.0436,0.0387,6,1
49023,0.0212,0.0164,1,0
49025,0.026,0.0216,3,0
49027,0.0223,0.0167,1,1
49029,0.0402,0.0349,6,0
49031,0.0162,0.012,1,0
49033,0.0197,0.0154,1,0
49035,0.349,0.4075,10,0
49037,0.0307,0.0254,4,0
49039,0.0314,0.0254,4,0
49041,0.0321,0.0283,4,0
49043,0.0923,0.093,9,0
49045,0.0466,0.041,6,0
49047,0.046,0.0412,6,0
49049,0.2824,0.3339,10,0
49051,0.0637,0.0603,8,0
49053,0.1026,0.1053,9,0
49055,0.0201,0.0155,1,0
49057,0.0964,0.0979,9,0
50001,0.0813,0.0815,9,0
50003,0.0717,0.069,8,0
50005,0.0659,0.0623,8,0
50007,0.1564,0.1695,10,0
50009,0.0311,0.0258,4,0
50011,0.0683,0.0653,8,0
50013,0.0622,0.0586,8,0
50015,0.0747,0.0741,8,0
50017,0.0664,0.0632,8,0
50019,0.0529,0.0499,7,0
50021,0.0707,0.0678,8,0
50023,0.1013,0.1024,9,0
50025,0.0805,0.0806,9,0
50027,0.0875,0.087,9,1
51001,0.0422,0.0386,6,0
51003,0.1239,0.1299,9,0
51005,0.0241,0.0204,2,0
51007,0.027,0.0219,3,0
51009,0.0377,0.0327,5,0
51011,0.029,0.0238,3,0
51013,0.2153,0.2431,10,0
51015,0.0544,0.0494,7,0
51017,0.0166,0.0126,1,0
51019,0.0565,0.0538,7,0
51021,0.0213,0.0159,1,0
51023,0.0483,0.0438,7,0
51025,0.0285,0.0237,3,0
51027,0.0212,0.0157,1,0
51029,0.027,0.0223,3,0
51031,0.0445,0.0394,6,1
51033,0.0455,0.0407,6,0
51035,0.0307,0.0268,4,0
51036,0.0263,0.0225,3,0
51037,0.0226,0.0177,2,0
51041,0.1616,0.1822,10,0
51043,0.053,0.0486,7,0
51045,0.0194,0.0159,1,0
51047,0.0779,0.076,9,1
51049,0.023,0.0185,2,0
51051,0.0213,0.0177,2,0
51053,0.0362,0.0309,5,0
51057,0.0269,0.0231,3,0
51059,0.5564,0.6507,10,1
51061,0.138,0.1513,10,1
51063,0.0332,0.0272,4,0
51065,0.0578,0.0531,7,0
51067,0.0452,0.0394,6,0
51069,0.1041,0.1071,9,0
51071,0.0266,0.0215,3,0
51073,0.0514,0.0467,7,0
51075,0.0697,0.0669,8,0
51077,0.0252,0.0208,3,0
51079,0.0528,0.0484,7,0
51081,0.0279,0.0241,3,0
51083,0.0356,0.0318,5,0
51085,0.0957,0.096,9,0
51087,0.3001,0.3567,10,1
51089,0.0409,0.035,6,0
51091,0.0194,0.0148,1,0
51093,0.0577,0.0552,8,0
51095,0.1165,0.1221,9,0
51097,0.0231,0.0175,2,0
51099,0.0606,0.0568,8,0
51101,0.0377,0.0339,5,0
51103,0.0436,0.04,6,0
51105,0.0236,0.0199,2,0
51107,0.6771,0.7811,10,1
51109,0.0496,0.0442,7,0
51111,0.0277,0.0232,3,0
51113,0.0348,0.0295,5,0
51115,0.0335,0.0296,5,0
51117,0.0417,0.037,6,1
51119,0.0376,0.0338,5,0
51121,0.0859,0.0849,9,0
51125,0.0378,0.0325,5,0
51127,0.0578,0.0539,7,0
51131,0.0368,0.0318,5,0
51133,0.0449,0.0391,6,0
51135,0.0274,0.0216,3,0
51137,0.0563,0.0536,7,0
51139,0.0321,0.0268,4,0
51141,0.0261,0.0214,3,0
51143,0.0395,0.0345,6,0
51145,0.0551,0.0524,7,1
51147,0.0352,0.0303,5,0
51149,0.0506,0.0452,7,0
51153,0.5103,0.6005,10,1
51155,0.0383,0.0333,5,0
51157,0.0383,0.0346,6,0
51159,0.0252,0.0194,2,0
51161,0.0847,0.0835,9,0
51163,0.038,0.0343,6,0
51165,0.0647,0.0612,8,0
51167,0.0269,0.0224,3,0
51169,0.0259,0.0208,3,0
51171,0.046,0.0415,6,0
51173,0.0312,0.0265,4,0
51175,0.0297,0.0251,4,0
51177,0.1042,0.1071,9,1
51179,0.1222,0.1291,9,1
51181,0.0255,0.0205,2,0
51183,0.0263,0.0218,3,0
51185,0.0327,0.0266,4,0
51187,0.0513,0.0482,7,1
51191,0.0455,0.0421,6,0
51193,0.0316,0.0266,4,0
51195,0.0344,0.0284,4,0
51197,0.0302,0.0249,4,0
51199,0.1082,0.112,9,0
51510,0.179,0.1976,10,0
51520,0.0425,0.0389,6,0
51530,0.0274,0.0229,3,0
51540,0.1149,0.1216,9,0
51550,0.1146,0.1188,9,0
51570,0.0659,0.0626,8,0
51580,0.0215,0.0173,2,0
51590,0.0561,0.0534,7,0
51595,0.0395,0.0359,6,0
51600,0.1123,0.1169,9,0
51610,0.1387,0.1464,10,0
51620,0.0429,0.0382,6,0
51630,0.0922,0.0929,9,0
51640,0.0288,0.0242,3,0
51650,0.1061,0.108,9,0
51660,0.1113,0.1171,9,0
51670,0.0536,0.0494,7,0
51678,0.0633,0.0613,8,0
51680,0.0986,0.1005,9,0
51683,0.1142,0.1192,9,0
51685,0.0595,0.0557,8,0
51690,0.0444,0.0398,6,0
51700,0.1037,0.1065,9,0
51710,0.1145,0.1196,9,0
51720,0.0233,0.0196,2,0
51730,0.0627,0.0591,8,0
51735,0.0576,0.053,7,0
51740,0.0871,0.0869,9,0
51750,0.0521,0.0477,7,0
51760,0.1383,0.1486,10,0
51770,0.0902,0.0905,9,0
51775,0.065,0.0613,8,0
51790,0.0762,0.0742,8,0
51800,0.0833,0.0827,9,0
51810,0.1422,0.1521,10,0
51820,0.0559,0.0515,7,0
51830,0.0678,0.0647,8,0
51840,0.0759,0.0736,8,0
53001,0.0348,0.0298,5,0
53003,0.047,0.042,6,0
53005,0.1034,0.1049,9,0
53007,0.134,0.1461,10,0
53009,0.0859,0.0868,9,0
53011,0.158,0.1737,10,0
53013,0.0278,0.0219,3,0
53015,0.0627,0.0587,8,0
53017,0.1649,0.1781,10,0
53019,0.0261,0.0203,2,0
53021,0.0621,0.0585,8,0
53023,0.0215,0.0167,1,0
53025,0.2685,0.3263,10,0
53027,0.0609,0.0572,8,0
53029,0.117,0.1216,9,0
53031,0.0875,0.0886,9,0
53033,0.5648,0.6702,10,1
53035,0.1615,0.1781,10,0
53037,0.0581,0.0557,8,0
53039,0.053,0.0484,7,0
53041,0.0627,0.0607,8,0
53043,0.0322,0.0272,4,0
53045,0.0729,0.0704,8,0
53047,0.0537,0.0509,7,0
53049,0.0518,0.0471,7,0
53051,0.0326,0.0273,4,0
53053,0.2644,0.3107,10,0
53055,0.093,0.0929,9,0
53057,0.0968,0.0993,9,0
53059,0.0429,0.037,6,0
53061,0.2943,0.3609,10,0
53063,0.2152,0.247,10,0
53065,0.046,0.0414,6,0
53067,0.1822,0.2098,10,0
53069,0.0308,0.0262,4,0
53071,0.0766,0.0744,8,0
53073,0.1595,0.1715,10,0
53075,0.0754,0.0731,8,0
53077,0.081,0.0793,9,0
54001,0.0273,0.0235,3,0
54003,0.1108,0.1165,9,0
54005,0.0328,0.0278,4,0
54007,0.0239,0.0193,2,0
54009,0.0404,0.0367,6,0
54011,0.0722,0.0712,8,0
54013,0.0205,0.0169,2,0
54015,0.0202,0.0149,1,0
54017,0.0227,0.0184,2,0
54019,0.0405,0.0368,6,0
54021,0.0239,0.0182,2,0
54023,0.0268,0.0223,3,0
54025,0.0385,0.0338,5,0
54027,0.0327,0.0274,4,0
54029,0.046,0.0403,6,0
54031,0.0273,0.0214,3,0
54033,0.0538,0.0493,7,0
54035,0.0358,0.0308,5,0
54037,0.074,0.0732,8,0
54039,0.0827,0.0815,9,0
54041,0.0307,0.0254,4,0
54043,0.0245,0.0195,2,0
54045,0.0489,0.044,7,0
54047,0.021,0.0156,1,0
54049,0.0894,0.0901,9,0
54051,0.0427,0.0378,6,0
54053,0.0487,0.0438,7,0
54055,0.0456,0.0399,6,0
54057,0.0432,0.0373,6,0
54059,0.0378,0.0324,5,0
54061,0.095,0.0956,9,0
54063,0.0271,0.0212,3,0
54065,0.0482,0.0437,7,0
54067,0.0317,0.0256,4,0
54069,0.0644,0.061,8,0
54071,0.0214,0.016,1,0
54073,0.0263,0.0205,2,0
54075,0.0191,0.0145,1,0
54077,0.04,0.0351,6,0
54079,0.0884,0.0889,9,0
54081,0.05,0.0456,7,0
54083,0.0351,0.0301,5,0
54085,0.0226,0.0177,2,0
54087,0.0253,0.0215,3,0
54089,0.0258,0.0213,3,0
54091,0.0358,0.0305,5,0
54093,0.0411,0.0358,6,0
54095,0.0259,0.0208,3,0
54097,0.0364,0.0311,5,0
54099,0.0404,0.0354,6,0
54101,0.0177,0.0133,1,0
54103,0.027,0.0218,3,0
54105,0.0224,0.0169,2,0
54107,0.0633,0.0593,8,0
54109,0.0292,0.0244,3,0
55001,0.0356,0.0307,5,0
55003,0.0358,0.0308,5,0
55005,0.0473,0.0423,7,0
55007,0.0485,0.0439,7,0
55009,0.1133,0.1196,9,0
55011,0.0312,0.0259,4,0
55013,0.0351,0.029,5,0
55015,0.0933,0.0933,9,0
55017,0.0547,0.0505,7,0
55019,0.036,0.03,5,0
55021,0.0822,0.0811,9,0
55023,0.0324,0.0271,4,0
55025,0.2651,0.3217,10,1
55027,0.0774,0.0755,8,1
55029,0.0646,0.0628,8,0
55031,0.0547,0.0503,7,0
55033,0.0677,0.0643,8,0
55035,0.0889,0.0885,9,0
55037,0.0246,0.0199,2,0
55039,0.0656,0.0638,8,0
55041,0.025,0.0206,2,0
55043,0.0453,0.0396,6,1
55045,0.0574,0.0532,7,0
55047,0.0433,0.0384,6,0
55049,0.0449,0.0398,6,0
55051,0.0269,0.0224,3,0
55053,0.0342,0.0304,5,0
55055,0.0713,0.0685,8,0
55057,0.037,0.032,5,0
55059,0.0875,0.087,9,0
55061,0.0401,0.0341,6,0
55063,0.0885,0.0898,9,1
55065,0.0329,0.029,5,0
55067,0.0333,0.0286,5,0
55069,0.0407,0.036,6,0
55071,0.0614,0.0576,8,0
55073,0.0737,0.0712,8,1
55075,0.042,0.0374,6,0
55077,0.0442,0.0407,6,0
55078,0.0346,0.0308,5,0
55079,0.2755,0.3191,10,0
55081,0.046,0.0404,6,0
55083,0.0417,0.0369,6,0
55085,0.0516,0.0486,7,0
55087,0.0958,0.0966,9,1
55089,0.115,0.1208,9,0
55091,0.032,0.0281,4,0
55093,0.0585,0.0546,8,0
55095,0.0493,0.0449,7,0
55097,0.0681,0.065,8,0
55099,0.0294,0.0256,4,0
55101,0.1232,0.1291,9,0
55103,0.0344,0.0296,5,0
55105,0.0836,0.0841,9,0
55107,0.0295,0.0242,3,0
55109,0.0826,0.0812,9,0
55111,0.0646,0.0627,8,0
55113,0.0434,0.0375,6,0
55115,0.0448,0.04,6,0
55117,0.0756,0.075,8,0
55119,0.0326,0.0276,4,0
55121,0.0393,0.0346,6,0
55123,0.0475,0.0428,7,0
55125,0.0472,0.0427,7,0
55127,0.0986,0.1015,9,0
55129,0.034,0.0287,5,0
55131,0.0978,0.1003,9,0
55133,0.2025,0.2371,10,0
55135,0.0488,0.0442,7,0
55137,0.0375,0.0314,5,0
55139,0.0956,0.0963,9,0
55141,0.0582,0.0558,8,0
56001,0.0596,0.0556,8,0
56003,0.0247,0.0203,2,0
56005,0.0635,0.06,8,0
56007,0.0264,0.0205,2,0
56009,0.0308,0.0256,4,0
56011,0.0281,0.0243,3,0
56013,0.0456,0.0409,6,0
56015,0.0316,0.0263,4,0
56017,0.0235,0.0189,2,0
56019,0.0277,0.0231,3,0
56021,0.2162,0.2409,10,0
56023,0.0339,0.0279,4,0
56025,0.0555,0.0506,7,0
56027,0.0159,0.0122,1,0
56029,0.0394,0.0357,6,0
56031,0.0249,0.0211,3,0
56033,0.0452,0.0404,6,0
56035,0.0334,0.0273,4,0
56037,0.0421,0.0385,6,0
56039,0.0822,0.0807,9,0
56041,0.0353,0.0293,5,0
56043,0.0251,0.0213,3,0
56045,0.0277,0.0218,3,0
