state,county,census_instrument,census_status,census_episodes,census_statuses,census_date,census_source,tracker_mechanism,tracker_outcome,tracker_date,model_label,join_status,gap_class,label_check,label_false_negative
CO,Larimer County,moratorium,extended,1,extended,2026-01-27,"moratorium-nation:co-larimer-county-2026 (CC-BY-4.0, github.com/mjbommar/moratorium-data-2026)",moratorium,pending,2026-01-27,1,joined,covered_unconfirmed,agree,0
CO,Logan County,moratorium,replaced,1,replaced,2025-10-21,"moratorium-nation:co-logan-county-2025 (CC-BY-4.0, github.com/mjbommar/moratorium-data-2026)",moratorium,blocked_unverified,2025-10-21,1,joined,covered_unconfirmed,agree,0
GA,Athens-Clarke County,moratorium,replaced,1,replaced,2025-12-02,"moratorium-nation:ga-athens-clarke-county-2025 (CC-BY-4.0, github.com/mjbommar/moratorium-data-2026)",moratorium,blocked_confirmed,2026-04-09,1,joined,covered_confirmed,agree,0
GA,Brooks County,moratorium,active,1,active,2026-02-02,"moratorium-nation:ga-brooks-county-2026 (CC-BY-4.0, github.com/mjbommar/moratorium-data-2026)",moratorium,blocked_unverified,2026-02-02,1,joined,covered_unconfirmed,agree,0
GA,Bulloch County,moratorium,active,1,active,2026-02-17,"moratorium-nation:ga-bulloch-county-2026 (CC-BY-4.0, github.com/mjbommar/moratorium-data-2026)",ban,blocked_confirmed,2026-05-05,1,joined,covered_confirmed,agree,0
GA,Clayton County,moratorium,extended,1,extended,2025-09-03,"moratorium-nation:ga-clayton-county-2025 (CC-BY-4.0, github.com/mjbommar/moratorium-data-2026)",moratorium,blocked_unverified,2025-09-01,1,joined,covered_unconfirmed,agree,0
GA,Cobb County,moratorium,active,1,active,2026-02-24,"moratorium-nation:ga-cobb-county-2026 (CC-BY-4.0, github.com/mjbommar/moratorium-data-2026)",moratorium,pending,2026-02-24,1,joined,covered_unconfirmed,agree,0
GA,Coweta County,moratorium,replaced,1,replaced,2025-05,"moratorium-nation:ga-coweta-county-2025 (CC-BY-4.0, github.com/mjbommar/moratorium-data-2026)",moratorium,mixed,2026-06-16,1,joined,covered_unconfirmed,agree,0
GA,DeKalb County,moratorium,extended,1,extended,2025-06-25,"moratorium-nation:ga-dekalb-county-2025 (CC-BY-4.0, github.com/mjbommar/moratorium-data-2026)",moratorium,blocked_confirmed,2026-06-09,1,joined,covered_confirmed,agree,0
GA,Decatur County,moratorium,active,1,active,2026-04-14,"moratorium-nation:ga-decatur-county-2026 (CC-BY-4.0, github.com/mjbommar/moratorium-data-2026)",moratorium,blocked_unverified,2026-04-14,1,joined,covered_unconfirmed,agree,0
GA,Douglas County,moratorium,expired,1,expired,2025,"moratorium-nation:ga-douglas-county-2025 (CC-BY-4.0, github.com/mjbommar/moratorium-data-2026)",moratorium,mixed,2025-10-22,1,joined,covered_unconfirmed,agree,0
GA,Hall County,moratorium,active,1,active,2026-02-26,"moratorium-nation:ga-hall-county-2026 (CC-BY-4.0, github.com/mjbommar/moratorium-data-2026)",moratorium,pending,2026-02-26,1,joined,covered_unconfirmed,agree,0
GA,Jones County,moratorium,rescinded,1,rescinded,2025-09-16,"moratorium-nation:ga-jones-county-2025 (CC-BY-4.0, github.com/mjbommar/moratorium-data-2026)",moratorium,blocked_confirmed,2025-10-22,1,joined,census_pending_out_of_scope,out_of_scope,0
GA,Lamar County,moratorium,active,1,active,2025-09,"moratorium-nation:ga-lamar-county-2025 (CC-BY-4.0, github.com/mjbommar/moratorium-data-2026)",moratorium,blocked_unverified,2025-09-01,1,joined,covered_unconfirmed,agree,0
GA,Monroe County,moratorium,expired,1,expired,2025-12-02,"moratorium-nation:ga-monroe-county-2025 (CC-BY-4.0, github.com/mjbommar/moratorium-data-2026)",moratorium,blocked_confirmed,2025-12-01,1,joined,covered_confirmed,agree,0
GA,Newton County,moratorium,extended,1,extended,2026-02-17,"moratorium-nation:ga-newton-county-2026 (CC-BY-4.0, github.com/mjbommar/moratorium-data-2026)",moratorium,blocked_confirmed,2026-01-20,1,joined,covered_confirmed,agree,0
GA,Pike County,moratorium,active,1,active,2025-09,"moratorium-nation:ga-pike-county-2025 (CC-BY-4.0, github.com/mjbommar/moratorium-data-2026)",moratorium,blocked_unverified,2025-09-01,1,joined,covered_unconfirmed,agree,0
GA,Polk County,moratorium,active,1,active,2026-03-03,"moratorium-nation:ga-polk-county-2026 (CC-BY-4.0, github.com/mjbommar/moratorium-data-2026)",moratorium,blocked_unverified,2026-03-03,1,joined,covered_unconfirmed,agree,0
GA,Thomas County,moratorium,active,1,active,2026-01-20,"moratorium-nation:ga-thomas-county-2026 (CC-BY-4.0, github.com/mjbommar/moratorium-data-2026)",moratorium,blocked_confirmed,2026-01-20,1,joined,covered_confirmed,agree,0
GA,Troup County,moratorium,expired,1,expired,2025-09-16,"moratorium-nation:ga-troup-county-2025 (CC-BY-4.0, github.com/mjbommar/moratorium-data-2026)",moratorium,pending,2025-11-26,1,joined,covered_unconfirmed,agree,0
IA,Adair County,moratorium,active,1,active,2026-03-18,"moratorium-nation:ia-adair-county-2026 (CC-BY-4.0, github.com/mjbommar/moratorium-data-2026)",conditional_zoning,pending,2024-04-24,1,joined,covered_unconfirmed,agree,0
IA,Clarke County,moratorium,active,1,active,2025-06-23,"moratorium-nation:ia-clarke-county-2025 (CC-BY-4.0, github.com/mjbommar/moratorium-data-2026)",moratorium,blocked_confirmed,2025-06-23,1,joined,covered_confirmed,agree,0
IA,Clayton County,moratorium,extended,1,extended,2025-02-25,"moratorium-nation:ia-clayton-county-2025 (CC-BY-4.0, github.com/mjbommar/moratorium-data-2026)",moratorium,blocked_confirmed,2025-02-25,1,joined,covered_confirmed,agree,0
IA,Franklin County,moratorium,active,1,active,2026-03-31,"moratorium-nation:ia-franklin-county-2026 (CC-BY-4.0, github.com/mjbommar/moratorium-data-2026)",moratorium,blocked_unverified,2026-03,1,joined,covered_unconfirmed,agree,0
IA,Johnson County,moratorium,active,1,active,2025-11-06,"moratorium-nation:ia-johnson-county-2025 (CC-BY-4.0, github.com/mjbommar/moratorium-data-2026)",moratorium,pending,2025-11-08,1,joined,covered_unconfirmed,agree,0
IA,Jones County,moratorium,replaced,1,replaced,2024-10-15,"moratorium-nation:ia-jones-county-2024 (CC-BY-4.0, github.com/mjbommar/moratorium-data-2026)",moratorium,blocked_unverified,2025-05-13,1,joined,covered_unconfirmed,agree,0
IA,Mitchell County,moratorium,active,1,active,2025-11-25,"moratorium-nation:ia-mitchell-county-2025 (CC-BY-4.0, github.com/mjbommar/moratorium-data-2026)",moratorium,pending,2025-11-25,1,joined,covered_unconfirmed,agree,0
IA,Shelby County,moratorium,active,1,active,2026-03-17,"moratorium-nation:ia-shelby-county-2026 (CC-BY-4.0, github.com/mjbommar/moratorium-data-2026)",moratorium,blocked_unverified,2026-03-17,1,joined,covered_unconfirmed,agree,0
IA,Story County,moratorium,expired,1,expired,2025-06-17,"moratorium-nation:ia-story-county-2025 (CC-BY-4.0, github.com/mjbommar/moratorium-data-2026)",moratorium,blocked_unverified,2025-06-17,1,joined,covered_unconfirmed,agree,0
IA,Tama County,moratorium,active,1,active,2025-11-10,"moratorium-nation:ia-tama-county-2025 (CC-BY-4.0, github.com/mjbommar/moratorium-data-2026)",moratorium,pending,2025-11-10,1,joined,covered_unconfirmed,agree,0
IA,Union County,moratorium,pending,1,pending,2026-03-18,"moratorium-nation:ia-union-county-2026 (CC-BY-4.0, github.com/mjbommar/moratorium-data-2026)",,,,0,joined,census_pending_out_of_scope,out_of_scope,0
ID,Kootenai County,moratorium,replaced,1,replaced,2025-03-11,"moratorium-nation:id-kootenai-county-2025 (CC-BY-4.0, github.com/mjbommar/moratorium-data-2026)",ban,blocked_unverified,2025-03-02,1,joined,covered_unconfirmed,agree,0
IL,Champaign County,moratorium,active,1,active,2026-04-23,"moratorium-nation:il-champaign-county-2026 (CC-BY-4.0, github.com/mjbommar/moratorium-data-2026)",moratorium,blocked_confirmed,2026-04-23,1,joined,covered_confirmed,agree,0
IL,Morgan County,moratorium,active,1,active,2026-04-27,"moratorium-nation:il-morgan-county-2026 (CC-BY-4.0, github.com/mjbommar/moratorium-data-2026)",moratorium,blocked_unverified,2026-04-27,1,joined,covered_unconfirmed,agree,0
IN,Boone County,moratorium,active,1,active,2026-06-15,https://boonecounty.in.gov/2026/06/15/19190/,moratorium,blocked_confirmed,2026-06-15,1,joined,covered_confirmed,agree,0
IN,Cass County,ban,active,1,active,,https://www.wfyi.org/statewide/2026-07-06/indiana-counties-data-center-moratoriums-bans-2026 (per IU ERI via WFYI 2026-07-06; prior citation pointed to a Starke County article and was corrected 2026-08-21),ban,blocked_confirmed,2026-07-06,1,joined,covered_confirmed,agree,0
IN,DeKalb County,moratorium,active,1,active,2026-04-13,"moratorium-nation:in-dekalb-county-2026 (CC-BY-4.0, github.com/mjbommar/moratorium-data-2026)",moratorium,pending,2026-04-14,0,joined,covered_unconfirmed,label_false_negative,1
IN,Dearborn County,moratorium,active,1,active,2026-02-24,"moratorium-nation:in-dearborn-county-2026 (CC-BY-4.0, github.com/mjbommar/moratorium-data-2026)",moratorium,blocked_confirmed,2026-02-25,1,joined,covered_confirmed,agree,0
IN,Franklin County,moratorium,extended,1,extended,2025-12-24,"moratorium-nation:in-franklin-county-2025 (CC-BY-4.0, github.com/mjbommar/moratorium-data-2026)",moratorium,blocked_unverified,2026-02-24,1,joined,covered_unconfirmed,agree,0
IN,Fulton County,moratorium,active,1,active,2026-03-02,"moratorium-nation:in-fulton-county-2026 (CC-BY-4.0, github.com/mjbommar/moratorium-data-2026)",moratorium,blocked_confirmed,2026-03-03,1,joined,covered_confirmed,agree,0
IN,Grant County,moratorium,active,1,active,2026-03-02,https://www.chronicle-tribune.com/,moratorium,blocked_confirmed,2026-03-02,1,joined,covered_confirmed,agree,0
IN,Huntington County,moratorium,active,1,active,2026-02-23,"moratorium-nation:in-huntington-county-2026 (CC-BY-4.0, github.com/mjbommar/moratorium-data-2026)",moratorium,blocked_unverified,2026-02-23,1,joined,covered_unconfirmed,agree,0
IN,Madison County,moratorium,active,1,active,2026-06-17,https://www.heraldbulletin.com/news/local_news/madison-county-being-asked-for-data-center-moratorium/article_57dc7598-1ead-4570-81c9-2e8306d8268a.html,moratorium,blocked_confirmed,2026-06-17,1,joined,covered_confirmed,agree,0
IN,Marshall County,ban,active,1,active,2026-04-20,https://wkvi.com/2026/07/starke-county-planning-commission-begins-exploring-possible-countywide-data-center-ban/ (ban succeeding expired 2025 moratorium),ban,blocked_confirmed,2026-04-20,1,joined,covered_confirmed,agree,0
IN,Pulaski County,moratorium,active,1,active,2026-01-20,"moratorium-nation:in-pulaski-county-2026 (CC-BY-4.0, github.com/mjbommar/moratorium-data-2026)",moratorium,blocked_unverified,2026-01-20,1,joined,covered_unconfirmed,agree,0
IN,Putnam County,moratorium,active,1,active,2025-11-17,"moratorium-nation:in-putnam-county-2025 (CC-BY-4.0, github.com/mjbommar/moratorium-data-2026)",moratorium,pending,2025-11-01,1,joined,covered_unconfirmed,agree,0
IN,Shelby County,moratorium,active,1,active,2026-02-23,"moratorium-nation:in-shelby-county-2026 (CC-BY-4.0, github.com/mjbommar/moratorium-data-2026)",moratorium,blocked_unverified,2026-02-23,1,joined,covered_unconfirmed,agree,0
IN,Starke County,moratorium,active,1,active,2025-12-15,"moratorium-nation:in-starke-county-2025 (CC-BY-4.0, github.com/mjbommar/moratorium-data-2026)",moratorium,blocked_confirmed,2025-12-04,1,joined,covered_confirmed,agree,0
IN,White County,moratorium,replaced,1,replaced,2025-10-20,"moratorium-nation:in-white-county-2025 (CC-BY-4.0, github.com/mjbommar/moratorium-data-2026)",moratorium,blocked_unverified,2025-10-01,1,joined,covered_unconfirmed,agree,0
KS,Brown County,moratorium,active,1,active,2026-03-02,"moratorium-nation:ks-brown-county-2026 (CC-BY-4.0, github.com/mjbommar/moratorium-data-2026)",moratorium,blocked_unverified,2026-03-02,1,joined,covered_unconfirmed,agree,0
KS,Harvey County,moratorium,active,1,active,2026-01-13,"moratorium-nation:ks-harvey-county-2026 (CC-BY-4.0, github.com/mjbommar/moratorium-data-2026)",moratorium,pending,2026-01-13,1,joined,covered_unconfirmed,agree,0
KS,Kingman County,moratorium,active,1,active,2026-02-09,"moratorium-nation:ks-kingman-county-2026 (CC-BY-4.0, github.com/mjbommar/moratorium-data-2026)",moratorium,blocked_unverified,2026-02-09,1,joined,covered_unconfirmed,agree,0
KS,Marion County,moratorium,active,1,active,2026-03-02,"moratorium-nation:ks-marion-county-2026 (CC-BY-4.0, github.com/mjbommar/moratorium-data-2026)",moratorium,blocked_unverified,2026-03-02,1,joined,covered_unconfirmed,agree,0
KS,McPherson County,moratorium,extended,1,extended,2025-08-04,"moratorium-nation:ks-mcpherson-county-2025 (CC-BY-4.0, github.com/mjbommar/moratorium-data-2026)",moratorium,blocked_unverified,2025-08-04,1,joined,covered_unconfirmed,agree,0
KS,Riley County,moratorium,active,1,active,2026-04-13,"moratorium-nation:ks-riley-county-2026 (CC-BY-4.0, github.com/mjbommar/moratorium-data-2026)",moratorium,blocked_unverified,2026-05,1,joined,covered_unconfirmed,agree,0
KS,Saline County,moratorium,active,1,active,2026-03-17,"moratorium-nation:ks-saline-county-2026 (CC-BY-4.0, github.com/mjbommar/moratorium-data-2026)",moratorium,blocked_confirmed,2026-03-18,1,joined,covered_confirmed,agree,0
KS,Sedgwick County,moratorium,extended,1,extended,2026-01-14,"moratorium-nation:ks-sedgwick-county-2026 (CC-BY-4.0, github.com/mjbommar/moratorium-data-2026)",moratorium,pending,2026-01-15,1,joined,covered_unconfirmed,agree,0
KY,Breckinridge County,moratorium,active,1,active,2025-12-05,"moratorium-nation:ky-breckinridge-county-2025 (CC-BY-4.0, github.com/mjbommar/moratorium-data-2026)",moratorium,pending,2025-11-17,1,joined,covered_unconfirmed,agree,0
KY,Meade County,moratorium,active,1,active,2026-01-13,"moratorium-nation:ky-meade-county-fiscal-court-2026 (CC-BY-4.0, github.com/mjbommar/moratorium-data-2026)",moratorium,blocked_confirmed,2026-01-13,1,joined,covered_confirmed,agree,0
KY,Oldham County,moratorium,extended,1,extended,2025-06-26,"moratorium-nation:ky-oldham-county-fiscal-court-2025 (CC-BY-4.0, github.com/mjbommar/moratorium-data-2026)",moratorium,blocked_confirmed,2026-07-01,1,joined,covered_confirmed,agree,0
MD,Baltimore County,moratorium,active,1,active,2026-02-02,"moratorium-nation:md-baltimore-county-2026 (CC-BY-4.0, github.com/mjbommar/moratorium-data-2026)",moratorium,pending,2026-02-02,1,joined,covered_unconfirmed,agree,0
MD,Prince George's County,moratorium,active,1,active,2025-09-16,"moratorium-nation:md-prince-george-s-county-2025 (CC-BY-4.0, github.com/mjbommar/moratorium-data-2026)",moratorium,blocked_confirmed,2026-07-07,1,joined,covered_confirmed,agree,0
MO,Jackson County,moratorium,pending,1,pending,,"moratorium-nation:mo-jackson-county-2026 (CC-BY-4.0, github.com/mjbommar/moratorium-data-2026)",ban,blocked_confirmed,2026-06-22,1,joined,census_pending_out_of_scope,out_of_scope,0
NC,Chatham County,moratorium,active,1,active,2026-02-11,"moratorium-nation:nc-chatham-county-2026 (CC-BY-4.0, github.com/mjbommar/moratorium-data-2026)",moratorium,pending,2026-02-13,1,joined,covered_unconfirmed,agree,0
NC,Clay County,moratorium,active,1,active,2026-01-08,"moratorium-nation:nc-clay-county-2026 (CC-BY-4.0, github.com/mjbommar/moratorium-data-2026)",ban,blocked_confirmed,2022-08-04,1,joined,covered_confirmed,agree,0
NC,Gates County,moratorium,active,1,active,2025-12-17,"moratorium-nation:nc-gates-county-2025 (CC-BY-4.0, github.com/mjbommar/moratorium-data-2026)",moratorium,blocked_confirmed,2025-12-17,1,joined,covered_confirmed,agree,0
NC,Madison County,moratorium,expired,1,expired,2023-06-13,"moratorium-nation:nc-madison-county-2023 (CC-BY-4.0, github.com/mjbommar/moratorium-data-2026)",moratorium,blocked_unverified,2023-06-13,1,joined,covered_unconfirmed,agree,0
NC,Orange County,moratorium,active,1,active,2026-04-21,"moratorium-nation:nc-orange-county-2026 (CC-BY-4.0, github.com/mjbommar/moratorium-data-2026)",moratorium,blocked_confirmed,2026-04-21,1,joined,covered_confirmed,agree,0
NC,Rowan County,moratorium,active,1,active,2026-04-20,"moratorium-nation:nc-rowan-county-2026 (CC-BY-4.0, github.com/mjbommar/moratorium-data-2026)",moratorium,blocked_confirmed,2026-04-21,1,joined,covered_confirmed,agree,0
NC,Swain County,moratorium,active,1,active,2026-04-21,"moratorium-nation:nc-swain-county-2026 (CC-BY-4.0, github.com/mjbommar/moratorium-data-2026)",moratorium,blocked_confirmed,2026-04-01,1,joined,covered_confirmed,agree,0
NC,Watauga County,moratorium,pending,1,pending,,"moratorium-nation:nc-watauga-county-2026 (CC-BY-4.0, github.com/mjbommar/moratorium-data-2026)",moratorium,blocked_confirmed,2026-03-23,1,joined,census_pending_out_of_scope,out_of_scope,0
ND,Dunn County,moratorium,active,1,active,2026-03-18,"moratorium-nation:nd-dunn-county-2026 (CC-BY-4.0, github.com/mjbommar/moratorium-data-2026)",moratorium,blocked_unverified,2026-03-18,1,joined,covered_unconfirmed,agree,0
ND,Mercer County,moratorium,active,1,active,2026-03-03,"moratorium-nation:nd-mercer-county-2026 (CC-BY-4.0, github.com/mjbommar/moratorium-data-2026)",moratorium,blocked_confirmed,2026-03-03,1,joined,covered_confirmed,agree,0
ND,Morton County,moratorium,active,1,active,2024-09-12,"moratorium-nation:nd-morton-county-2024 (CC-BY-4.0, github.com/mjbommar/moratorium-data-2026)",moratorium,blocked_confirmed,2024-09-01,1,joined,covered_confirmed,agree,0
ND,Oliver County,moratorium,active,3,rescinded;expired;active,2024-12-12,"moratorium-nation:nd-oliver-county-2024-p1 (CC-BY-4.0, github.com/mjbommar/moratorium-data-2026) | moratorium-nation:nd-oliver-county-2025-p2 (CC-BY-4.0, github.com/mjbommar/moratorium-data-2026) | moratorium-nation:nd-oliver-county-2026-p3 (CC-BY-4.0, github.com/mjbommar/moratorium-data-2026)",moratorium,advanced_confirmed,2024-12-12,1,joined,covered_unconfirmed,agree,0
ND,Williams County,moratorium,replaced,1,replaced,2023-06-20,"moratorium-nation:nd-williams-county-2023 (CC-BY-4.0, github.com/mjbommar/moratorium-data-2026)",moratorium,blocked_confirmed,2023-06-20,1,joined,covered_confirmed,agree,0
NE,Hitchcock County,moratorium,replaced,1,replaced,2025-02-03,"moratorium-nation:ne-hitchcock-county-2025 (CC-BY-4.0, github.com/mjbommar/moratorium-data-2026)",moratorium,blocked_unverified,2025-02-01,1,joined,covered_unconfirmed,agree,0
NE,Otoe County,moratorium,pending,1,pending,,"moratorium-nation:ne-otoe-county-2026 (CC-BY-4.0, github.com/mjbommar/moratorium-data-2026)",moratorium,blocked_confirmed,2026-05-19,1,joined,census_pending_out_of_scope,out_of_scope,0
PA,Montour County,moratorium,active,1,active,2025-11-18,"moratorium-nation:pa-montour-county-2025 (CC-BY-4.0, github.com/mjbommar/moratorium-data-2026)",conditional_zoning,restricted_conditional,2026-02-10,0,joined,covered_unconfirmed,label_false_negative,1
TN,Hawkins County,moratorium,active,1,active,2025-09-22,"moratorium-nation:tn-hawkins-county-2025 (CC-BY-4.0, github.com/mjbommar/moratorium-data-2026)",ban,blocked_confirmed,2025-09,1,joined,covered_confirmed,agree,0
TN,Sullivan County,moratorium,expired,1,expired,2025-12-18,"moratorium-nation:tn-sullivan-county-2025 (CC-BY-4.0, github.com/mjbommar/moratorium-data-2026)",moratorium,blocked_confirmed,2025-10-07,1,joined,covered_confirmed,agree,0
TN,Washington County,moratorium,active,1,active,2026-03-23,"moratorium-nation:tn-washington-county-2026 (CC-BY-4.0, github.com/mjbommar/moratorium-data-2026)",moratorium,blocked_confirmed,2026-05-22,1,joined,covered_confirmed,agree,0
VA,Fluvanna County,moratorium,replaced,1,replaced,2025-09-17,"moratorium-nation:va-fluvanna-county-2025 (CC-BY-4.0, github.com/mjbommar/moratorium-data-2026)",moratorium,blocked_confirmed,2025-11-19,1,joined,covered_confirmed,agree,0
WI,Manitowoc County,moratorium,active,1,active,2026-04-28,"moratorium-nation:wi-manitowoc-county-2026 (CC-BY-4.0, github.com/mjbommar/moratorium-data-2026)",moratorium,pending,2026-02-20,1,joined,covered_unconfirmed,agree,0
TN,Sumner County,moratorium,active,1,active,2026-07-29,https://www.wsmv.com/2026/07/29/future-data-centers-unclear-midstate-one-county-tables-moratorium-other-area-passes-pause-applications/ (hawthorn-tva-review-2026-08-21: Gallatin city action),moratorium,blocked_confirmed,2026-07-29,1,joined,covered_confirmed,agree,0
NC,Cherokee County,moratorium,active,1,active,,"https://www.law360.com/articles/2511658 (hawthorn-tva-review-2026-08-21: date and precise ordinance status uncertain across sources, see review note)",,,,0,joined,missing,label_false_negative,1
GA,Floyd County,moratorium,active,1,active,2026-06-09,https://www.wrganews.com/2026/06/10/the-floyd-county-commission-approved-an-80-day-moratorium-on-data-center-projects/ (hawthorn-tva-review-2026-08-21: 80-day term),moratorium,blocked_confirmed,2026-06-09,1,joined,covered_confirmed,agree,0
KY,Simpson County,zoning_standards,active,1,active,2025-12,"https://www.lpm.org/news/2026-01-28/data-center-developer-sues-simpson-county-government-over-land-use-ordinance (hawthorn-tva-review-2026-08-21: ordinance 440.70, under litigation)",conditional_zoning,restricted_conditional,2025-12,1,joined,covered_unconfirmed,agree,0
TN,Hamilton County,moratorium,active,1,active,2026-07-15,https://www.timesfreepress.com/news/2026/jul/15/hamilton-county-commission-approves-yearlong-data/ (hawthorn-tva-review-2026-08-21: one-year term),ban,blocked_confirmed,2026-07-15,1,joined,covered_confirmed,agree,0
TN,Grundy County,moratorium,active,1,active,2026-05-18,https://www.sewaneemessenger.com/headlines/?post_id=3474&title=trend-setting-grundy-county-data-center-moratorium (hawthorn-tva-review-2026-08-21: two-year term to 2028-05-18),ban,blocked_confirmed,2026-05-18,1,joined,covered_confirmed,agree,0
TN,Coffee County,moratorium,active,1,active,2026-06-09,https://www.newschannel5.com/news/state/tennessee/coffee-county/coffee-county-bans-new-data-centers-for-one-year (hawthorn-tva-review-2026-08-21: one-year term),moratorium,blocked_confirmed,2026-06-09,1,joined,covered_confirmed,agree,0
GA,Walker County,moratorium,active,1,active,2026-07-09,https://walkercountyga.gov/2026/08/07/board-delays-budget-vote-enacts-180-day-moratorium-on-data-centers/ (hawthorn-tva-review-2026-08-21: extended from 30 to 180 days on 2026-08-06),moratorium,blocked_confirmed,2026-07-09,1,joined,covered_confirmed,agree,0
CA,Imperial County,moratorium,extended,1,extended,2026-06-17,"moratorium-nation:ca-imperial-county-2026 (CC-BY-4.0, github.com/mjbommar/moratorium-data-2026)",moratorium,blocked_confirmed,2026-05-19,1,joined,covered_confirmed,agree,0
CO,Delta County,moratorium,active,1,active,2026-07-07,"moratorium-nation:co-delta-county-2026 (CC-BY-4.0, github.com/mjbommar/moratorium-data-2026)",moratorium,blocked_unverified,2026-07-07,1,joined,covered_unconfirmed,agree,0
CO,Jefferson County,moratorium,active,1,active,2026-05-19,"moratorium-nation:co-jefferson-county-2026 (CC-BY-4.0, github.com/mjbommar/moratorium-data-2026)",moratorium,blocked_unverified,2026-05-19,1,joined,covered_unconfirmed,agree,0
FL,Citrus County,moratorium,active,1,active,2026-05-26,"moratorium-nation:fl-citrus-county-2026 (CC-BY-4.0, github.com/mjbommar/moratorium-data-2026)",moratorium,blocked_confirmed,2026-05-26,1,joined,covered_confirmed,agree,0
FL,Clay County,moratorium,active,1,active,2026-06-23,"moratorium-nation:fl-clay-county-2026 (CC-BY-4.0, github.com/mjbommar/moratorium-data-2026)",moratorium,blocked_confirmed,2026-06-23,1,joined,covered_confirmed,agree,0
FL,Hernando County,moratorium,active,1,active,2026-06-23,"moratorium-nation:fl-hernando-county-2026 (CC-BY-4.0, github.com/mjbommar/moratorium-data-2026)",moratorium,blocked_unverified,2026-06-04,0,joined,covered_unconfirmed,label_false_negative,1
FL,Nassau County,moratorium,active,1,active,2026-06-08,"moratorium-nation:fl-nassau-county-2026 (CC-BY-4.0, github.com/mjbommar/moratorium-data-2026)",moratorium,blocked_confirmed,2026-06-08,1,joined,covered_confirmed,agree,0
GA,Carroll County,moratorium,extended,1,extended,2026-03-03,"moratorium-nation:ga-carroll-county-2026 (CC-BY-4.0, github.com/mjbommar/moratorium-data-2026)",conditional_zoning,restricted_conditional,2026-01-28,0,joined,covered_unconfirmed,label_false_negative,1
GA,Cherokee County,moratorium,active,1,active,2026-07-22,"moratorium-nation:ga-cherokee-county-2026 (CC-BY-4.0, github.com/mjbommar/moratorium-data-2026)",moratorium,blocked_confirmed,2026-07-22,1,joined,covered_confirmed,agree,0
GA,Dougherty County,moratorium,active,1,active,2026-07-21,"moratorium-nation:ga-dougherty-county-2026 (CC-BY-4.0, github.com/mjbommar/moratorium-data-2026)",moratorium,blocked_confirmed,2026-07-20,1,joined,covered_confirmed,agree,0
GA,Hart County,moratorium,active,1,active,2026-05-26,"moratorium-nation:ga-hart-county-2026 (CC-BY-4.0, github.com/mjbommar/moratorium-data-2026)",moratorium,blocked_unverified,2026-05-26,1,joined,covered_unconfirmed,agree,0
GA,Paulding County,moratorium,active,1,active,2026-07-28,"moratorium-nation:ga-paulding-county-2026 (CC-BY-4.0, github.com/mjbommar/moratorium-data-2026)",moratorium,blocked_unverified,2026-07-28,1,joined,covered_unconfirmed,agree,0
IN,Miami County,moratorium,active,1,active,2026-05-04,"moratorium-nation:in-miami-county-2026 (CC-BY-4.0, github.com/mjbommar/moratorium-data-2026)",moratorium,blocked_unverified,2026-05-04,1,joined,covered_unconfirmed,agree,0
IA,Audubon County,moratorium,active,1,active,2026-05-05,"moratorium-nation:ia-audubon-county-2026 (CC-BY-4.0, github.com/mjbommar/moratorium-data-2026)",moratorium,blocked_unverified,2026-05-05,1,joined,covered_unconfirmed,agree,0
IA,Des Moines County,moratorium,active,1,active,2026-05-19,"moratorium-nation:ia-des-moines-county-2026 (CC-BY-4.0, github.com/mjbommar/moratorium-data-2026)",moratorium,blocked_unverified,2026-05-19,1,joined,covered_unconfirmed,agree,0
IA,Dickinson County,moratorium,active,1,active,2026-05-12,"moratorium-nation:ia-dickinson-county-2026 (CC-BY-4.0, github.com/mjbommar/moratorium-data-2026)",moratorium,blocked_confirmed,2026-05-19,1,joined,covered_confirmed,agree,0
IA,Dubuque County,moratorium,active,1,active,2026-05-26,"moratorium-nation:ia-dubuque-county-2026 (CC-BY-4.0, github.com/mjbommar/moratorium-data-2026)",moratorium,blocked_confirmed,2026-05-26,1,joined,covered_confirmed,agree,0
IA,Lee County,moratorium,active,1,active,2026-06-16,"moratorium-nation:ia-lee-county-2026 (CC-BY-4.0, github.com/mjbommar/moratorium-data-2026)",moratorium,blocked_unverified,2026-06-16,1,joined,covered_unconfirmed,agree,0
IA,Linn County,moratorium,active,1,active,2026-07-01,"moratorium-nation:ia-linn-county-2026 (CC-BY-4.0, github.com/mjbommar/moratorium-data-2026)",moratorium,blocked_confirmed,2026-07-01,1,joined,covered_confirmed,agree,0
IA,Palo Alto County,moratorium,active,1,active,2026-07-08,"moratorium-nation:ia-palo-alto-county-2026 (CC-BY-4.0, github.com/mjbommar/moratorium-data-2026)",moratorium,blocked_unverified,2026-07-08,1,joined,covered_unconfirmed,agree,0
IA,Plymouth County,moratorium,active,1,active,2026-06-16,"moratorium-nation:ia-plymouth-county-2026 (CC-BY-4.0, github.com/mjbommar/moratorium-data-2026)",moratorium,blocked_unverified,2026-06-16,1,joined,covered_unconfirmed,agree,0
IA,Sioux County,moratorium,active,1,active,2026-06-16,"moratorium-nation:ia-sioux-county-2026 (CC-BY-4.0, github.com/mjbommar/moratorium-data-2026)",moratorium,blocked_unverified,2026-06-16,1,joined,covered_unconfirmed,agree,0
IA,Woodbury County,moratorium,active,1,active,2026-06-23,"moratorium-nation:ia-woodbury-county-2026 (CC-BY-4.0, github.com/mjbommar/moratorium-data-2026)",moratorium,blocked_confirmed,2026-06-23,1,joined,covered_confirmed,agree,0
KS,Geary County,moratorium,active,1,active,2026-06-22,"moratorium-nation:ks-geary-county-2026 (CC-BY-4.0, github.com/mjbommar/moratorium-data-2026)",moratorium,blocked_unverified,2026-06-22,1,joined,covered_unconfirmed,agree,0
KS,Lyon County,moratorium,active,1,active,2026-07-23,"moratorium-nation:ks-lyon-county-2026 (CC-BY-4.0, github.com/mjbommar/moratorium-data-2026)",moratorium,mixed,2026-07-15,1,joined,covered_unconfirmed,agree,0
KY,Boyle County,moratorium,active,1,active,2026-06-09,"moratorium-nation:ky-boyle-county-2026 (CC-BY-4.0, github.com/mjbommar/moratorium-data-2026)",moratorium,blocked_unverified,2026-06-09,1,joined,covered_unconfirmed,agree,0
KY,Edmonson County,moratorium,active,1,active,2026-06-08,"moratorium-nation:ky-edmonson-county-2026 (CC-BY-4.0, github.com/mjbommar/moratorium-data-2026)",moratorium,blocked_unverified,2026-06-08,1,joined,covered_unconfirmed,agree,0
KY,Nelson County,moratorium,active,1,active,2026-07-07,"moratorium-nation:ky-nelson-county-2026 (CC-BY-4.0, github.com/mjbommar/moratorium-data-2026)",moratorium,blocked_unverified,2026-07-07,1,joined,covered_unconfirmed,agree,0
MD,Frederick County,moratorium,active,1,active,2026-07-01,"moratorium-nation:md-frederick-county-2026 (CC-BY-4.0, github.com/mjbommar/moratorium-data-2026)",conditional_zoning,mixed,2025-12-24,1,joined,covered_unconfirmed,agree,0
MD,Montgomery County,moratorium,active,1,active,2026-07-28,"moratorium-nation:md-montgomery-county-2026 (CC-BY-4.0, github.com/mjbommar/moratorium-data-2026)",moratorium,blocked_confirmed,2026-07-28,1,joined,covered_confirmed,agree,0
MD,Washington County,moratorium,active,1,active,2026-06-30,"moratorium-nation:md-washington-county-2026 (CC-BY-4.0, github.com/mjbommar/moratorium-data-2026)",moratorium,blocked_unverified,2026-06-30,1,joined,covered_unconfirmed,agree,0
MN,Le Sueur County,moratorium,active,1,active,2026-05-26,"moratorium-nation:mn-le-sueur-county-2026 (CC-BY-4.0, github.com/mjbommar/moratorium-data-2026)",moratorium,blocked_unverified,2026-05-26,1,joined,covered_unconfirmed,agree,0
MN,Wright County,moratorium,active,1,active,2026-05-19,"moratorium-nation:mn-wright-county-2026 (CC-BY-4.0, github.com/mjbommar/moratorium-data-2026)",moratorium,blocked_confirmed,2026-05-19,1,joined,covered_confirmed,agree,0
MO,Nodaway County,moratorium,active,1,active,2026-07-21,"moratorium-nation:mo-nodaway-county-2026 (CC-BY-4.0, github.com/mjbommar/moratorium-data-2026)",moratorium,blocked_unverified,2026-07-21,1,joined,covered_unconfirmed,agree,0
MO,St. Charles County,moratorium,active,1,active,2026-07-13,"moratorium-nation:mo-st-charles-county-2026 (CC-BY-4.0, github.com/mjbommar/moratorium-data-2026)",ban,blocked_confirmed,2026-05-19,1,joined,covered_confirmed,agree,0
MO,Webster County,moratorium,active,1,active,2026-06-16,"moratorium-nation:mo-webster-county-2026 (CC-BY-4.0, github.com/mjbommar/moratorium-data-2026)",moratorium,blocked_unverified,2026-06-16,1,joined,covered_unconfirmed,agree,0
MT,Missoula County,moratorium,active,1,active,2026-07-09,"moratorium-nation:mt-missoula-county-2026 (CC-BY-4.0, github.com/mjbommar/moratorium-data-2026)",moratorium,blocked_confirmed,2026-07-09,1,joined,covered_confirmed,agree,0
NE,Cherry County,moratorium,active,1,active,2026-07-14,"moratorium-nation:ne-cherry-county-2026 (CC-BY-4.0, github.com/mjbommar/moratorium-data-2026)",moratorium,blocked_unverified,2026-07-14,1,joined,covered_unconfirmed,agree,0
NE,Logan County,moratorium,active,1,active,2026-07-15,"moratorium-nation:ne-logan-county-2026 (CC-BY-4.0, github.com/mjbommar/moratorium-data-2026)",moratorium,blocked_confirmed,2026-07-16,1,joined,covered_confirmed,agree,0
NE,Seward County,moratorium,active,1,active,2026-06-30,"moratorium-nation:ne-seward-county-2026 (CC-BY-4.0, github.com/mjbommar/moratorium-data-2026)",moratorium,blocked_confirmed,2026-06-25,1,joined,covered_confirmed,agree,0
NV,Humboldt County,moratorium,active,1,active,2026-07-06,"moratorium-nation:nv-humboldt-county-2026 (CC-BY-4.0, github.com/mjbommar/moratorium-data-2026)",moratorium,blocked_unverified,2026-07-06,1,joined,covered_unconfirmed,agree,0
NV,Nye County,moratorium,active,1,active,2026-06-02,"moratorium-nation:nv-nye-county-2026 (CC-BY-4.0, github.com/mjbommar/moratorium-data-2026)",moratorium,blocked_unverified,2026-06-02,1,joined,covered_unconfirmed,agree,0
NM,Santa Fe County,moratorium,active,1,active,2026-06-30,"moratorium-nation:nm-santa-fe-county-2026 (CC-BY-4.0, github.com/mjbommar/moratorium-data-2026)",moratorium,blocked_confirmed,2026-06-16,1,joined,covered_confirmed,agree,0
NM,Socorro County,moratorium,active,1,active,2026-06-09,"moratorium-nation:nm-socorro-county-2026 (CC-BY-4.0, github.com/mjbommar/moratorium-data-2026)",moratorium,blocked_confirmed,2026-06-09,1,joined,covered_confirmed,agree,0
NC,Cumberland County,moratorium,active,1,active,2026-06-15,"moratorium-nation:nc-cumberland-county-2026 (CC-BY-4.0, github.com/mjbommar/moratorium-data-2026)",moratorium,blocked_confirmed,2026-06-15,1,joined,covered_confirmed,agree,0
NC,Northampton County,moratorium,active,1,active,2026-05-04,"moratorium-nation:nc-northampton-county-2026 (CC-BY-4.0, github.com/mjbommar/moratorium-data-2026)",moratorium,blocked_confirmed,2026-05-04,1,joined,covered_confirmed,agree,0
NC,Pasquotank County,moratorium,active,1,active,2026-05-18,"moratorium-nation:nc-pasquotank-county-2026 (CC-BY-4.0, github.com/mjbommar/moratorium-data-2026)",moratorium,blocked_unverified,2026-05-18,1,joined,covered_unconfirmed,agree,0
ND,Barnes County,moratorium,active,1,active,2026-05-19,"moratorium-nation:nd-barnes-county-2026 (CC-BY-4.0, github.com/mjbommar/moratorium-data-2026)",moratorium,blocked_unverified,2026-05-19,1,joined,covered_unconfirmed,agree,0
OH,Butler County,moratorium,active,1,active,2026-06-16,"moratorium-nation:oh-butler-county-2026 (CC-BY-4.0, github.com/mjbommar/moratorium-data-2026)",moratorium,blocked_confirmed,2026-06-16,1,joined,covered_confirmed,agree,0
SC,Chesterfield County,moratorium,active,1,active,2026-06-01,"moratorium-nation:sc-chesterfield-county-2026 (CC-BY-4.0, github.com/mjbommar/moratorium-data-2026)",moratorium,blocked_unverified,2026-06-01,1,joined,covered_unconfirmed,agree,0
SC,Colleton County,moratorium,active,1,active,2026-07-06,"moratorium-nation:sc-colleton-county-2026 (CC-BY-4.0, github.com/mjbommar/moratorium-data-2026)",moratorium,mixed,2026-02-05,1,joined,covered_unconfirmed,agree,0
SC,York County,moratorium,active,1,active,2026-07-13,"moratorium-nation:sc-york-county-2026 (CC-BY-4.0, github.com/mjbommar/moratorium-data-2026)",moratorium,blocked_confirmed,2026-07-13,1,joined,covered_confirmed,agree,0
SD,Yankton County,moratorium,active,1,active,2026-07-21,"moratorium-nation:sd-yankton-county-2026 (CC-BY-4.0, github.com/mjbommar/moratorium-data-2026)",moratorium,pending,2026-06-16,0,joined,covered_unconfirmed,label_false_negative,1
TN,Cumberland County,moratorium,active,1,active,2026-06-15,"moratorium-nation:tn-cumberland-county-2026 (CC-BY-4.0, github.com/mjbommar/moratorium-data-2026)",moratorium,blocked_unverified,2026-06-15,1,joined,covered_unconfirmed,agree,0
TN,Knox County,moratorium,active,1,active,2026-06-22,"moratorium-nation:tn-knox-county-2026 (CC-BY-4.0, github.com/mjbommar/moratorium-data-2026)",moratorium,blocked_confirmed,2026-06-22,1,joined,covered_confirmed,agree,0
TN,Loudon County,moratorium,active,1,active,2026-06-29,"moratorium-nation:tn-loudon-county-2026 (CC-BY-4.0, github.com/mjbommar/moratorium-data-2026)",moratorium,blocked_confirmed,2026-06-30,1,joined,covered_confirmed,agree,0
TX,Hill County,moratorium,rescinded,1,rescinded,2026-05-12,"moratorium-nation:tx-hill-county-2026 (CC-BY-4.0, github.com/mjbommar/moratorium-data-2026)",moratorium,blocked_confirmed,2026-05-12,1,joined,census_pending_out_of_scope,out_of_scope,0
UT,Box Elder County,moratorium,active,1,active,2026-06-10,"moratorium-nation:ut-box-elder-county-2026 (CC-BY-4.0, github.com/mjbommar/moratorium-data-2026)",conditional_zoning,advanced_confirmed,2026-04-24,1,joined,covered_unconfirmed,agree,0
UT,Cache County,moratorium,active,1,active,2026-06-23,"moratorium-nation:ut-cache-county-2026 (CC-BY-4.0, github.com/mjbommar/moratorium-data-2026)",moratorium,blocked_confirmed,2026-06-23,1,joined,covered_confirmed,agree,0
UT,Iron County,moratorium,active,1,active,2026-05-26,"moratorium-nation:ut-iron-county-2026 (CC-BY-4.0, github.com/mjbommar/moratorium-data-2026)",moratorium,blocked_confirmed,2026-05-26,1,joined,covered_confirmed,agree,0
UT,Wayne County,moratorium,active,1,active,2026-07-08,"moratorium-nation:ut-wayne-county-2026 (CC-BY-4.0, github.com/mjbommar/moratorium-data-2026)",moratorium,blocked_unverified,2026-07-08,1,joined,covered_unconfirmed,agree,0
WA,Skagit County,moratorium,active,1,active,2026-06-01,"moratorium-nation:wa-skagit-county-2026 (CC-BY-4.0, github.com/mjbommar/moratorium-data-2026)",moratorium,blocked_unverified,2026-06-01,1,joined,covered_unconfirmed,agree,0
WA,Snohomish County,moratorium,active,1,active,2026-06-24,"moratorium-nation:wa-snohomish-county-2026 (CC-BY-4.0, github.com/mjbommar/moratorium-data-2026)",moratorium,pending,2026-08-21,0,joined,covered_unconfirmed,label_false_negative,1
WI,Dane County,moratorium,active,1,active,2026-06-04,"moratorium-nation:wi-dane-county-2026 (CC-BY-4.0, github.com/mjbommar/moratorium-data-2026)",moratorium,blocked_confirmed,2026-01-13,1,joined,covered_confirmed,agree,0
WI,Grant County,moratorium,active,1,active,2026-06-16,"moratorium-nation:wi-grant-county-2026 (CC-BY-4.0, github.com/mjbommar/moratorium-data-2026)",conditional_zoning,restricted_conditional,2026-03-12,1,joined,covered_unconfirmed,agree,0
WI,Green County,moratorium,active,1,active,2026-07-14,"moratorium-nation:wi-green-county-2026 (CC-BY-4.0, github.com/mjbommar/moratorium-data-2026)",moratorium,blocked_unverified,2026-07-14,1,joined,covered_unconfirmed,agree,0
WI,Monroe County,moratorium,active,1,active,2026-07-21,"moratorium-nation:wi-monroe-county-2026 (CC-BY-4.0, github.com/mjbommar/moratorium-data-2026)",moratorium,blocked_unverified,2026-07-21,1,joined,covered_unconfirmed,agree,0
WI,Shawano County,moratorium,active,1,active,2026-06-24,"moratorium-nation:wi-shawano-county-2026 (CC-BY-4.0, github.com/mjbommar/moratorium-data-2026)",moratorium,pending,2026-06-03,0,joined,covered_unconfirmed,label_false_negative,1
AL,Morgan County,moratorium,active,1,active,2026-06-23,"moratorium-nation:al-morgan-county-2026 (CC-BY-4.0, github.com/mjbommar/moratorium-data-2026)",,,,0,joined,missing,label_false_negative,1
AZ,Pima County,moratorium,active,1,active,2026-08-11,"moratorium-nation:az-pima-county-2026 (CC-BY-4.0, github.com/mjbommar/moratorium-data-2026)",conditional_zoning,pending,2026-06-17,0,joined,covered_unconfirmed,label_false_negative,1
AR,Independence County,moratorium,active,1,active,2026-08-10,"moratorium-nation:ar-independence-county-2026 (CC-BY-4.0, github.com/mjbommar/moratorium-data-2026)",,,,0,joined,missing,label_false_negative,1
AR,Madison County,moratorium,active,1,active,2026-08-17,"moratorium-nation:ar-madison-county-2026 (CC-BY-4.0, github.com/mjbommar/moratorium-data-2026)",,,,0,joined,missing,label_false_negative,1
CA,Calaveras County,moratorium,active,1,active,2026-08-25,"moratorium-nation:ca-calaveras-county-2026 (CC-BY-4.0, github.com/mjbommar/moratorium-data-2026)",,,,0,joined,missing,label_false_negative,1
CA,Los Angeles County,moratorium,active,1,active,2026-09-17,"moratorium-nation:ca-los-angeles-county-2026 (CC-BY-4.0, github.com/mjbommar/moratorium-data-2026)",moratorium,blocked_confirmed,2026-03-19,1,joined,covered_confirmed,agree,0
CA,Mendocino County,moratorium,active,1,active,2026-09-01,"moratorium-nation:ca-mendocino-county-2026 (CC-BY-4.0, github.com/mjbommar/moratorium-data-2026)",,,,0,joined,missing,label_false_negative,1
CA,Tulare County,moratorium,extended,1,extended,2026-08-18,"moratorium-nation:ca-tulare-county-2026 (CC-BY-4.0, github.com/mjbommar/moratorium-data-2026)",,,,0,joined,missing,label_false_negative,1
CO,Archuleta County,moratorium,active,1,active,2026-06-16,"moratorium-nation:co-archuleta-county-2026 (CC-BY-4.0, github.com/mjbommar/moratorium-data-2026)",,,,0,joined,missing,label_false_negative,1
CO,Montrose County,moratorium,active,1,active,2026-07-01,"moratorium-nation:co-montrose-county-2026 (CC-BY-4.0, github.com/mjbommar/moratorium-data-2026)",,,,0,joined,missing,label_false_negative,1
CO,Phillips County,moratorium,extended,1,extended,2026-02-27,"moratorium-nation:co-phillips-county-2026 (CC-BY-4.0, github.com/mjbommar/moratorium-data-2026)",,,,0,joined,missing,label_false_negative,1
FL,Bay County,moratorium,active,1,active,2026-07-07,"moratorium-nation:fl-bay-county-2026 (CC-BY-4.0, github.com/mjbommar/moratorium-data-2026)",,,,0,joined,missing,label_false_negative,1
FL,DeSoto County,moratorium,active,1,active,2026-07-28,"moratorium-nation:fl-desoto-county-2026 (CC-BY-4.0, github.com/mjbommar/moratorium-data-2026)",moratorium,mixed,2026-05-19,0,joined,covered_unconfirmed,label_false_negative,1
FL,Flagler County,moratorium,active,1,active,2026-08-03,"moratorium-nation:fl-flagler-county-2026 (CC-BY-4.0, github.com/mjbommar/moratorium-data-2026)",,,,0,joined,missing,label_false_negative,1
FL,Franklin County,moratorium,active,1,active,2026-07-15,"moratorium-nation:fl-franklin-county-2026 (CC-BY-4.0, github.com/mjbommar/moratorium-data-2026)",,,,0,joined,missing,label_false_negative,1
FL,Holmes County,moratorium,active,1,active,2026-06-16,"moratorium-nation:fl-holmes-county-2026 (CC-BY-4.0, github.com/mjbommar/moratorium-data-2026)",ban,pending,2026-06-02,0,joined,covered_unconfirmed,label_false_negative,1
FL,Lake County,moratorium,active,1,active,2026-09-08,"moratorium-nation:fl-lake-county-2026 (CC-BY-4.0, github.com/mjbommar/moratorium-data-2026)",,,,0,joined,missing,label_false_negative,1
FL,Levy County,moratorium,active,1,active,2026-09-08,"moratorium-nation:fl-levy-county-2026 (CC-BY-4.0, github.com/mjbommar/moratorium-data-2026)",moratorium,pending,2026-09-09,0,joined,covered_unconfirmed,label_false_negative,1
FL,Manatee County,moratorium,active,1,active,2026-09-22,"moratorium-nation:fl-manatee-county-2026 (CC-BY-4.0, github.com/mjbommar/moratorium-data-2026)",,,,0,joined,missing,label_false_negative,1
FL,Marion County,moratorium,active,1,active,2026-09-15,"moratorium-nation:fl-marion-county-2026 (CC-BY-4.0, github.com/mjbommar/moratorium-data-2026)",,,,0,joined,missing,label_false_negative,1
FL,Pasco County,moratorium,active,1,active,2026-07-14,"moratorium-nation:fl-pasco-county-2026 (CC-BY-4.0, github.com/mjbommar/moratorium-data-2026)",,,,0,joined,missing,label_false_negative,1
FL,Putnam County,moratorium,active,1,active,2026-09-08,"moratorium-nation:fl-putnam-county-2026 (CC-BY-4.0, github.com/mjbommar/moratorium-data-2026)",,,,0,joined,missing,label_false_negative,1
FL,Washington County,moratorium,active,1,active,2026-08-20,"moratorium-nation:fl-washington-county-2026 (CC-BY-4.0, github.com/mjbommar/moratorium-data-2026)",,,,0,joined,missing,label_false_negative,1
GA,Appling County,moratorium,expired,1,expired,2026-08-04,"moratorium-nation:ga-appling-county-2026 (CC-BY-4.0, github.com/mjbommar/moratorium-data-2026)",,,,0,joined,missing,label_false_negative,1
GA,Banks County,moratorium,extended,1,extended,2026-08,"moratorium-nation:ga-banks-county-2026 (CC-BY-4.0, github.com/mjbommar/moratorium-data-2026)",,,,0,joined,missing,label_false_negative,1
GA,Chatham County,moratorium,active,1,active,2026-09-11,"moratorium-nation:ga-chatham-county-2026 (CC-BY-4.0, github.com/mjbommar/moratorium-data-2026)",,,,0,joined,missing,label_false_negative,1
GA,Colquitt County,moratorium,extended,1,extended,2026-06-02,"moratorium-nation:ga-colquitt-county-2026 (CC-BY-4.0, github.com/mjbommar/moratorium-data-2026)",,,,0,joined,missing,label_false_negative,1
GA,Crawford County,moratorium,extended,1,extended,2026-01-06,"moratorium-nation:ga-crawford-county-2026 (CC-BY-4.0, github.com/mjbommar/moratorium-data-2026)",moratorium,blocked_confirmed,2026-01-06,1,joined,covered_confirmed,agree,0
GA,Gordon County,moratorium,extended,1,extended,2026-02-03,"moratorium-nation:ga-gordon-county-undated (CC-BY-4.0, github.com/mjbommar/moratorium-data-2026)",moratorium,blocked_confirmed,2026-02-04,1,joined,covered_confirmed,agree,0
GA,Lee County,moratorium,extended,1,extended,2026-01,"moratorium-nation:ga-lee-county-undated (CC-BY-4.0, github.com/mjbommar/moratorium-data-2026)",moratorium,pending,2026-06-23,0,joined,covered_unconfirmed,label_false_negative,1
GA,Lowndes County,moratorium,active,1,active,2026-08-25,"moratorium-nation:ga-lowndes-county-2026 (CC-BY-4.0, github.com/mjbommar/moratorium-data-2026)",conditional_zoning,pending,2026-02-17,1,joined,covered_unconfirmed,agree,0
GA,Madison County,moratorium,extended,1,extended,2026-08-03,"moratorium-nation:ga-madison-county-2026 (CC-BY-4.0, github.com/mjbommar/moratorium-data-2026)",,,,0,joined,missing,label_false_negative,1
GA,Meriwether County,moratorium,extended,1,extended,2026-02-24,"moratorium-nation:ga-meriwether-county-2026 (CC-BY-4.0, github.com/mjbommar/moratorium-data-2026)",,,,0,joined,missing,label_false_negative,1
GA,Rockdale County,moratorium,extended,1,extended,2026-01-13,"moratorium-nation:ga-rockdale-county-undated (CC-BY-4.0, github.com/mjbommar/moratorium-data-2026)",moratorium,blocked_confirmed,2026-05-12,1,joined,covered_confirmed,agree,0
GA,Stephens County,moratorium,extended,1,extended,2026-04-14,"moratorium-nation:ga-stephens-county-undated (CC-BY-4.0, github.com/mjbommar/moratorium-data-2026)",,,,0,joined,missing,label_false_negative,1
ID,Bannock County,moratorium,active,1,active,2026-07-30,"moratorium-nation:id-bannock-county-2026 (CC-BY-4.0, github.com/mjbommar/moratorium-data-2026)",conditional_zoning,restricted_conditional,2026-05-18,0,joined,covered_unconfirmed,label_false_negative,1
ID,Elmore County,moratorium,active,1,active,2026-07-02,"moratorium-nation:id-elmore-county-2026 (CC-BY-4.0, github.com/mjbommar/moratorium-data-2026)",,,,0,joined,missing,label_false_negative,1
IL,Henry County,moratorium,active,1,active,2026-06-18,"moratorium-nation:il-henry-county-2026 (CC-BY-4.0, github.com/mjbommar/moratorium-data-2026)",,,,0,joined,missing,label_false_negative,1
IL,Lake County,moratorium,active,1,active,2026-09-08,"moratorium-nation:il-lake-county-2026 (CC-BY-4.0, github.com/mjbommar/moratorium-data-2026)",,,,0,joined,missing,label_false_negative,1
IL,Lawrence County,moratorium,active,1,active,2026-09-17,"moratorium-nation:il-lawrence-county-2026 (CC-BY-4.0, github.com/mjbommar/moratorium-data-2026)",,,,0,joined,missing,label_false_negative,1
IL,Lee County,moratorium,active,1,active,2026-08-20,"moratorium-nation:il-lee-county-2026 (CC-BY-4.0, github.com/mjbommar/moratorium-data-2026)",,,,0,joined,missing,label_false_negative,1
IL,Logan County,moratorium,rescinded,1,rescinded,2026-05-19,"moratorium-nation:il-logan-county-2026 (CC-BY-4.0, github.com/mjbommar/moratorium-data-2026)",moratorium,blocked_confirmed,2026-05-19,1,joined,census_pending_out_of_scope,out_of_scope,0
IL,Woodford County,moratorium,active,1,active,2026-08-18,"moratorium-nation:il-woodford-county-2026 (CC-BY-4.0, github.com/mjbommar/moratorium-data-2026)",,,,0,joined,missing,label_false_negative,1
IN,Howard County,moratorium,active,1,active,2026-08-17,"moratorium-nation:in-howard-county-2026 (CC-BY-4.0, github.com/mjbommar/moratorium-data-2026)",,,,0,joined,missing,label_false_negative,1
IN,Steuben County,moratorium,active,1,active,2026-09-15,"moratorium-nation:in-steuben-county-2026 (CC-BY-4.0, github.com/mjbommar/moratorium-data-2026)",,,,0,joined,missing,label_false_negative,1
IN,Wabash County,moratorium,active,1,active,2026-08-31,"moratorium-nation:in-wabash-county-2026 (CC-BY-4.0, github.com/mjbommar/moratorium-data-2026)",,,,0,joined,missing,label_false_negative,1
IA,Boone County,moratorium,active,1,active,2026-09-09,"moratorium-nation:ia-boone-county-2026 (CC-BY-4.0, github.com/mjbommar/moratorium-data-2026)",,,,0,joined,missing,label_false_negative,1
IA,Buchanan County,moratorium,extended,1,extended,2026-01,"moratorium-nation:ia-buchanan-county-2026 (CC-BY-4.0, github.com/mjbommar/moratorium-data-2026)",,,,0,joined,missing,label_false_negative,1
IA,Emmet County,moratorium,active,1,active,2026-08-25,"moratorium-nation:ia-emmet-county-2026 (CC-BY-4.0, github.com/mjbommar/moratorium-data-2026)",moratorium,pending,2026-08-27,0,joined,covered_unconfirmed,label_false_negative,1
IA,Henry County,moratorium,active,1,active,2026-05-14,"moratorium-nation:ia-henry-county-2026 (CC-BY-4.0, github.com/mjbommar/moratorium-data-2026)",moratorium,blocked_confirmed,2026-05-14,1,joined,covered_confirmed,agree,0
IA,Ida County,moratorium,active,1,active,2026-06-30,"moratorium-nation:ia-ida-county-2026 (CC-BY-4.0, github.com/mjbommar/moratorium-data-2026)",,,,0,joined,missing,label_false_negative,1
IA,Iowa County,moratorium,active,1,active,2026-07-31,"moratorium-nation:ia-iowa-county-2026 (CC-BY-4.0, github.com/mjbommar/moratorium-data-2026)",moratorium,pending,2026-09-10,0,joined,covered_unconfirmed,label_false_negative,1
IA,Jackson County,moratorium,extended,1,extended,2024-09-17,"moratorium-nation:ia-jackson-county-2024 (CC-BY-4.0, github.com/mjbommar/moratorium-data-2026)",moratorium,mixed,2024-09-17,1,joined,covered_unconfirmed,agree,0
IA,Jefferson County,moratorium,active,1,active,2026-08-11,"moratorium-nation:ia-jefferson-county-2026 (CC-BY-4.0, github.com/mjbommar/moratorium-data-2026)",,,,0,joined,missing,label_false_negative,1
IA,Louisa County,moratorium,active,1,active,2026-07-07,"moratorium-nation:ia-louisa-county-2026 (CC-BY-4.0, github.com/mjbommar/moratorium-data-2026)",,,,0,joined,missing,label_false_negative,1
IA,Taylor County,moratorium,active,1,active,2026-05-07,"moratorium-nation:ia-taylor-county-2026 (CC-BY-4.0, github.com/mjbommar/moratorium-data-2026)",,,,0,joined,missing,label_false_negative,1
KS,Bourbon County,moratorium,active,1,active,2026-06-15,"moratorium-nation:ks-bourbon-county-2026 (CC-BY-4.0, github.com/mjbommar/moratorium-data-2026)",moratorium,blocked_confirmed,2026-06-15,1,joined,covered_confirmed,agree,0
KS,Dickinson County,moratorium,active,1,active,2026-07-30,"moratorium-nation:ks-dickinson-county-2026 (CC-BY-4.0, github.com/mjbommar/moratorium-data-2026)",,,,0,joined,missing,label_false_negative,1
KS,Franklin County,moratorium,active,1,active,2026-09-02,"moratorium-nation:ks-franklin-county-2026 (CC-BY-4.0, github.com/mjbommar/moratorium-data-2026)",,,,0,joined,missing,label_false_negative,1
KS,Leavenworth County,moratorium,expired,1,expired,2026-05-13,"moratorium-nation:ks-leavenworth-county-2026 (CC-BY-4.0, github.com/mjbommar/moratorium-data-2026)",conditional_zoning,pending,2026-08-13,0,joined,covered_unconfirmed,label_false_negative,1
KS,Neosho County,moratorium,active,1,active,2026-05-19,"moratorium-nation:ks-neosho-county-2026 (CC-BY-4.0, github.com/mjbommar/moratorium-data-2026)",,,,0,joined,missing,label_false_negative,1
KS,Shawnee County,moratorium,active,1,active,2026-08-13,"moratorium-nation:ks-shawnee-county-2026 (CC-BY-4.0, github.com/mjbommar/moratorium-data-2026)",moratorium,pending,2026-08-13,0,joined,covered_unconfirmed,label_false_negative,1
KY,Allen County,moratorium,active,1,active,2026-06-10,"moratorium-nation:ky-allen-county-2026 (CC-BY-4.0, github.com/mjbommar/moratorium-data-2026)",,,,0,joined,missing,label_false_negative,1
KY,Boone County,moratorium,active,1,active,2026-06-15,"moratorium-nation:ky-boone-county-2026 (CC-BY-4.0, github.com/mjbommar/moratorium-data-2026)",,,,0,joined,missing,label_false_negative,1
KY,Butler County,moratorium,active,1,active,2026-07-13,"moratorium-nation:ky-butler-county-2026 (CC-BY-4.0, github.com/mjbommar/moratorium-data-2026)",moratorium,blocked_confirmed,2026-06-30,1,joined,covered_confirmed,agree,0
KY,Greenup County,moratorium,active,1,active,2026-07,"moratorium-nation:ky-greenup-county-2026 (CC-BY-4.0, github.com/mjbommar/moratorium-data-2026)",,,,0,joined,missing,label_false_negative,1
KY,Harrison County,moratorium,active,1,active,2026-08-11,"moratorium-nation:ky-harrison-county-2026 (CC-BY-4.0, github.com/mjbommar/moratorium-data-2026)",moratorium,pending,2026-07-29,0,joined,covered_unconfirmed,label_false_negative,1
KY,Logan County,moratorium,active,1,active,2026-07-28,"moratorium-nation:ky-logan-county-2026 (CC-BY-4.0, github.com/mjbommar/moratorium-data-2026)",,,,0,joined,missing,label_false_negative,1
KY,Scott County,moratorium,extended,1,extended,2026-03-13,"moratorium-nation:ky-scott-county-2026 (CC-BY-4.0, github.com/mjbommar/moratorium-data-2026)",,,,0,joined,missing,label_false_negative,1
MD,Calvert County,moratorium,active,1,active,2026-08-18,"moratorium-nation:md-calvert-county-2026 (CC-BY-4.0, github.com/mjbommar/moratorium-data-2026)",moratorium,pending,2026-08-19,0,joined,covered_unconfirmed,label_false_negative,1
MD,Caroline County,moratorium,active,1,active,2026-07-21,"moratorium-nation:md-caroline-county-2026 (CC-BY-4.0, github.com/mjbommar/moratorium-data-2026)",,,,0,joined,missing,label_false_negative,1
MD,Carroll County,moratorium,active,1,active,2026-02-19,"moratorium-nation:md-carroll-county-2026 (CC-BY-4.0, github.com/mjbommar/moratorium-data-2026)",moratorium,pending,2026-02-01,1,joined,covered_unconfirmed,agree,0
MD,Dorchester County,moratorium,active,1,active,2026-08-04,"moratorium-nation:md-dorchester-county-2026 (CC-BY-4.0, github.com/mjbommar/moratorium-data-2026)",,,,0,joined,missing,label_false_negative,1
MD,Howard County,moratorium,active,1,active,2026-06-01,"moratorium-nation:md-howard-county-2026 (CC-BY-4.0, github.com/mjbommar/moratorium-data-2026)",moratorium,blocked_confirmed,2026-06-02,1,joined,covered_confirmed,agree,0
MD,Queen Anne's County,moratorium,active,1,active,2026-06-04,"moratorium-nation:md-queen-anne-s-county-2026 (CC-BY-4.0, github.com/mjbommar/moratorium-data-2026)",,,,0,joined,missing,label_false_negative,1
MD,Talbot County,moratorium,active,1,active,2026-09-08,"moratorium-nation:md-talbot-county-2026 (CC-BY-4.0, github.com/mjbommar/moratorium-data-2026)",,,,0,joined,missing,label_false_negative,1
MD,Wicomico County,moratorium,active,1,active,2026-08-04,"moratorium-nation:md-wicomico-county-2026 (CC-BY-4.0, github.com/mjbommar/moratorium-data-2026)",,,,0,joined,missing,label_false_negative,1
MD,Worcester County,moratorium,active,1,active,2026-07-21,"moratorium-nation:md-worcester-county-2026 (CC-BY-4.0, github.com/mjbommar/moratorium-data-2026)",,,,0,joined,missing,label_false_negative,1
MI,Delta County,moratorium,active,1,active,2026-07-21,"moratorium-nation:mi-delta-county-2026 (CC-BY-4.0, github.com/mjbommar/moratorium-data-2026)",moratorium,pending,2026-03-03,0,joined,covered_unconfirmed,label_false_negative,1
MI,Huron County,moratorium,active,1,active,2026-05-27,"moratorium-nation:mi-huron-county-2026 (CC-BY-4.0, github.com/mjbommar/moratorium-data-2026)",moratorium,pending,2026-04-01,0,joined,covered_unconfirmed,label_false_negative,1
MN,Blue Earth County,moratorium,active,1,active,2026-08-25,"moratorium-nation:mn-blue-earth-county-2026 (CC-BY-4.0, github.com/mjbommar/moratorium-data-2026)",moratorium,blocked_confirmed,2026-07-13,1,joined,covered_confirmed,agree,0
MN,Carlton County,moratorium,active,1,active,2026-08-24,"moratorium-nation:mn-carlton-county-2026 (CC-BY-4.0, github.com/mjbommar/moratorium-data-2026)",moratorium,pending,2026-08-25,0,joined,covered_unconfirmed,label_false_negative,1
MN,Chisago County,moratorium,active,1,active,2026-08-05,"moratorium-nation:mn-chisago-county-2026 (CC-BY-4.0, github.com/mjbommar/moratorium-data-2026)",,,,0,joined,missing,label_false_negative,1
MN,Freeborn County,moratorium,extended,1,extended,2025-08-19,"moratorium-nation:mn-freeborn-county-2025 (CC-BY-4.0, github.com/mjbommar/moratorium-data-2026)",,,,0,joined,missing,label_false_negative,1
MN,Pine County,moratorium,extended,1,extended,2026-07,"moratorium-nation:mn-pine-county-2026 (CC-BY-4.0, github.com/mjbommar/moratorium-data-2026)",,,,0,joined,missing,label_false_negative,1
MO,Benton County,moratorium,active,1,active,2026-08-10,"moratorium-nation:mo-benton-county-2026 (CC-BY-4.0, github.com/mjbommar/moratorium-data-2026)",,,,0,joined,missing,label_false_negative,1
MO,Cedar County,moratorium,active,1,active,2026-09-08,"moratorium-nation:mo-cedar-county-2026 (CC-BY-4.0, github.com/mjbommar/moratorium-data-2026)",,,,0,joined,missing,label_false_negative,1
MO,Ralls County,moratorium,active,1,active,2026-08-23,"moratorium-nation:mo-ralls-county-2026 (CC-BY-4.0, github.com/mjbommar/moratorium-data-2026)",,,,0,joined,missing,label_false_negative,1
MO,Stone County,moratorium,active,1,active,2026-06-04,"moratorium-nation:mo-stone-county-2026 (CC-BY-4.0, github.com/mjbommar/moratorium-data-2026)",,,,0,joined,missing,label_false_negative,1
NE,Butler County,moratorium,active,1,active,2026-03-16,"moratorium-nation:ne-butler-county-2026 (CC-BY-4.0, github.com/mjbommar/moratorium-data-2026)",,,,0,joined,missing,label_false_negative,1
NE,Cass County,moratorium,active,1,active,2026-08-11,"moratorium-nation:ne-cass-county-2026 (CC-BY-4.0, github.com/mjbommar/moratorium-data-2026)",moratorium,pending,2026-07-13,0,joined,covered_unconfirmed,label_false_negative,1
NE,Custer County,moratorium,active,1,active,2026-03-31,"moratorium-nation:ne-custer-county-2026 (CC-BY-4.0, github.com/mjbommar/moratorium-data-2026)",moratorium,blocked_confirmed,2026-07-14,1,joined,covered_confirmed,agree,0
NE,Dundy County,moratorium,extended,1,extended,2025-06,"moratorium-nation:ne-dundy-county-2025 (CC-BY-4.0, github.com/mjbommar/moratorium-data-2026)",,,,0,joined,missing,label_false_negative,1
NE,Gage County,moratorium,active,1,active,2026-09-16,"moratorium-nation:ne-gage-county-2026 (CC-BY-4.0, github.com/mjbommar/moratorium-data-2026)",,,,0,joined,missing,label_false_negative,1
NE,McPherson County,moratorium,active,1,active,2026-06-10,"moratorium-nation:ne-mcpherson-county-2026 (CC-BY-4.0, github.com/mjbommar/moratorium-data-2026)",,,,0,joined,missing,label_false_negative,1
NE,Red Willow County,moratorium,extended,1,extended,2025-09-22,"moratorium-nation:ne-red-willow-county-2025 (CC-BY-4.0, github.com/mjbommar/moratorium-data-2026)",,,,0,joined,missing,label_false_negative,1
NV,White Pine County,moratorium,active,1,active,2026-07-22,"moratorium-nation:nv-white-pine-county-2026 (CC-BY-4.0, github.com/mjbommar/moratorium-data-2026)",,,,0,joined,missing,label_false_negative,1
NM,Sierra County,moratorium,active,1,active,2026-07-21,"moratorium-nation:nm-sierra-county-2026 (CC-BY-4.0, github.com/mjbommar/moratorium-data-2026)",,,,0,joined,missing,label_false_negative,1
NC,Alamance County,moratorium,active,1,active,2026-08-17,"moratorium-nation:nc-alamance-county-2026 (CC-BY-4.0, github.com/mjbommar/moratorium-data-2026)",,,,0,joined,missing,label_false_negative,1
NC,Camden County,moratorium,active,1,active,2026-08-03,"moratorium-nation:nc-camden-county-2026 (CC-BY-4.0, github.com/mjbommar/moratorium-data-2026)",,,,0,joined,missing,label_false_negative,1
NC,Davie County,moratorium,active,1,active,2026-07-06,"moratorium-nation:nc-davie-county-2026 (CC-BY-4.0, github.com/mjbommar/moratorium-data-2026)",,,,0,joined,missing,label_false_negative,1
NC,Durham County,moratorium,active,1,active,2026-08-24,"moratorium-nation:nc-durham-county-2026 (CC-BY-4.0, github.com/mjbommar/moratorium-data-2026)",moratorium,blocked_confirmed,2026-05-04,1,joined,covered_confirmed,agree,0
NC,Edgecombe County,moratorium,active,1,active,2026-08-03,"moratorium-nation:nc-edgecombe-county-2026 (CC-BY-4.0, github.com/mjbommar/moratorium-data-2026)",conditional_zoning,restricted_conditional,2025-09-15,0,joined,covered_unconfirmed,label_false_negative,1
NC,Harnett County,moratorium,active,1,active,2026-05-04,"moratorium-nation:nc-harnett-county-2026 (CC-BY-4.0, github.com/mjbommar/moratorium-data-2026)",moratorium,pending,2026-04-21,0,joined,covered_unconfirmed,label_false_negative,1
NC,Jackson County,moratorium,active,1,active,2026-08-18,"moratorium-nation:nc-jackson-county-2026 (CC-BY-4.0, github.com/mjbommar/moratorium-data-2026)",,,,0,joined,missing,label_false_negative,1
NC,McDowell County,moratorium,active,1,active,2026-08-31,"moratorium-nation:nc-mcdowell-county-2026-2 (CC-BY-4.0, github.com/mjbommar/moratorium-data-2026)",,,,0,joined,missing,label_false_negative,1
NC,Nash County,moratorium,active,1,active,2026-09-08,"moratorium-nation:nc-nash-county-2026 (CC-BY-4.0, github.com/mjbommar/moratorium-data-2026)",,,,0,joined,missing,label_false_negative,1
NC,Surry County,moratorium,extended,1,extended,2026-06-01,"moratorium-nation:nc-surry-county-2026 (CC-BY-4.0, github.com/mjbommar/moratorium-data-2026)",moratorium,blocked_confirmed,2026-07-21,1,joined,covered_confirmed,agree,0
NC,Vance County,moratorium,active,1,active,2026-09-14,"moratorium-nation:nc-vance-county-2026 (CC-BY-4.0, github.com/mjbommar/moratorium-data-2026)",conditional_zoning,advanced_confirmed,2026-04-20,0,joined,covered_unconfirmed,label_false_negative,1
NC,Warren County,moratorium,active,1,active,2026-08-19,"moratorium-nation:nc-warren-county-2026 (CC-BY-4.0, github.com/mjbommar/moratorium-data-2026)",,,,0,joined,missing,label_false_negative,1
NC,Yadkin County,moratorium,active,1,active,2026-08-17,"moratorium-nation:nc-yadkin-county-2026 (CC-BY-4.0, github.com/mjbommar/moratorium-data-2026)",moratorium,pending,2026-08-19,0,joined,covered_unconfirmed,label_false_negative,1
OH,Fayette County,moratorium,active,1,active,2026-09-21,"moratorium-nation:oh-fayette-county-2026 (CC-BY-4.0, github.com/mjbommar/moratorium-data-2026)",,,,0,joined,missing,label_false_negative,1
SC,Anderson County,moratorium,active,1,active,2026-08-18,"moratorium-nation:sc-anderson-county-2026 (CC-BY-4.0, github.com/mjbommar/moratorium-data-2026)",,,,0,joined,missing,label_false_negative,1
SC,Chester County,moratorium,active,1,active,2026-07-20,"moratorium-nation:sc-chester-county-2026 (CC-BY-4.0, github.com/mjbommar/moratorium-data-2026)",moratorium,pending,2026-06-15,0,joined,covered_unconfirmed,label_false_negative,1
SC,Clarendon County,moratorium,active,1,active,2026-09-14,"moratorium-nation:sc-clarendon-county-2026 (CC-BY-4.0, github.com/mjbommar/moratorium-data-2026)",,,,0,joined,missing,label_false_negative,1
SC,Fairfield County,moratorium,active,1,active,2026-09-14,"moratorium-nation:sc-fairfield-county-2026 (CC-BY-4.0, github.com/mjbommar/moratorium-data-2026)",,,,0,joined,missing,label_false_negative,1
SC,Jasper County,moratorium,active,1,active,2026-09-21,"moratorium-nation:sc-jasper-county-2026 (CC-BY-4.0, github.com/mjbommar/moratorium-data-2026)",,,,0,joined,missing,label_false_negative,1
SC,Kershaw County,moratorium,active,1,active,2026-09-22,"moratorium-nation:sc-kershaw-county-2026 (CC-BY-4.0, github.com/mjbommar/moratorium-data-2026)",,,,0,joined,missing,label_false_negative,1
SC,Laurens County,moratorium,active,1,active,2026-09-14,"moratorium-nation:sc-laurens-county-2026 (CC-BY-4.0, github.com/mjbommar/moratorium-data-2026)",,,,0,joined,missing,label_false_negative,1
SC,Newberry County,moratorium,active,1,active,2026-06-05,"moratorium-nation:sc-newberry-county-2026 (CC-BY-4.0, github.com/mjbommar/moratorium-data-2026)",ban,blocked_confirmed,2026-06-04,1,joined,covered_confirmed,agree,0
SC,Orangeburg County,moratorium,active,1,active,2026-09-08,"moratorium-nation:sc-orangeburg-county-2026 (CC-BY-4.0, github.com/mjbommar/moratorium-data-2026)",moratorium,blocked_unverified,2026-07-23,0,joined,covered_unconfirmed,label_false_negative,1
SC,Spartanburg County,moratorium,active,1,active,2026-09-21,"moratorium-nation:sc-spartanburg-county-2026 (CC-BY-4.0, github.com/mjbommar/moratorium-data-2026)",moratorium,pending,2026-06-22,0,joined,covered_unconfirmed,label_false_negative,1
SC,Sumter County,moratorium,active,1,active,2026-08-11,"moratorium-nation:sc-sumter-county-2026 (CC-BY-4.0, github.com/mjbommar/moratorium-data-2026)",,,,0,joined,missing,label_false_negative,1
TN,Carter County,moratorium,active,1,active,2026-08-17,"moratorium-nation:tn-carter-county-2026 (CC-BY-4.0, github.com/mjbommar/moratorium-data-2026)",,,,0,joined,missing,label_false_negative,1
TN,Cocke County,moratorium,active,1,active,2026-06-15,"moratorium-nation:tn-cocke-county-2026 (CC-BY-4.0, github.com/mjbommar/moratorium-data-2026)",,,,0,joined,missing,label_false_negative,1
TN,Maury County,moratorium,active,1,active,2026-07-20,"moratorium-nation:tn-maury-county-2026 (CC-BY-4.0, github.com/mjbommar/moratorium-data-2026)",,,,0,joined,missing,label_false_negative,1
TN,Moore County,moratorium,active,1,active,2026-04-20,"moratorium-nation:tn-moore-county-2026 (CC-BY-4.0, github.com/mjbommar/moratorium-data-2026)",moratorium,pending,2026-03-01,0,joined,covered_unconfirmed,label_false_negative,1
TN,Rhea County,moratorium,active,1,active,2026-07-21,"moratorium-nation:tn-rhea-county-2026 (CC-BY-4.0, github.com/mjbommar/moratorium-data-2026)",,,,0,joined,missing,label_false_negative,1
TN,Wilson County,moratorium,active,1,active,2026-07-20,"moratorium-nation:tn-wilson-county-2026 (CC-BY-4.0, github.com/mjbommar/moratorium-data-2026)",,,,0,joined,missing,label_false_negative,1
TX,Austin County,moratorium,active,1,active,2026-07-27,"moratorium-nation:tx-austin-county-2026 (CC-BY-4.0, github.com/mjbommar/moratorium-data-2026)",,,,0,joined,missing,label_false_negative,1
UT,Grand County,moratorium,active,1,active,2026-07-07,"moratorium-nation:ut-grand-county-2026 (CC-BY-4.0, github.com/mjbommar/moratorium-data-2026)",moratorium,blocked_confirmed,2026-07-07,1,joined,covered_confirmed,agree,0
UT,Sanpete County,moratorium,active,1,active,2026-08-04,"moratorium-nation:ut-sanpete-county-2026 (CC-BY-4.0, github.com/mjbommar/moratorium-data-2026)",,,,0,joined,missing,label_false_negative,1
VA,Loudoun County,moratorium,active,1,active,2026-09-16,"moratorium-nation:va-loudoun-county-2026 (CC-BY-4.0, github.com/mjbommar/moratorium-data-2026)",conditional_zoning,restricted_conditional,2025-03-01,1,joined,covered_unconfirmed,agree,0
WA,Kittitas County,moratorium,extended,1,extended,2026-08-10,"moratorium-nation:wa-kittitas-county-2026 (CC-BY-4.0, github.com/mjbommar/moratorium-data-2026)",,,,0,joined,missing,label_false_negative,1
WA,Lincoln County,moratorium,active,1,active,2026-09,"moratorium-nation:wa-lincoln-county-2026 (CC-BY-4.0, github.com/mjbommar/moratorium-data-2026)",,,,0,joined,missing,label_false_negative,1
WA,Pierce County,moratorium,active,1,active,2026-08-25,"moratorium-nation:wa-pierce-county-2026 (CC-BY-4.0, github.com/mjbommar/moratorium-data-2026)",,,,0,joined,missing,label_false_negative,1
WA,Skamania County,moratorium,active,1,active,2026-08-18,"moratorium-nation:wa-skamania-county-2026 (CC-BY-4.0, github.com/mjbommar/moratorium-data-2026)",,,,0,joined,missing,label_false_negative,1
WA,Spokane County,moratorium,active,1,active,2026-08-18,"moratorium-nation:wa-spokane-county-2026 (CC-BY-4.0, github.com/mjbommar/moratorium-data-2026)",moratorium,pending,2026-06-15,0,joined,covered_unconfirmed,label_false_negative,1
WA,Yakima County,moratorium,active,1,active,2026-08-11,"moratorium-nation:wa-yakima-county-2026 (CC-BY-4.0, github.com/mjbommar/moratorium-data-2026)",,,,0,joined,missing,label_false_negative,1
WI,Chippewa County,moratorium,active,1,active,2026-08-11,"moratorium-nation:wi-chippewa-county-2026 (CC-BY-4.0, github.com/mjbommar/moratorium-data-2026)",,,,0,joined,missing,label_false_negative,1
WI,Dodge County,moratorium,active,1,active,2026-08-18,"moratorium-nation:wi-dodge-county-2026 (CC-BY-4.0, github.com/mjbommar/moratorium-data-2026)",moratorium,blocked_confirmed,2026-06-22,1,joined,covered_confirmed,agree,0
WI,Door County,moratorium,active,1,active,2026-05-26,"moratorium-nation:wi-door-county-2026 (CC-BY-4.0, github.com/mjbommar/moratorium-data-2026)",,,,0,joined,missing,label_false_negative,1
WI,La Crosse County,moratorium,active,1,active,2026-06-18,"moratorium-nation:wi-la-crosse-county-2026 (CC-BY-4.0, github.com/mjbommar/moratorium-data-2026)",ban,blocked_confirmed,2026-06-18,1,joined,covered_confirmed,agree,0
WI,Marathon County,moratorium,active,1,active,2026-08-25,"moratorium-nation:wi-marathon-county-2026 (CC-BY-4.0, github.com/mjbommar/moratorium-data-2026)",conditional_zoning,restricted_conditional,2026-07-14,1,joined,covered_unconfirmed,agree,0
WI,Oneida County,moratorium,active,1,active,2026-08-18,"moratorium-nation:wi-oneida-county-2026 (CC-BY-4.0, github.com/mjbommar/moratorium-data-2026)",,,,0,joined,missing,label_false_negative,1
WI,Polk County,moratorium,active,1,active,2026-08-18,"moratorium-nation:wi-polk-county-2026 (CC-BY-4.0, github.com/mjbommar/moratorium-data-2026)",,,,0,joined,missing,label_false_negative,1
WI,Sawyer County,moratorium,active,1,active,2026-08,"moratorium-nation:wi-sawyer-county-2026 (CC-BY-4.0, github.com/mjbommar/moratorium-data-2026)",,,,0,joined,missing,label_false_negative,1
WI,St. Croix County,moratorium,active,1,active,2026-09-01,"moratorium-nation:wi-st-croix-county-2026 (CC-BY-4.0, github.com/mjbommar/moratorium-data-2026)",,,,0,joined,missing,label_false_negative,1
WI,Winnebago County,moratorium,active,1,active,2026-08-18,"moratorium-nation:wi-winnebago-county-2026 (CC-BY-4.0, github.com/mjbommar/moratorium-data-2026)",moratorium,pending,2026-06-16,0,joined,covered_unconfirmed,label_false_negative,1
