project_id,project_name,state,county,phase,lifecycle_outcome,n_opposition_events,first_opposition_date,what_to_recover
prj_23,NE Edge Groton Data Center,CT,new london,rejected,blocked_confirmed,2,2022-06-15,"terminal disposition date (vote, withdrawal, or signature), day precision, primary record preferred; append to data/project_decision_dates.csv with source_url"
prj_375,Provident Charleston,IN,porter,withdrawn,blocked_confirmed,2,2024-06-01,"terminal disposition date (vote, withdrawal, or signature), day precision, primary record preferred; append to data/project_decision_dates.csv with source_url"
prj_112,Pavilion Township Data Center,MI,kalamazoo,withdrawn,blocked_confirmed,1,2026-01-01,"terminal disposition date (vote, withdrawal, or signature), day precision, primary record preferred; append to data/project_decision_dates.csv with source_url"
prj_268,Dickson City Data Centers,PA,lackawanna,rejected,blocked_confirmed,1,2026-02-13,"terminal disposition date (vote, withdrawal, or signature), day precision, primary record preferred; append to data/project_decision_dates.csv with source_url"
prj_312,Stonebridge Lawrence Data Center,PA,lawrence,rejected,blocked_confirmed,1,2026-07-16,"terminal disposition date (vote, withdrawal, or signature), day precision, primary record preferred; append to data/project_decision_dates.csv with source_url"
prj_333,Applied Digital Toronto,SD,deuel,rejected,blocked_confirmed,1,2026-01-06,"terminal disposition date (vote, withdrawal, or signature), day precision, primary record preferred; append to data/project_decision_dates.csv with source_url"
prj_335,xAI Colossus 2,TN,shelby,expansion,advanced_confirmed,19,2025-03-04,"terminal disposition date (vote, withdrawal, or signature), day precision, primary record preferred; append to data/project_decision_dates.csv with source_url"
prj_334,xAI Colossus 1,TN,shelby,operational,advanced_confirmed,14,2024-08-26,"terminal disposition date (vote, withdrawal, or signature), day precision, primary record preferred; append to data/project_decision_dates.csv with source_url"
prj_1003,Meta Hyperion,LA,richland,construction,advanced_confirmed,10,2025-04-04,"terminal disposition date (vote, withdrawal, or signature), day precision, primary record preferred; append to data/project_decision_dates.csv with source_url"
prj_240,Meta Bowling Green Data Center,OH,wood,construction,advanced_confirmed,7,2025-04-01,"terminal disposition date (vote, withdrawal, or signature), day precision, primary record preferred; append to data/project_decision_dates.csv with source_url"
prj_151,CoreWeave Kenilworth,NJ,union,construction,advanced_confirmed,6,2025-11-01,"terminal disposition date (vote, withdrawal, or signature), day precision, primary record preferred; append to data/project_decision_dates.csv with source_url"
prj_94,Quantum Frederick,MD,frederick,construction,advanced_confirmed,4,2025-12-24,"terminal disposition date (vote, withdrawal, or signature), day precision, primary record preferred; append to data/project_decision_dates.csv with source_url"
prj_83,PowerHouse Louisville,KY,jefferson,construction,advanced_confirmed,3,2025-09-11,"terminal disposition date (vote, withdrawal, or signature), day precision, primary record preferred; append to data/project_decision_dates.csv with source_url"
prj_182,Rowan County Data Center,NC,rowan,construction,advanced_confirmed,3,2026-03-17,"terminal disposition date (vote, withdrawal, or signature), day precision, primary record preferred; append to data/project_decision_dates.csv with source_url"
prj_44,Microsoft La Porte Data Center,IN,laporte,construction,advanced_confirmed,2,2026-04-13,"terminal disposition date (vote, withdrawal, or signature), day precision, primary record preferred; append to data/project_decision_dates.csv with source_url"
prj_119,Amazon Ridgeland,MS,madison,construction,advanced_confirmed,2,2026-04-09,"terminal disposition date (vote, withdrawal, or signature), day precision, primary record preferred; append to data/project_decision_dates.csv with source_url"
prj_123,xAI MACROHARDRR,MS,bdesoto,construction,advanced_confirmed,2,2026-01-08,"terminal disposition date (vote, withdrawal, or signature), day precision, primary record preferred; append to data/project_decision_dates.csv with source_url"
prj_125,Amazon Madison Mega Site,MS,madison,expansion,advanced_confirmed,2,2026-03-01,"terminal disposition date (vote, withdrawal, or signature), day precision, primary record preferred; append to data/project_decision_dates.csv with source_url"
prj_126,Nebius Independence Hyperscale Campus,MO,jackson,construction,advanced_confirmed,2,2026-01-16,"terminal disposition date (vote, withdrawal, or signature), day precision, primary record preferred; append to data/project_decision_dates.csv with source_url"
prj_205,AWS Hillard Campus,OH,franklin,expansion,advanced_confirmed,2,2026-02-24,"terminal disposition date (vote, withdrawal, or signature), day precision, primary record preferred; append to data/project_decision_dates.csv with source_url"
prj_218,Strata Expanse AI Center of Excellence,OH,lawrence,construction,advanced_confirmed,2,2025-12-01,"terminal disposition date (vote, withdrawal, or signature), day precision, primary record preferred; append to data/project_decision_dates.csv with source_url"
prj_256,PAX – Pennsylvania Digital I,PA,cumberland,construction,advanced_confirmed,2,2026-03-01,"terminal disposition date (vote, withdrawal, or signature), day precision, primary record preferred; append to data/project_decision_dates.csv with source_url"
prj_3,Meta Platforms Montgomery,AL,montgomery,construction,advanced_confirmed,1,2026-03-11,"terminal disposition date (vote, withdrawal, or signature), day precision, primary record preferred; append to data/project_decision_dates.csv with source_url"
prj_5,DC BLOX Birmingham,AL,jefferson,expansion,advanced_confirmed,1,2026-07-13,"terminal disposition date (vote, withdrawal, or signature), day precision, primary record preferred; append to data/project_decision_dates.csv with source_url"
prj_8,Columbiana Mining Facility and Data Center,AL,shelby,construction,advanced_confirmed,1,2026-02-17,"terminal disposition date (vote, withdrawal, or signature), day precision, primary record preferred; append to data/project_decision_dates.csv with source_url"
prj_34,Project Rainier,IN,st. joseph,construction,advanced_confirmed,1,2026-07-08,"terminal disposition date (vote, withdrawal, or signature), day precision, primary record preferred; append to data/project_decision_dates.csv with source_url"
prj_38,Project Louie,IN,morgan,construction,advanced_confirmed,1,2025-07-01,"terminal disposition date (vote, withdrawal, or signature), day precision, primary record preferred; append to data/project_decision_dates.csv with source_url"
prj_45,Project Domino,IN,boone,construction,advanced_confirmed,1,2025-08-01,"terminal disposition date (vote, withdrawal, or signature), day precision, primary record preferred; append to data/project_decision_dates.csv with source_url"
prj_51,Project Zodiac,IN,allen,construction,advanced_confirmed,1,2023-10-01,"terminal disposition date (vote, withdrawal, or signature), day precision, primary record preferred; append to data/project_decision_dates.csv with source_url"
prj_58,Google Council Bluffs,IA,pottawattamie,expansion,advanced_confirmed,1,2026-06-15,"terminal disposition date (vote, withdrawal, or signature), day precision, primary record preferred; append to data/project_decision_dates.csv with source_url"
prj_121,Meridian Compass Data Center,MS,lauderdale,construction,advanced_confirmed,1,2025-12-29,"terminal disposition date (vote, withdrawal, or signature), day precision, primary record preferred; append to data/project_decision_dates.csv with source_url"
prj_124,Taurus Data Center Hub,MS,rankin,construction,advanced_confirmed,1,2025-09-01,"terminal disposition date (vote, withdrawal, or signature), day precision, primary record preferred; append to data/project_decision_dates.csv with source_url"
prj_137,Marshfield Webster Data Center,MO,webster,construction,advanced_confirmed,1,2026-05-11,"terminal disposition date (vote, withdrawal, or signature), day precision, primary record preferred; append to data/project_decision_dates.csv with source_url"
prj_146,DataOne Vineland,NJ,cumberland,construction,advanced_confirmed,1,2025-12-23,"terminal disposition date (vote, withdrawal, or signature), day precision, primary record preferred; append to data/project_decision_dates.csv with source_url"
prj_171,CLT10 Uptown Expansion,NC,mecklenburg,expansion,advanced_confirmed,1,2026-06-08,"terminal disposition date (vote, withdrawal, or signature), day precision, primary record preferred; append to data/project_decision_dates.csv with source_url"
prj_184,AWS Richmond County Campus,NC,richmond,construction,advanced_confirmed,1,2026-09-03,"terminal disposition date (vote, withdrawal, or signature), day precision, primary record preferred; append to data/project_decision_dates.csv with source_url"
prj_195,Polaris Forge 1,ND,dickey,operational,advanced_confirmed,1,2025-08-01,"terminal disposition date (vote, withdrawal, or signature), day precision, primary record preferred; append to data/project_decision_dates.csv with source_url"
prj_197,Polaris Forge 2,ND,cass,construction,advanced_confirmed,1,2025-08-25,"terminal disposition date (vote, withdrawal, or signature), day precision, primary record preferred; append to data/project_decision_dates.csv with source_url"
prj_204,QTS New Albany Campus,OH,licking,construction,advanced_confirmed,1,2026-07-16,"terminal disposition date (vote, withdrawal, or signature), day precision, primary record preferred; append to data/project_decision_dates.csv with source_url"
prj_208,5C Springfield,OH,clark,construction,advanced_confirmed,1,2026-06-16,"terminal disposition date (vote, withdrawal, or signature), day precision, primary record preferred; append to data/project_decision_dates.csv with source_url"
prj_216,Project Cosmos,OH,union,construction,advanced_confirmed,1,2025-09-03,"terminal disposition date (vote, withdrawal, or signature), day precision, primary record preferred; append to data/project_decision_dates.csv with source_url"
prj_254,CoreWeave Lancaster,PA,lancaster,construction,advanced_confirmed,1,2025-10-06,"terminal disposition date (vote, withdrawal, or signature), day precision, primary record preferred; append to data/project_decision_dates.csv with source_url"
prj_276,Project Phoenix,PA,beaver,construction,advanced_confirmed,1,2026-01-28,"terminal disposition date (vote, withdrawal, or signature), day precision, primary record preferred; append to data/project_decision_dates.csv with source_url"
prj_336,Meta Gallatin,TN,sumner,expansion,advanced_confirmed,1,2026-07-29,"terminal disposition date (vote, withdrawal, or signature), day precision, primary record preferred; append to data/project_decision_dates.csv with source_url"
prj_338,RadiusDC Nashville I,TN,davidson,operational,advanced_confirmed,1,2025-09-09,"terminal disposition date (vote, withdrawal, or signature), day precision, primary record preferred; append to data/project_decision_dates.csv with source_url"
prj_349,Monarch Compute Campus and Mountaineer Gigasystem,WV,mason,construction,advanced_confirmed,1,2026-05-24,"terminal disposition date (vote, withdrawal, or signature), day precision, primary record preferred; append to data/project_decision_dates.csv with source_url"
