pk,project_id,name,state,first_operational_seen,date_basis,last_seen_operational
pk_00060,60,Project Alluvion,Iowa,2026-04-23,history_on_or_before,2026-10-03
pk_00063,63,Project Osmium,Iowa,2026-04-23,history_on_or_before,2026-10-03
pk_00189,191,American Tower RA1,North Carolina,2026-04-23,history_on_or_before,2026-10-03
pk_00332,334,xAI Colossus 1,Tennessee,2026-04-23,history_on_or_before,2026-10-03
pk_00134,136,Meta Kansas City,Missouri,2026-05-16,history_first_seen,2026-10-03
pk_00193,195,Polaris Forge 1,North Dakota,2026-06-18,history_first_seen,2026-10-03
pk_00194,196,Atlas Power Williston,North Dakota,2026-06-18,history_first_seen,2026-10-03
pk_00015,15,Prudhoe Bay Data Center,Alaska,2026-09-17,history_first_seen,2026-10-03
pk_00336,338,RadiusDC Nashville I,Tennessee,2026-09-22,history_phase_change,2026-10-03
pk_00397,70,Windstream Dubuque,Iowa,2026-10-01,history_first_seen,2026-10-03
