canonical_id,canonical_name,states,n_variants,n_incidents,variants,flags,n_flags,detail,client_safe
G0001,Michiganders Against Data Centers,MI,1,26,Michiganders Against Data Centers,,0,,1
G0002,Piedmont Environmental Council,VA,1,22,Piedmont Environmental Council,,0,,1
G0003,Sierra Club,CA; GA; IL; LA; NY; OR; TN; US; VA; WA; WV,1,21,Sierra Club,,0,,1
G0004,Earthjustice,CO; LA; MI; MS; MT; TN; TX; US,2,19,EarthJustice; Earthjustice,,0,,1
G0005,Virginia Data Center Reform Coalition,VA,1,18,Virginia Data Center Reform Coalition,,0,,1
G0006,Southern Environmental Law Center,AL; GA; MS; NC; SC; TN; VA,1,17,Southern Environmental Law Center,,0,,1
G0007,Citizens Action Coalition,IN,1,16,Citizens Action Coalition,,0,,1
G0008,Sierra Club Georgia Chapter,GA,1,16,Sierra Club Georgia Chapter,,0,,1
G0009,NAACP,AL; MS; TN,1,15,NAACP,,0,,1
G0010,SELC,TN,1,12,SELC,,0,,1
G0011,Food & Water Watch,MD; NJ; NY; OH; PA; US,1,11,Food & Water Watch,,0,,1
G0012,Great Lakes Neighbors United,WI,1,10,Great Lakes Neighbors United,,0,,1
G0013,Coalition Against Data Centers in South Ohio,OH,1,10,Coalition Against Data Centers in South Ohio,,0,,1
G0014,Stop Saline Data Center,MI,1,10,Stop Saline Data Center,,0,,1
G0015,Minnesota Center for Environmental Advocacy,MN,2,7,Minnesota Center for Environmental Advocacy; Minnesota Center for Environmental Advocacy (MCEA),,0,,1
G0016,Honor the Earth,MT; NY; OK,1,9,Honor the Earth,,0,,1
G0017,Young Gifted & Green,MS; TN,1,9,Young Gifted & Green,,0,,1
G0018,Rural Michigan Defense Fund,MI,1,9,Rural Michigan Defense Fund,,0,,1
G0019,Economic Development Responsibility Alliance of Michigan,MI,1,8,Economic Development Responsibility Alliance of Michigan,,0,,1
G0020,Better Path Coalition,PA,1,8,Better Path Coalition,,0,,1
G0021,Coalition to Protect Prince William County,VA,1,8,Coalition to Protect Prince William County,,0,,1
G0022,MCAP,TN,1,8,MCAP,,0,,1
G0023,Alliance for Affordable Energy,LA,1,7,Alliance for Affordable Energy,,0,,1
G0024,Union of Concerned Scientists,LA,1,7,Union of Concerned Scientists,,0,,1
G0025,NRDC,CO; DC; MI; US,1,7,NRDC,,0,,1
G0026,Montana Environmental Information Center,MT,2,6,Montana Environmental Information Center; Montana Environmental Information Center (MEIC),,0,,1
G0027,Economic Development Responsibility Alliance of Michigan (EDRA of MI),MI,1,6,Economic Development Responsibility Alliance of Michigan (EDRA of MI),,0,,1
G0028,Sierra Club Michigan,MI,1,6,Sierra Club Michigan,,0,,1
G0029,Sierra Club Delta Chapter,DE; LA,2,6,Sierra Club Delaware Chapter; Sierra Club Delta Chapter,cross_state_merge,1,'Sierra Club Delaware Chapter' and 'Sierra Club Delta Chapter' merged across DE; LA,0
G0030,Science for Georgia,GA,1,5,Science for Georgia,,0,,1
G0031,Columbia Riverkeeper,OR; WA,1,5,Columbia Riverkeeper,,0,,1
G0032,NW Energy Coalition,MT; WA,1,5,NW Energy Coalition,,0,,1
G0033,West Virginia Highlands Conservancy,WV,1,5,West Virginia Highlands Conservancy,,0,,1
G0034,Public Citizen Texas,TX,2,4,Public Citizen (Texas); Public Citizen Texas,degenerate_rate,1,n_incidents=4 below floor 5,0
G0035,Citizens for Fauquier County,VA,1,5,Citizens for Fauquier County,,0,,1
G0036,Protect Fauquier,VA,1,5,Protect Fauquier,,0,,1
G0037,FLX Strong,NY,1,5,FLX Strong,,0,,1
G0038,Party for Socialism and Liberation (PSL),GA; MD; WI,3,5,Party for Socialism and Liberation; Party for Socialism and Liberation (PSL); Party for Socialism and Liberation DC,cross_state_merge,1,'Party for Socialism and Liberation' and 'Party for Socialism and Liberation (PSL)' merged across GA; MD; WI,0
G0039,Citizens Utility Board of Michigan,MI,1,5,Citizens Utility Board of Michigan,,0,,1
G0040,Clean Wisconsin,WI,1,5,Clean Wisconsin,,0,,1
G0041,Concerned Citizens of Montour County,PA,1,5,Concerned Citizens of Montour County,,0,,1
G0042,Safe and Sound Coalition,MS,1,5,Safe and Sound Coalition,,0,,1
G0043,MountainTrue,NC,1,4,MountainTrue,degenerate_rate,1,n_incidents=4 below floor 5,0
G0044,Sierra Club Virginia Chapter,VA,1,4,Sierra Club Virginia Chapter,,0,,1
G0045,No Desert Data Center Coalition,AZ,2,3,No Desert Data Center; No Desert Data Center Coalition,suffix_merge; degenerate_rate,2,'No Desert Data Center' and 'No Desert Data Center Coalition' merge only once the form word is stripped; n_incidents=3 below floor 5,0
G0046,Coalition for Responsible Data Center Development,MN,1,4,Coalition for Responsible Data Center Development,degenerate_rate,1,n_incidents=4 below floor 5,0
G0047,NC Environmental Justice Network,NC,1,4,NC Environmental Justice Network,,0,,1
G0048,Big Sky 55+,MT,1,4,Big Sky 55+,,0,,1
G0049,Golden Triangle Resource Council,MT,1,4,Golden Triangle Resource Council,,0,,1
G0050,Protect Fredonia Coalition,WI,1,4,Protect Fredonia Coalition,degenerate_rate,1,n_incidents=4 below floor 5,0
G0051,Sustainable Finger Lakes,NY,1,4,Sustainable Finger Lakes,,0,,1
G0052,No Data Center FLX,NY,1,4,No Data Center FLX,,0,,1
G0053,Mason County residents,AL; KY; SC,4,4,Madison County residents; Marion County residents; Mason County residents; Simpson County residents,cross_state_merge; placeholder; degenerate_rate,3,"'Madison County residents' and 'Marion County residents' merged across AL; KY; SC; descriptive label, not a named organization; n_incidents=4 below floor 5",0
G0054,Center for Coalfield Justice,PA,1,4,Center for Coalfield Justice,,0,,1
G0055,Butte Watchdogs for Social and Environmental Justice,MT,1,4,Butte Watchdogs for Social and Environmental Justice,,0,,1
G0056,Climate Smart Missoula,MT,1,4,Climate Smart Missoula,,0,,1
G0057,Protect Pickaway Alliance,OH,1,4,Protect Pickaway Alliance,degenerate_rate,1,n_incidents=4 below floor 5,0
G0058,Wood County Residents Against Data Centers,KY; MN; NC; OH,4,4,Meade County Residents Against Data Centers; Nobles County Residents Against Data Centers; Rowan County Residents Against Data Centers; Wood County Residents Against Data Centers,cross_state_merge,1,'Meade County Residents Against Data Centers' and 'Nobles County Residents Against Data Centers' merged across KY; MN; NC; OH,0
G0059,Michigan Environmental Council,MI,1,4,Michigan Environmental Council,degenerate_rate,1,n_incidents=4 below floor 5,0
G0060,Alliance to Stop the Line,PA,1,4,Alliance to Stop the Line,,0,,1
G0061,Michigan Economic Development Responsibility Alliance,MI,1,4,Michigan Economic Development Responsibility Alliance,degenerate_rate,1,n_incidents=4 below floor 5,0
G0062,Sierra Club Wisconsin,WI,1,4,Sierra Club Wisconsin,degenerate_rate,1,n_incidents=4 below floor 5,0
G0063,Friends of the Columbia Gorge,OR,1,3,Friends of the Columbia Gorge,degenerate_rate,1,n_incidents=3 below floor 5,0
G0064,Tonawanda Seneca Nation,NY,1,3,Tonawanda Seneca Nation,,0,,1
G0065,Stop Data Colonialism,NY; OK,1,3,Stop Data Colonialism,degenerate_rate,1,n_incidents=3 below floor 5,0
G0066,Sierra Club Toiyabe Chapter,NV,1,3,Sierra Club Toiyabe Chapter,degenerate_rate,1,n_incidents=3 below floor 5,0
G0067,Arkansas Grass Roots United,AR,1,3,Arkansas Grass Roots United,degenerate_rate,1,n_incidents=3 below floor 5,0
G0068,Stop the Data Center,MI,1,3,Stop the Data Center,degenerate_rate,1,n_incidents=3 below floor 5,0
G0069,Oregon Citizens Utility Board,OR,3,2,Oregon Citizens Utility Board; Oregon Citizens Utility Board (CUB); Oregon Citizens' Utility Board (CUB),,0,,1
G0070,Missouri Coalition for the Environment,MO,1,3,Missouri Coalition for the Environment,degenerate_rate,1,n_incidents=3 below floor 5,0
G0071,Protect Augusta Charter Township (PACT),MI,1,3,Protect Augusta Charter Township (PACT),degenerate_rate,1,n_incidents=3 below floor 5,0
G0072,Protect Wake County Coalition,NC,1,3,Protect Wake County Coalition,degenerate_rate,1,n_incidents=3 below floor 5,0
G0073,Protect Our Aquifer,TN,1,3,Protect Our Aquifer,,0,,1
G0074,Boxtown Neighborhood Association,TN,1,3,Boxtown Neighborhood Association,degenerate_rate,1,n_incidents=3 below floor 5,0
G0075,No Data Centers in Ozaukee County,WI,1,3,No Data Centers in Ozaukee County,degenerate_rate,1,n_incidents=3 below floor 5,0
G0076,New Mexico Environmental Law Center,NM,1,3,New Mexico Environmental Law Center,degenerate_rate,1,n_incidents=3 below floor 5,0
G0077,Troup County Anti-Data Center Coalition,GA,1,3,Troup County Anti-Data Center Coalition,,0,,1
G0078,Save Carbon County,PA,1,3,Save Carbon County,,0,,1
G0079,Cayuga Lake Environmental Action Now (CLEAN),NY,1,3,Cayuga Lake Environmental Action Now (CLEAN),,0,,1
G0080,No Data Centers in Jones County,GA; NC,3,2,No Data Center in Jones County GA; No Data Centers in Jones County; No Data Centers in Stokes County,cross_state_merge; degenerate_rate,2,'No Data Center in Jones County GA' and 'No Data Centers in Jones County' merged across GA; NC; n_incidents=2 below floor 5,0
G0081,Save Pennsylvania (NCDC),PA,2,2,Save Pennsylvania (NCDC); Save Pennsylvania: By NCDC,degenerate_rate,1,n_incidents=2 below floor 5,0
G0082,Responsible Energy Alliance,WI,1,3,Responsible Energy Alliance,,0,,1
G0083,Fayetteville Freedom for All,GA; NC,1,3,Fayetteville Freedom for All,,0,,1
G0084,Stop Project Baccara,AZ,2,2,Stop Project Baccara; Stop Project Baccara Coalition,suffix_merge; degenerate_rate,2,'Stop Project Baccara' and 'Stop Project Baccara Coalition' merge only once the form word is stripped; n_incidents=2 below floor 5,0
G0085,Helena Interfaith Climate Advocates,MT,1,3,Helena Interfaith Climate Advocates,,0,,1
G0086,Montana Public Interest Research Group,MT,1,3,Montana Public Interest Research Group,,0,,1
G0087,Pinelands Alliance,NJ,1,3,Pinelands Alliance,degenerate_rate,1,n_incidents=3 below floor 5,0
G0088,Frederick County Data Center Referendum Committee,MD,1,3,Frederick County Data Center Referendum Committee,degenerate_rate,1,n_incidents=3 below floor 5,0
G0089,EDRA of MI,MI,1,3,EDRA of MI,degenerate_rate,1,n_incidents=3 below floor 5,0
G0090,Clean Water for North Carolina,NC,1,3,Clean Water for North Carolina,degenerate_rate,1,n_incidents=3 below floor 5,0
G0091,Center for Biological Diversity,AL; NV; US,1,3,Center for Biological Diversity,degenerate_rate,1,n_incidents=3 below floor 5,0
G0092,WaterWatch of Oregon,OR,1,3,WaterWatch of Oregon,,0,,1
G0093,Stop the AI Data Center in Independence,MO,1,3,Stop the AI Data Center in Independence,degenerate_rate,1,n_incidents=3 below floor 5,0
G0094,Southern Environmental Law Center (SELC),GA; SC,1,3,Southern Environmental Law Center (SELC),degenerate_rate,1,n_incidents=3 below floor 5,0
G0095,Hoosier Action,IN,1,3,Hoosier Action,,0,,1
G0096,Stop Hanover Data Centers,VA,2,2,Stop Hanover Data Center VA; Stop Hanover Data Centers,degenerate_rate,1,n_incidents=2 below floor 5,0
G0097,Delaware Sierra Club,DE,1,3,Delaware Sierra Club,,0,,1
G0098,DE-CLEAR,DE,1,3,DE-CLEAR,,0,,1
G0099,Protect the Paluxy Valley,TX,3,2,"Protect The Paluxy Valley Inc; Protect The Paluxy Valley, Inc; Protect the Paluxy Valley",degenerate_rate,1,n_incidents=2 below floor 5,0
G0100,River Alliance of Wisconsin,WI,1,3,River Alliance of Wisconsin,degenerate_rate,1,n_incidents=3 below floor 5,0
G0101,Citizens Action Coalition of Indiana,IN,2,3,Citizens Action Coalition Indiana; Citizens Action Coalition of Indiana,degenerate_rate,1,n_incidents=3 below floor 5,0
G0102,Appalachian Voices,VA,1,3,Appalachian Voices,,0,,1
G0103,Ohioans for Responsible Development,OH,1,3,Ohioans for Responsible Development,degenerate_rate,1,n_incidents=3 below floor 5,0
G0104,FracTracker Alliance,PA,1,3,FracTracker Alliance,,0,,1
G0105,Mishicot-area residents and family farms (ad hoc coalition),WI,1,3,Mishicot-area residents and family farms (ad hoc coalition),placeholder,1,"descriptive label, not a named organization",0
G0106,Lyon County residents (ad hoc),GA; IL; NV,3,3,Early County residents (ad hoc); Logan County residents (ad hoc); Lyon County residents (ad hoc),cross_state_merge; placeholder; degenerate_rate,3,"'Early County residents (ad hoc)' and 'Logan County residents (ad hoc)' merged across GA; IL; NV; descriptive label, not a named organization; n_incidents=3 below floor 5",0
G0107,Save Bren Mar Coalition,VA,1,2,Save Bren Mar Coalition,degenerate_rate,1,n_incidents=2 below floor 5,0
G0108,Sierra Club New Jersey Chapter,NJ,2,2,Sierra Club (New Jersey Chapter); Sierra Club New Jersey Chapter,degenerate_rate,1,n_incidents=2 below floor 5,0
G0109,WV Citizen Action Group,WV,2,2,WV Citizen Action Group; WV Citizens Action Group,degenerate_rate,1,n_incidents=2 below floor 5,0
G0110,New Market Village residents,VA,1,2,New Market Village residents,placeholder,1,"descriptive label, not a named organization",0
G0111,Save Hancock County,IN,1,2,Save Hancock County,degenerate_rate,1,n_incidents=2 below floor 5,0
G0112,We Are Oldham County,KY,1,2,We Are Oldham County,,0,,1
G0113,Climate Solutions,OR,1,2,Climate Solutions,,0,,1
G0114,Protect Morgan County,IN,2,1,Protect Morgan County; Protect Morgan County IN,degenerate_rate,1,n_incidents=1 below floor 5,0
G0115,Stop the Data Center Construction in Perry Township,OH,1,2,Stop the Data Center Construction in Perry Township,degenerate_rate,1,n_incidents=2 below floor 5,0
G0116,Great Rivers Habitat Alliance,AL; MO,1,2,Great Rivers Habitat Alliance,degenerate_rate,1,n_incidents=2 below floor 5,0
G0117,Missouri Workers Center,MO,1,2,Missouri Workers Center,degenerate_rate,1,n_incidents=2 below floor 5,0
G0118,Sierra Club St. Louis,MO,1,2,Sierra Club St. Louis,degenerate_rate,1,n_incidents=2 below floor 5,0
G0119,Wake Up Jeffco,MO,1,2,Wake Up Jeffco,degenerate_rate,1,n_incidents=2 below floor 5,0
G0120,No Data Center in Festus,MO,1,2,No Data Center in Festus,degenerate_rate,1,n_incidents=2 below floor 5,0
G0121,No Data Center Festus MO,MO,1,2,No Data Center Festus MO,degenerate_rate,1,n_incidents=2 below floor 5,0
G0122,Alabama Rivers Alliance,AL,1,2,Alabama Rivers Alliance,degenerate_rate,1,n_incidents=2 below floor 5,0
G0123,The Alaska Center,AK,1,2,The Alaska Center,degenerate_rate,1,n_incidents=2 below floor 5,0
G0124,Empowerment Congress of Doña Ana County,NM,1,2,Empowerment Congress of Doña Ana County,degenerate_rate,1,n_incidents=2 below floor 5,0
G0125,Sierra Club Rio Grande Chapter,NM; US,1,2,Sierra Club Rio Grande Chapter,degenerate_rate,1,n_incidents=2 below floor 5,0
G0126,Renew DeKalb,GA,2,2,Renew DeKalb; Renew DeKalb Inc,suffix_merge; degenerate_rate,2,'Renew DeKalb' and 'Renew DeKalb Inc' merge only once the form word is stripped; n_incidents=2 below floor 5,0
G0127,No Data Center in Landover,MD,2,1,No Data Center in Landover; No Data Center in Landover coalition,suffix_merge,1,'No Data Center in Landover' and 'No Data Center in Landover coalition' merge only once the form word is stripped,0
G0128,Edgecombe Neighbors for Data Center Accountability,NC,1,2,Edgecombe Neighbors for Data Center Accountability,,0,,1
G0129,Protect Franklin Township,IN,1,2,Protect Franklin Township,degenerate_rate,1,n_incidents=2 below floor 5,0
G0130,HALT Taylor Data Centers,TX,2,2,HALT Taylor Data Centers; Halt Taylor Data Centers Coalition,suffix_merge; degenerate_rate,2,'HALT Taylor Data Centers' and 'Halt Taylor Data Centers Coalition' merge only once the form word is stripped; n_incidents=2 below floor 5,0
G0131,No Data Centers Hobart Indiana,IN,1,2,No Data Centers Hobart Indiana,,0,,1
G0132,Delaware Riverkeeper Network,PA,1,2,Delaware Riverkeeper Network,degenerate_rate,1,n_incidents=2 below floor 5,0
G0133,No Conshy Data Centers,PA,1,2,No Conshy Data Centers,degenerate_rate,1,n_incidents=2 below floor 5,0
G0134,Concerned Clifton Citizens,PA,1,2,Concerned Clifton Citizens,,0,,1
G0135,West Shreveport neighborhood residents,LA,1,2,West Shreveport neighborhood residents,placeholder; degenerate_rate,2,"descriptive label, not a named organization; n_incidents=2 below floor 5",0
G0136,Coalition of Little Rock Neighborhoods,AR,1,2,Coalition of Little Rock Neighborhoods,degenerate_rate,1,n_incidents=2 below floor 5,0
G0137,Stop Project Nova,WI,1,2,Stop Project Nova,degenerate_rate,1,n_incidents=2 below floor 5,0
G0138,Stop Archbald Data Centers,PA,1,2,Stop Archbald Data Centers,degenerate_rate,1,n_incidents=2 below floor 5,0
G0139,York County Citizens for Responsible Growth,SC; UT,2,2,Iron County Citizens for Responsible Growth; York County Citizens for Responsible Growth,cross_state_merge; degenerate_rate,2,'Iron County Citizens for Responsible Growth' and 'York County Citizens for Responsible Growth' merged across SC; UT; n_incidents=2 below floor 5,0
G0140,Fayetteville Rising Against Data Centers,GA; NC,2,2,Fayetteville Residents Against Data Centers; Fayetteville Rising Against Data Centers,cross_state_merge,1,'Fayetteville Residents Against Data Centers' and 'Fayetteville Rising Against Data Centers' merged across GA; NC,0
G0141,Wilmington Residents for Responsible Development (WRRD),OH,1,2,Wilmington Residents for Responsible Development (WRRD),degenerate_rate,1,n_incidents=2 below floor 5,0
G0142,Save High Falls Lake,GA,1,2,Save High Falls Lake,degenerate_rate,1,n_incidents=2 below floor 5,0
G0143,Stop the Data Center on Taylor Lane,TX,1,2,Stop the Data Center on Taylor Lane,,0,,1
G0144,No Janesville Data Center,WI,1,2,No Janesville Data Center,,0,,1
G0145,Citizens for Responsible Economic Development,IN,2,1,Citizens for Responsible Economic Development; Citizens for Responsible Economic Development (CRED),,0,,1
G0146,Coastal Conservation League,SC,1,2,Coastal Conservation League,,0,,1
G0147,Sugarloaf Alliance,MD,1,2,Sugarloaf Alliance,,0,,1
G0148,Envision Frederick County,MD,1,2,Envision Frederick County,placeholder,1,"descriptive label, not a named organization",0
G0149,No Data Center in DeForest,WI,1,2,No Data Center in DeForest,degenerate_rate,1,n_incidents=2 below floor 5,0
G0150,GASP (Greater Birmingham Alliance to Stop Pollution),AL,2,1,GASP (Greater Birmingham Alliance to Stop Pollution); GASP (Greater-Birmingham Alliance to Stop Pollution),degenerate_rate,1,n_incidents=1 below floor 5,0
G0151,Black Warrior Riverkeeper,AL,1,2,Black Warrior Riverkeeper,degenerate_rate,1,n_incidents=2 below floor 5,0
G0152,Stop Washington Township Data Center,MI,1,2,Stop Washington Township Data Center,degenerate_rate,1,n_incidents=2 below floor 5,0
G0153,Protect Sand Springs Alliance,OK,1,2,Protect Sand Springs Alliance,degenerate_rate,1,n_incidents=2 below floor 5,0
G0154,Oregon Wild,OR,1,2,Oregon Wild,,0,,1
G0155,Native Fish Society,OR,1,2,Native Fish Society,,0,,1
G0156,Georgia Interfaith Power & Light,GA,1,2,Georgia Interfaith Power & Light,degenerate_rate,1,n_incidents=2 below floor 5,0
G0157,Troy Residents for Responsible Growth,IL,1,2,Troy Residents for Responsible Growth,degenerate_rate,1,n_incidents=2 below floor 5,0
G0158,Conservation Colorado,CO,1,2,Conservation Colorado,,0,,1
G0159,Franklin Citizens for Responsible Development,KY,2,2,Franklin Citizens for Responsible Development; Franklin Citizens for Responsible Development Inc,,0,,1
G0160,Deep South Center for Environmental Justice,LA,2,1,Deep South Center for Environmental Justice; Deep South Center for Environmental Justice (DSCEJ),degenerate_rate,1,n_incidents=1 below floor 5,0
G0161,Goochland Residents Alliance,VA,2,2,Goochland Residents Alliance; Goochland residents coalition,suffix_merge; degenerate_rate,2,'Goochland Residents Alliance' and 'Goochland residents coalition' merge only once the form word is stripped; n_incidents=2 below floor 5,0
G0162,Hanover County residents,VA,1,2,Hanover County residents,placeholder; degenerate_rate,2,"descriptive label, not a named organization; n_incidents=2 below floor 5",0
G0163,Goochland County residents,VA,1,2,Goochland County residents,placeholder; degenerate_rate,2,"descriptive label, not a named organization; n_incidents=2 below floor 5",0
G0164,Sugarloaf Citizens Association,MD,1,2,Sugarloaf Citizens Association,,0,,1
G0165,Stop MPRP,MD,1,2,Stop MPRP,,0,,1
G0166,Dakota Rural Action,SD,1,2,Dakota Rural Action,degenerate_rate,1,n_incidents=2 below floor 5,0
G0167,Tucker United,WV,1,2,Tucker United,,0,,1
G0168,No Data Centers in the Driftless,WI,1,2,No Data Centers in the Driftless,,0,,1
G0169,Western Resource Advocates,CO,1,2,Western Resource Advocates,,0,,1
G0170,Keyser Valley Neighborhood Association,PA,1,2,Keyser Valley Neighborhood Association,,0,,1
G0171,Ohio Consumers' Counsel,OH,1,2,Ohio Consumers' Counsel,,0,,1
G0172,Lowndes Citizens Against Data Centers,GA,2,1,Lowndes Citizens Against Data Centers; Lowndes Citizens Against Data Centers (LCAD),,0,,1
G0173,WWALS Watershed Coalition,GA,1,2,WWALS Watershed Coalition,degenerate_rate,1,n_incidents=2 below floor 5,0
G0174,WWALS Watershed Coalition (Suwannee Riverkeeper),GA,1,2,WWALS Watershed Coalition (Suwannee Riverkeeper),degenerate_rate,1,n_incidents=2 below floor 5,0
G0175,Climate Revolution Action Network,NJ,2,2,Climate Revolution Action Network; Climate Revolution Action Network NJ,,0,,1
G0176,Shreveport residents,LA,1,2,Shreveport residents,placeholder,1,"descriptive label, not a named organization",0
G0177,Caddo Lake Institute,LA,1,2,Caddo Lake Institute,degenerate_rate,1,n_incidents=2 below floor 5,0
G0178,South Carolina Community Rights Coalition,SC,1,2,South Carolina Community Rights Coalition,,0,,1
G0179,No Data Centers in Spartanburg,SC,2,1,No Data Centers in Spartanburg; No Data Centers in Spartanburg SC,degenerate_rate,1,n_incidents=1 below floor 5,0
G0180,National Parks Conservation Association,GA; VA,1,2,National Parks Conservation Association,,0,,1
G0181,"No Data Centers, Fulton County",IN,2,1,"No Data Centers Fulton County IN; No Data Centers, Fulton County",degenerate_rate,1,n_incidents=1 below floor 5,0
G0182,Northern Alaska Environmental Center,AK,1,2,Northern Alaska Environmental Center,,0,,1
G0183,Alaska Public Interest Research Group,AK,1,2,Alaska Public Interest Research Group,,0,,1
G0184,Oakley Community Alliance,CA,1,2,Oakley Community Alliance,degenerate_rate,1,n_incidents=2 below floor 5,0
G0185,Natural Resources Council of Maine,ME,2,2,Natural Resources Council of Maine; Natural Resources Council of Maine (NRCM),degenerate_rate,1,n_incidents=2 below floor 5,0
G0186,Franklin County Rural Coalition,MO,1,2,Franklin County Rural Coalition,,0,,1
G0187,Osawatomie Residents Concerned About Data Centers,KS; TX,2,2,Osawatomie Residents Concerned About Data Centers; San Antonio Residents Concerned About Data Centers,cross_state_merge,1,'Osawatomie Residents Concerned About Data Centers' and 'San Antonio Residents Concerned About Data Centers' merged across KS; TX,0
G0188,Block Project Steel and Project Cardinal,IL,1,2,Block Project Steel and Project Cardinal,degenerate_rate,1,n_incidents=2 below floor 5,0
G0189,Sierra Club Michigan Chapter,MI,1,2,Sierra Club Michigan Chapter,,0,,1
G0190,Good Jobs First,VA; WI,1,2,Good Jobs First,degenerate_rate,1,n_incidents=2 below floor 5,0
G0191,Joliet Residents Against Data Centers,IL; NY,2,2,Joliet Residents Against Data Centers; Oneonta Residents Against Data Centers,cross_state_merge; degenerate_rate,2,'Joliet Residents Against Data Centers' and 'Oneonta Residents Against Data Centers' merged across IL; NY; n_incidents=2 below floor 5,0
G0192,Honest Future for Lowell,MA,1,2,Honest Future for Lowell,degenerate_rate,1,n_incidents=2 below floor 5,0
G0193,American Battlefield Trust,VA,1,2,American Battlefield Trust,degenerate_rate,1,n_incidents=2 below floor 5,0
G0194,Wyoming Outdoor Council,WY,1,2,Wyoming Outdoor Council,,0,,1
G0195,Archbald Neighborhood Association,PA,1,2,Archbald Neighborhood Association,,0,,1
G0196,Protect Frenchtown,MI,2,1,Protect Frenchtown; Protect Frenchtown MI,,0,,1
G0197,Adams County for Responsible Development,OH,1,2,Adams County for Responsible Development,degenerate_rate,1,n_incidents=2 below floor 5,0
G0198,Michigan Sierra Club,MI,1,2,Michigan Sierra Club,degenerate_rate,1,n_incidents=2 below floor 5,0
G0199,Midwest Environmental Advocates,WI,1,2,Midwest Environmental Advocates,degenerate_rate,1,n_incidents=2 below floor 5,0
G0200,Spring Creek Road Residents,TN,1,1,Spring Creek Road Residents,degenerate_rate,1,n_incidents=1 below floor 5,0
G0201,Groton Open Space Association,CT,1,1,Groton Open Space Association,,0,,1
G0202,Groton Conservation Advocates,CT,1,1,Groton Conservation Advocates,,0,,1
G0203,Secure Arkansas,AR,1,1,Secure Arkansas,degenerate_rate,1,n_incidents=1 below floor 5,0
G0204,Concerned Citizens of Waterford and East Lyme (CCWEL),CT,1,1,Concerned Citizens of Waterford and East Lyme (CCWEL),,0,,1
G0205,Adair County Residents (ad hoc),IA,1,1,Adair County Residents (ad hoc),,0,,1
G0206,City of Goodyear (official opposition),AZ,1,1,City of Goodyear (official opposition),degenerate_rate,1,n_incidents=1 below floor 5,0
G0207,City of Buckeye (official opposition),AZ,1,1,City of Buckeye (official opposition),degenerate_rate,1,n_incidents=1 below floor 5,0
G0208,Buckeye Residents Against Data Centers,AZ,1,1,Buckeye Residents Against Data Centers,degenerate_rate,1,n_incidents=1 below floor 5,0
G0209,Stop Duneland and Valpo/Wheeler Data Centers,IN,1,1,Stop Duneland and Valpo/Wheeler Data Centers,degenerate_rate,1,n_incidents=1 below floor 5,0
G0210,Rose Hill Coalition,VA,1,1,Rose Hill Coalition,,0,,1
G0211,Bren Pointe HOA,VA,1,1,Bren Pointe HOA,,0,,1
G0212,Thorndale residents,TX,1,1,Thorndale residents,placeholder,1,"descriptive label, not a named organization",0
G0213,Don't Dump Data in Peculiar,MO,1,1,Don't Dump Data in Peculiar,,0,,1
G0214,DeLuca Preserve Conservation Advocates,FL,1,1,DeLuca Preserve Conservation Advocates,,0,,1
G0215,Gilmer County Citizens Against Crypto Mining,GA,1,1,Gilmer County Citizens Against Crypto Mining,,0,,1
G0216,National Coalition Against Cryptomining,GA,1,1,National Coalition Against Cryptomining,,0,,1
G0217,Gilmer County Citizens Against AI Data Centers,GA,1,1,Gilmer County Citizens Against AI Data Centers,,0,,1
G0218,Conservation Law Foundation,MA,1,1,Conservation Law Foundation,,0,,1
G0219,Alternatives for Community and Environment,MA,1,1,Alternatives for Community and Environment,,0,,1
G0220,Arizona Center for Law in the Public Interest,AZ,1,1,Arizona Center for Law in the Public Interest,degenerate_rate,1,n_incidents=1 below floor 5,0
G0221,Coalition for Sonoran Desert Protection,AZ,1,1,Coalition for Sonoran Desert Protection,degenerate_rate,1,n_incidents=1 below floor 5,0
G0222,Oliver County residents,ND,1,1,Oliver County residents,placeholder; degenerate_rate,2,"descriptive label, not a named organization; n_incidents=1 below floor 5",0
G0223,Weston Gardens,TX,1,1,Weston Gardens,,0,,1
G0224,Fort Worth residents,TX,1,1,Fort Worth residents,placeholder,1,"descriptive label, not a named organization",0
G0225,2871 Community Coalition,TX,1,1,2871 Community Coalition,,0,,1
G0226,Chapel Creek Neighborhood Association,TX,1,1,Chapel Creek Neighborhood Association,,0,,1
G0227,MediaJustice,TX,1,1,MediaJustice,degenerate_rate,1,n_incidents=1 below floor 5,0
G0228,Sierra Club Toiyabe,NV,1,1,Sierra Club Toiyabe,degenerate_rate,1,n_incidents=1 below floor 5,0
G0229,Friends of the Mississippi River,MN,1,1,Friends of the Mississippi River,degenerate_rate,1,n_incidents=1 below floor 5,0
G0230,CURE,MN,1,1,CURE,degenerate_rate,1,n_incidents=1 below floor 5,0
G0231,Workers Strike Back,MN,1,1,Workers Strike Back,degenerate_rate,1,n_incidents=1 below floor 5,0
G0232,Coalition for Responsible Data Center Planning,MN,1,1,Coalition for Responsible Data Center Planning,degenerate_rate,1,n_incidents=1 below floor 5,0
G0233,Alliance for Sustainability,MN,1,1,Alliance for Sustainability,degenerate_rate,1,n_incidents=1 below floor 5,0
G0234,Sierra Club Northstar Chapter,MN,1,1,Sierra Club Northstar Chapter,degenerate_rate,1,n_incidents=1 below floor 5,0
G0235,CURE (Clean Up the River Environment),MN,1,1,CURE (Clean Up the River Environment),degenerate_rate,1,n_incidents=1 below floor 5,0
G0236,Sierra Club Niagara Group,NY,1,1,Sierra Club Niagara Group,,0,,1
G0237,Western New York Environmental Alliance (ReThink STAMP),NY,1,1,Western New York Environmental Alliance (ReThink STAMP),,0,,1
G0238,Loudoun Climate Project,VA,1,1,Loudoun Climate Project,,0,,1
G0239,Kootenai County residents,ID,1,1,Kootenai County residents,placeholder,1,"descriptive label, not a named organization",0
G0240,Faulkner County League of Women Voters,AR,1,1,Faulkner County League of Women Voters,degenerate_rate,1,n_incidents=1 below floor 5,0
G0241,People's Action,WV,1,1,People's Action,,0,,1
G0242,Chesapeake Climate Action Network,WV,1,1,Chesapeake Climate Action Network,,0,,1
G0243,Data Center Reform Coalition,WV,1,1,Data Center Reform Coalition,,0,,1
G0244,Cold Springs Residents Against Rezoning,NV,1,1,Cold Springs Residents Against Rezoning,degenerate_rate,1,n_incidents=1 below floor 5,0
G0245,CURE MN,MN,1,1,CURE MN,,0,,1
G0246,Varina community residents,VA,1,1,Varina community residents,placeholder,1,"descriptive label, not a named organization",0
G0247,Eagle Mountain residents,UT,1,1,Eagle Mountain residents,placeholder; degenerate_rate,2,"descriptive label, not a named organization; n_incidents=1 below floor 5",0
G0248,Cherokee County residents,SC,1,1,Cherokee County residents,placeholder; degenerate_rate,2,"descriptive label, not a named organization; n_incidents=1 below floor 5",0
G0249,Oakland University Student Congress,MI,1,1,Oakland University Student Congress,,0,,1
G0250,Teays Valley Against Overgrowth,OH,1,1,Teays Valley Against Overgrowth,,0,,1
G0251,Millard County Residents Against Solar Farm,UT,1,1,Millard County Residents Against Solar Farm,degenerate_rate,1,n_incidents=1 below floor 5,0
G0252,Johnson City residents,TN,1,1,Johnson City residents,placeholder; degenerate_rate,2,"descriptive label, not a named organization; n_incidents=1 below floor 5",0
G0253,Washington County Democratic Party,TN,1,1,Washington County Democratic Party,degenerate_rate,1,n_incidents=1 below floor 5,0
G0254,Residents Against the Etheridge Lakes Data Center,VA,1,1,Residents Against the Etheridge Lakes Data Center,,0,,1
G0255,Citizens for Fauquier County (CFFC),VA,1,1,Citizens for Fauquier County (CFFC),,0,,1
G0256,Stop Gilroy Data Center,CA,1,1,Stop Gilroy Data Center,degenerate_rate,1,n_incidents=1 below floor 5,0
G0257,Mesa residents,AZ,1,1,Mesa residents,placeholder,1,"descriptive label, not a named organization",0
G0258,Arizona Chapter of 7x24 Exchange (industry opposition to restrictions),AZ,1,1,Arizona Chapter of 7x24 Exchange (industry opposition to restrictions),,0,,1
G0259,MontPIRG,MT,1,1,MontPIRG,,0,,1
G0260,Good Government Committee,MO,1,1,Good Government Committee,degenerate_rate,1,n_incidents=1 below floor 5,0
G0261,St. Charles Residents Against Project Cumulus,MO,1,1,St. Charles Residents Against Project Cumulus,degenerate_rate,1,n_incidents=1 below floor 5,0
G0262,NAACP (Alabama State Conference),AL,1,1,NAACP (Alabama State Conference),,0,,1
G0263,NAACP (Metro Birmingham Branch),AL,1,1,NAACP (Metro Birmingham Branch),,0,,1
G0264,NAACP Center for Environmental and Climate Justice,AL,1,1,NAACP Center for Environmental and Climate Justice,,0,,1
G0265,Charles Citizens First,VA,1,1,Charles Citizens First,degenerate_rate,1,n_incidents=1 below floor 5,0
G0266,Ellendale No Eminent Domain group,ND,1,1,Ellendale No Eminent Domain group,degenerate_rate,1,n_incidents=1 below floor 5,0
G0267,Southwest Memphis community members,TN,1,1,Southwest Memphis community members,placeholder,1,"descriptive label, not a named organization",0
G0268,Memphis Community Against Pollution (MCAP),TN,1,1,Memphis Community Against Pollution (MCAP),,0,,1
G0269,Memphis Has The Power,TN,1,1,Memphis Has The Power,,0,,1
G0270,Castroville residents,TX,1,1,Castroville residents,placeholder; degenerate_rate,2,"descriptive label, not a named organization; n_incidents=1 below floor 5",0
G0271,Environment Texas,TX,1,1,Environment Texas,degenerate_rate,1,n_incidents=1 below floor 5,0
G0272,No to Mooresville Technology Park,NC,1,1,No to Mooresville Technology Park,,0,,1
G0273,No DCs in Ozaukee County WI,WI,1,1,No DCs in Ozaukee County WI,degenerate_rate,1,n_incidents=1 below floor 5,0
G0274,Yerington residents,NV,1,1,Yerington residents,placeholder; degenerate_rate,2,"descriptive label, not a named organization; n_incidents=1 below floor 5",0
G0275,Mason Valley residents,NV,1,1,Mason Valley residents,placeholder; degenerate_rate,2,"descriptive label, not a named organization; n_incidents=1 below floor 5",0
G0276,Boone County Preservation Group,IN,1,1,Boone County Preservation Group,degenerate_rate,1,n_incidents=1 below floor 5,0
G0277,Clean Air Coalition of Western New York,NY,1,1,Clean Air Coalition of Western New York,degenerate_rate,1,n_incidents=1 below floor 5,0
G0278,"North Tonawanda residents (Deborah Gondek, organizer)",NY,1,1,"North Tonawanda residents (Deborah Gondek, organizer)",placeholder; degenerate_rate,2,"descriptive label, not a named organization; n_incidents=1 below floor 5",0
G0279,Wilsonville residents,AL,1,1,Wilsonville residents,placeholder,1,"descriptive label, not a named organization",0
G0280,Wilsonville residents (No Wilsonville Data Center),AL,1,1,Wilsonville residents (No Wilsonville Data Center),placeholder,1,"descriptive label, not a named organization",0
G0281,Harwood residents,ND,1,1,Harwood residents,placeholder,1,"descriptive label, not a named organization",0
G0282,"Troup County Anti-Data Center Coalition (Gage Bailey, founder)",GA,1,1,"Troup County Anti-Data Center Coalition (Gage Bailey, founder)",,0,,1
G0283,Taylor Frazier McCollum (petition organizer),MD,1,1,Taylor Frazier McCollum (petition organizer),,0,,1
G0284,South County Environmental Justice Coalition,MD,1,1,South County Environmental Justice Coalition,,0,,1
G0285,Brandywine TB Southern Region Neighborhood Coalition,MD,1,1,Brandywine TB Southern Region Neighborhood Coalition,,0,,1
G0286,17 for Peace and Justice,MD,1,1,17 for Peace and Justice,,0,,1
G0287,"Statesville area residents (Facebook group, 900+ members)",NC,1,1,"Statesville area residents (Facebook group, 900+ members)",placeholder; degenerate_rate,2,"descriptive label, not a named organization; n_incidents=1 below floor 5",0
G0288,Statesville residents,NC,1,1,Statesville residents,placeholder; degenerate_rate,2,"descriptive label, not a named organization; n_incidents=1 below floor 5",0
G0289,Coalition to Protect Cumberland County PA,PA,1,1,Coalition to Protect Cumberland County PA,,0,,1
G0290,Eco-Socialist Green Party of Eastern Missouri,MO,1,1,Eco-Socialist Green Party of Eastern Missouri,degenerate_rate,1,n_incidents=1 below floor 5,0
G0291,Action St. Louis,MO,1,1,Action St. Louis,degenerate_rate,1,n_incidents=1 below floor 5,0
G0292,Missouri Jobs with Justice,MO,1,1,Missouri Jobs with Justice,degenerate_rate,1,n_incidents=1 below floor 5,0
G0293,WEPOWER,MO,1,1,WEPOWER,degenerate_rate,1,n_incidents=1 below floor 5,0
G0294,Democratic Socialists of America St. Louis,MO,1,1,Democratic Socialists of America St. Louis,degenerate_rate,1,n_incidents=1 below floor 5,0
G0295,Party for Socialism and Liberation St. Louis,MO,1,1,Party for Socialism and Liberation St. Louis,degenerate_rate,1,n_incidents=1 below floor 5,0
G0296,Metropolitan Congregations United,MO,1,1,Metropolitan Congregations United,degenerate_rate,1,n_incidents=1 below floor 5,0
G0297,Greenfire Coalition,PA,1,1,Greenfire Coalition,,0,,1
G0298,Save Rural Spalding,GA,1,1,Save Rural Spalding,degenerate_rate,1,n_incidents=1 below floor 5,0
G0299,Rankin County Residents Against Data Center (ad hoc),MS,1,1,Rankin County Residents Against Data Center (ad hoc),degenerate_rate,1,n_incidents=1 below floor 5,0
G0300,West Virginia Citizen Action Group,WV,1,1,West Virginia Citizen Action Group,degenerate_rate,1,n_incidents=1 below floor 5,0
G0301,Jerome Township Residents Coalition,OH,1,1,Jerome Township Residents Coalition,degenerate_rate,1,n_incidents=1 below floor 5,0
G0302,Trinity Hills neighborhood residents,TN,1,1,Trinity Hills neighborhood residents,placeholder; degenerate_rate,2,"descriptive label, not a named organization; n_incidents=1 below floor 5",0
G0303,Louisville Metro Watchdog Alliance,KY,1,1,Louisville Metro Watchdog Alliance,degenerate_rate,1,n_incidents=1 below floor 5,0
G0304,Rubbertown Emergency Action (REACT),KY,1,1,Rubbertown Emergency Action (REACT),degenerate_rate,1,n_incidents=1 below floor 5,0
G0305,Louisville Climate Action Network,KY,1,1,Louisville Climate Action Network,degenerate_rate,1,n_incidents=1 below floor 5,0
G0306,"Blakely No Data Center Campaign (Bob Cicci & Katie Klein-Cicci, organizers)",PA,1,1,"Blakely No Data Center Campaign (Bob Cicci & Katie Klein-Cicci, organizers)",,0,,1
G0307,College Station Residents Against Data Center,TX,1,1,College Station Residents Against Data Center,,0,,1
G0308,One Circle Community Coalition,GA,1,1,One Circle Community Coalition,,0,,1
G0309,Greater Troy Neighborhood Association,IN,1,1,Greater Troy Neighborhood Association,degenerate_rate,1,n_incidents=1 below floor 5,0
G0310,Black Voters Matter Fund,GA,1,1,Black Voters Matter Fund,degenerate_rate,1,n_incidents=1 below floor 5,0
G0311,Stop the Menomonie Data Center,WI,1,1,Stop the Menomonie Data Center,,0,,1
G0312,Griffin family plaintiffs,TX,1,1,Griffin family plaintiffs,degenerate_rate,1,n_incidents=1 below floor 5,0
G0313,Taylor community residents (led by Carrie D'Anna),TX,1,1,Taylor community residents (led by Carrie D'Anna),placeholder; degenerate_rate,2,"descriptive label, not a named organization; n_incidents=1 below floor 5",0
G0314,Halt the BPP Project in Taylor,TX,1,1,Halt the BPP Project in Taylor,degenerate_rate,1,n_incidents=1 below floor 5,0
G0315,White County IN Against Data Centers,IN,1,1,White County IN Against Data Centers,,0,,1
G0316,350 Wisconsin,WI,1,1,350 Wisconsin,degenerate_rate,1,n_incidents=1 below floor 5,0
G0317,50501 Madison,WI,1,1,50501 Madison,degenerate_rate,1,n_incidents=1 below floor 5,0
G0318,"Concerned Citizens of Twiggs County (Rob Fricks, attorney)",GA,1,1,"Concerned Citizens of Twiggs County (Rob Fricks, attorney)",degenerate_rate,1,n_incidents=1 below floor 5,0
G0319,Protect Twiggs County -- No Data Center,GA,1,1,Protect Twiggs County -- No Data Center,degenerate_rate,1,n_incidents=1 below floor 5,0
G0320,Protect Twiggs County GA,GA,1,1,Protect Twiggs County GA,degenerate_rate,1,n_incidents=1 below floor 5,0
G0321,Page Residents for Voter Rights,AZ,1,1,Page Residents for Voter Rights,,0,,1
G0322,Bi-State Datacenter Crisis Coalition,NY,1,1,Bi-State Datacenter Crisis Coalition,,0,,1
G0323,Woodsdale and Trenton Environmental Resistance (W.A.T.E.R.),OH,1,1,Woodsdale and Trenton Environmental Resistance (W.A.T.E.R.),degenerate_rate,1,n_incidents=1 below floor 5,0
G0324,We Are Mason County Ky,KY,1,1,We Are Mason County Ky,degenerate_rate,1,n_incidents=1 below floor 5,0
G0325,Save Mason County,KY,1,1,Save Mason County,degenerate_rate,1,n_incidents=1 below floor 5,0
G0326,Platte County residents,MO,1,1,Platte County residents,placeholder; degenerate_rate,2,"descriptive label, not a named organization; n_incidents=1 below floor 5",0
G0327,No Data Center In LMBT,PA,1,1,No Data Center In LMBT,,0,,1
G0328,Joplin Citizens Against Wildwood Ranch Data Center Site,MO,1,1,Joplin Citizens Against Wildwood Ranch Data Center Site,degenerate_rate,1,n_incidents=1 below floor 5,0
G0329,"Save the IX Center Campaign (Cassia Core, organizer)",OH,1,1,"Save the IX Center Campaign (Cassia Core, organizer)",,0,,1
G0330,East Vincent Advocacy (EVT Advocacy),PA,1,1,East Vincent Advocacy (EVT Advocacy),,0,,1
G0331,Prevent East Vincent Data Center Development,PA,1,1,Prevent East Vincent Data Center Development,,0,,1
G0332,East Vincent Advocacy,PA,1,1,East Vincent Advocacy,,0,,1
G0333,Prevent East Vincent DC Development,PA,1,1,Prevent East Vincent DC Development,,0,,1
G0334,Stop Temple Data Centers,TX,1,1,Stop Temple Data Centers,,0,,1
G0335,Gordon County Board of Commissioners (preemptive),GA,1,1,Gordon County Board of Commissioners (preemptive),degenerate_rate,1,n_incidents=1 below floor 5,0
G0336,Indigenous Environmental Network,OK,1,1,Indigenous Environmental Network,,0,,1
G0337,Dundee's Not for Sale,MI,1,1,Dundee's Not for Sale,,0,,1
G0338,Citizens Against a Dundee Data Center,MI,1,1,Citizens Against a Dundee Data Center,,0,,1
G0339,Meade County residents (petition organizers),KY,1,1,Meade County residents (petition organizers),placeholder,1,"descriptive label, not a named organization",0
G0340,Stop the Pine Island Data Center,MN,1,1,Stop the Pine Island Data Center,,0,,1
G0341,Stop the Hermantown Data Center,MN,1,1,Stop the Hermantown Data Center,degenerate_rate,1,n_incidents=1 below floor 5,0
G0342,Protect Stafford,VA,1,1,Protect Stafford,,0,,1
G0343,Coalition to Save Culpeper,VA,1,1,Coalition to Save Culpeper,degenerate_rate,1,n_incidents=1 below floor 5,0
G0344,Save Brandy Station,VA,1,1,Save Brandy Station,degenerate_rate,1,n_incidents=1 below floor 5,0
G0345,We the People of Wyco,KS,1,1,We the People of Wyco,,0,,1
G0346,Kansas Sierra Club,KS,1,1,Kansas Sierra Club,,0,,1
G0347,Campbell County residents,VA,1,1,Campbell County residents,placeholder,1,"descriptive label, not a named organization",0
G0348,Lufkin area residents,TX,1,1,Lufkin area residents,placeholder,1,"descriptive label, not a named organization",0
G0349,Rockford residents (Change.org petition organizers),IL,1,1,Rockford residents (Change.org petition organizers),placeholder,1,"descriptive label, not a named organization",0
G0350,No Data Centers Northern IL,IL,1,1,No Data Centers Northern IL,,0,,1
G0351,Sustain Rockford,IL,1,1,Sustain Rockford,,0,,1
G0352,Natural Land Institute,IL,1,1,Natural Land Institute,,0,,1
G0353,Foristell Residents Against Data Centers,MO,1,1,Foristell Residents Against Data Centers,,0,,1
G0354,No Data Center Kokomo-Howard County,IN,1,1,No Data Center Kokomo-Howard County,,0,,1
G0355,Cumberland County Residents Against Data Centers,NC,1,1,Cumberland County Residents Against Data Centers,,0,,1
G0356,Citizens Against Over Development in Lyon County,NV,1,1,Citizens Against Over Development in Lyon County,degenerate_rate,1,n_incidents=1 below floor 5,0
G0357,Project Baccara Opposition,AZ,1,1,Project Baccara Opposition,degenerate_rate,1,n_incidents=1 below floor 5,0
G0358,Norton residents,OH,1,1,Norton residents,placeholder; degenerate_rate,2,"descriptive label, not a named organization; n_incidents=1 below floor 5",0
G0359,Protect Wiscasset,ME,1,1,Protect Wiscasset,,0,,1
G0360,Castle Rock Township,MN,1,1,Castle Rock Township,placeholder,1,"descriptive label, not a named organization",0
G0361,Environmental Coalition of Farmington MN,MN,1,1,Environmental Coalition of Farmington MN,,0,,1
G0362,Sierra Club Iowa Chapter,IA,1,1,Sierra Club Iowa Chapter,,0,,1
G0363,Norton and Barberton residents,OH,1,1,Norton and Barberton residents,placeholder,1,"descriptive label, not a named organization",0
G0364,Upper Missouri Waterkeeper,MT,1,1,Upper Missouri Waterkeeper,degenerate_rate,1,n_incidents=1 below floor 5,0
G0365,Stop the Data Centers Livingston County,MI,1,1,Stop the Data Centers Livingston County,,0,,1
G0366,Livingston County Residents for Responsible Development,MI,1,1,Livingston County Residents for Responsible Development,,0,,1
G0367,Vicksburg Residents Against Data Center (ad hoc),MS,1,1,Vicksburg Residents Against Data Center (ad hoc),,0,,1
G0368,Clarksville area residents,AR,1,1,Clarksville area residents,placeholder; degenerate_rate,2,"descriptive label, not a named organization; n_incidents=1 below floor 5",0
G0369,Tisch Mills Farm Center,WI,1,1,Tisch Mills Farm Center,degenerate_rate,1,n_incidents=1 below floor 5,0
G0370,Ross area community residents,TX,1,1,Ross area community residents,placeholder,1,"descriptive label, not a named organization",0
G0371,Stop the Data Center on Taylor Lane (Facebook group),TX,1,1,Stop the Data Center on Taylor Lane (Facebook group),,0,,1
G0372,McLennan County residents,TX,1,1,McLennan County residents,placeholder,1,"descriptive label, not a named organization",0
G0373,Stop Waco Data Centers,TX,1,1,Stop Waco Data Centers,,0,,1
G0374,Stop the Waco Data Center,TX,1,1,Stop the Waco Data Center,,0,,1
G0375,Panhandle Taxpayers for Transparency,TX,1,1,Panhandle Taxpayers for Transparency,degenerate_rate,1,n_incidents=1 below floor 5,0
G0376,Sierra Club Texas Chapter,TX,1,1,Sierra Club Texas Chapter,degenerate_rate,1,n_incidents=1 below floor 5,0
G0377,Amarillo Minority Coalition,TX,1,1,Amarillo Minority Coalition,degenerate_rate,1,n_incidents=1 below floor 5,0
G0378,Decatur Township Civic Council,IN,1,1,Decatur Township Civic Council,,0,,1
G0379,Decatur Township Civic League,IN,1,1,Decatur Township Civic League,,0,,1
G0380,Protect Decatur Township,IN,1,1,Protect Decatur Township,,0,,1
G0381,Kenoshans Unite Against Microsoft Data Center,WI,1,1,Kenoshans Unite Against Microsoft Data Center,degenerate_rate,1,n_incidents=1 below floor 5,0
G0382,SNOW (Stop Negligent Operations in Wisconsin),WI,1,1,SNOW (Stop Negligent Operations in Wisconsin),,0,,1
G0383,Beaver Dam Education on Data Center Group,WI,1,1,Beaver Dam Education on Data Center Group,,0,,1
G0384,Let Sioux Falls Vote,SD,1,1,Let Sioux Falls Vote,degenerate_rate,1,n_incidents=1 below floor 5,0
G0385,South Dakota for DC Transparency,SD,1,1,South Dakota for DC Transparency,degenerate_rate,1,n_incidents=1 below floor 5,0
G0386,Stop AI Data Centers in Lawrence County,OH,1,1,Stop AI Data Centers in Lawrence County,,0,,1
G0387,Newport News Residents Against Data Centers,VA,1,1,Newport News Residents Against Data Centers,,0,,1
G0388,Moorestown residents,NJ,1,1,Moorestown residents,placeholder,1,"descriptive label, not a named organization",0
G0389,Friends of Tensaw River,AL,1,1,Friends of Tensaw River,,0,,1
G0390,Stop Solar in Stockton,AL,1,1,Stop Solar in Stockton,,0,,1
G0391,Starke County - No Data Center IN,IN,1,1,Starke County - No Data Center IN,degenerate_rate,1,n_incidents=1 below floor 5,0
G0392,NIMBY Imperial,CA,1,1,NIMBY Imperial,degenerate_rate,1,n_incidents=1 below floor 5,0
G0393,Valle Imperial Resiste,CA,1,1,Valle Imperial Resiste,degenerate_rate,1,n_incidents=1 below floor 5,0
G0394,Stop Project Vector (ad hoc),IL,1,1,Stop Project Vector (ad hoc),degenerate_rate,1,n_incidents=1 below floor 5,0
G0395,Stop Project Tango,FL,1,1,Stop Project Tango,,0,,1
G0396,NO To Project Tango,FL,1,1,NO To Project Tango,,0,,1
G0397,Palm Beach County Environmental Alliance,FL,1,1,Palm Beach County Environmental Alliance,,0,,1
G0398,Sierra Club Loxahatchee Group,FL,1,1,Sierra Club Loxahatchee Group,,0,,1
G0399,Florida Native Plant Society PBC Chapter,FL,1,1,Florida Native Plant Society PBC Chapter,,0,,1
G0400,Stop the Palm Beach DC Project Tango,FL,1,1,Stop the Palm Beach DC Project Tango,,0,,1
G0401,White Tank Mountains Conservancy,AZ,1,1,White Tank Mountains Conservancy,degenerate_rate,1,n_incidents=1 below floor 5,0
G0402,Chandler Neighbors Against Data Centers,AZ,1,1,Chandler Neighbors Against Data Centers,,0,,1
G0403,Citizens for Rural Coweta,GA,1,1,Citizens for Rural Coweta,,0,,1
G0404,Stop Project Sail,GA,1,1,Stop Project Sail,,0,,1
G0405,STOP Project Sail Newnan Data Center,GA,1,1,STOP Project Sail Newnan Data Center,,0,,1
G0406,Lewiston residents,ME,1,1,Lewiston residents,placeholder,1,"descriptive label, not a named organization",0
G0407,Mainers Against Future AI Data Center in Lewiston,ME,1,1,Mainers Against Future AI Data Center in Lewiston,,0,,1
G0408,Slingshot (New England environmental health and justice organization),ME,1,1,Slingshot (New England environmental health and justice organization),,0,,1
G0409,Gates County residents,NC,1,1,Gates County residents,placeholder; degenerate_rate,2,"descriptive label, not a named organization; n_incidents=1 below floor 5",0
G0410,Residents United for a Healthy Lowell,MI,1,1,Residents United for a Healthy Lowell,,0,,1
G0411,ACE Basin area residents,SC,1,1,ACE Basin area residents,placeholder,1,"descriptive label, not a named organization",0
G0412,Sustain South Jersey,NJ,1,1,Sustain South Jersey,degenerate_rate,1,n_incidents=1 below floor 5,0
G0413,New Jersey Environmental Justice Alliance (NJEJA),NJ,1,1,New Jersey Environmental Justice Alliance (NJEJA),degenerate_rate,1,n_incidents=1 below floor 5,0
G0414,Maryland Data Center Reform Coalition (Nature Forward),MD,1,1,Maryland Data Center Reform Coalition (Nature Forward),,0,,1
G0415,Citizens for Responsible Development,OK,1,1,Citizens for Responsible Development,degenerate_rate,1,n_incidents=1 below floor 5,0
G0416,Save Oklahoma Farms and Ranches,OK,1,1,Save Oklahoma Farms and Ranches,degenerate_rate,1,n_incidents=1 below floor 5,0
G0417,STOP Data Centers & Rezoning in Conewago Twp,PA,1,1,STOP Data Centers & Rezoning in Conewago Twp,,0,,1
G0418,Mount Horeb area residents,WI,1,1,Mount Horeb area residents,placeholder,1,"descriptive label, not a named organization",0
G0419,Dorr Township MI - We The People,MI,1,1,Dorr Township MI - We The People,,0,,1
G0420,Beaver County Community Group Against Data Centers,PA,1,1,Beaver County Community Group Against Data Centers,degenerate_rate,1,n_incidents=1 below floor 5,0
G0421,Environmental Health Project,PA,1,1,Environmental Health Project,degenerate_rate,1,n_incidents=1 below floor 5,0
G0422,Beaver County Marcellus Awareness Community (BCMAC),PA,1,1,Beaver County Marcellus Awareness Community (BCMAC),degenerate_rate,1,n_incidents=1 below floor 5,0
G0423,Chattanooga Residents Against Jailhouse Data Center (ad hoc),TN,1,1,Chattanooga Residents Against Jailhouse Data Center (ad hoc),degenerate_rate,1,n_incidents=1 below floor 5,0
G0424,Hyndman Homesites Homeowners Association,WY,1,1,Hyndman Homesites Homeowners Association,degenerate_rate,1,n_incidents=1 below floor 5,0
G0425,Residents for Rural and Agricultural Land (RURAL),SD,1,1,Residents for Rural and Agricultural Land (RURAL),,0,,1
G0426,Citizens Opposed to Data Centers in Henry County,GA,1,1,Citizens Opposed to Data Centers in Henry County,,0,,1
G0427,Conserve Henry County,GA,1,1,Conserve Henry County,placeholder,1,"descriptive label, not a named organization",0
G0428,Lawrence County residents,OH,1,1,Lawrence County residents,placeholder,1,"descriptive label, not a named organization",0
G0429,Friends of Nevada Wilderness,NV,1,1,Friends of Nevada Wilderness,,0,,1
G0430,Basin and Range Watch,NV,1,1,Basin and Range Watch,,0,,1
G0431,Stokes County Historical Society,NC,1,1,Stokes County Historical Society,degenerate_rate,1,n_incidents=1 below floor 5,0
G0432,Occaneechi Band of the Saponi Nation,NC,1,1,Occaneechi Band of the Saponi Nation,degenerate_rate,1,n_incidents=1 below floor 5,0
G0433,Southern Coalition for Social Justice,NC,1,1,Southern Coalition for Social Justice,degenerate_rate,1,n_incidents=1 below floor 5,0
G0434,Stokes County NAACP,NC,1,1,Stokes County NAACP,degenerate_rate,1,n_incidents=1 below floor 5,0
G0435,Walnut Cove residents,NC,1,1,Walnut Cove residents,placeholder; degenerate_rate,2,"descriptive label, not a named organization; n_incidents=1 below floor 5",0
G0436,National Hairston Clan,NC,1,1,National Hairston Clan,degenerate_rate,1,n_incidents=1 below floor 5,0
G0437,CleanAIRE NC,NC,1,1,CleanAIRE NC,degenerate_rate,1,n_incidents=1 below floor 5,0
G0438,Dan River Basin Association,NC,1,1,Dan River Basin Association,degenerate_rate,1,n_incidents=1 below floor 5,0
G0439,7 Directions of Service,NC,1,1,7 Directions of Service,degenerate_rate,1,n_incidents=1 below floor 5,0
G0440,Roswell residents,GA,1,1,Roswell residents,placeholder; degenerate_rate,2,"descriptive label, not a named organization; n_incidents=1 below floor 5",0
G0441,Stop the Greenleaf Data Center,WI,1,1,Stop the Greenleaf Data Center,degenerate_rate,1,n_incidents=1 below floor 5,0
G0442,Moms Clean Air Force,WI,1,1,Moms Clean Air Force,degenerate_rate,1,n_incidents=1 below floor 5,0
G0443,Izaak Walton League (Brown County Chapter),WI,1,1,Izaak Walton League (Brown County Chapter),degenerate_rate,1,n_incidents=1 below floor 5,0
G0444,People's Justice Council,AL,1,1,People's Justice Council,degenerate_rate,1,n_incidents=1 below floor 5,0
G0445,Energy Alabama,AL,1,1,Energy Alabama,degenerate_rate,1,n_incidents=1 below floor 5,0
G0446,Renwick Area Against Data Centers,KS,1,1,Renwick Area Against Data Centers,,0,,1
G0447,Spalding County residents,GA,1,1,Spalding County residents,placeholder; degenerate_rate,2,"descriptive label, not a named organization; n_incidents=1 below floor 5",0
G0448,Oklahoma Data Center Accountability,OK,1,1,Oklahoma Data Center Accountability,,0,,1
G0449,"Say NO to Coweta, Ok Data Center",OK,1,1,"Say NO to Coweta, Ok Data Center",,0,,1
G0450,Project Sand Springs Alliance,OK,1,1,Project Sand Springs Alliance,,0,,1
G0451,Land Legacy,OK,1,1,Land Legacy,,0,,1
G0452,Renwick Area Against Data Centers in West Sedgwick County,KS,1,1,Renwick Area Against Data Centers in West Sedgwick County,,0,,1
G0453,Sedgwick County Farm Bureau,KS,1,1,Sedgwick County Farm Bureau,,0,,1
G0454,Franklin County residents,MO,1,1,Franklin County residents,placeholder,1,"descriptive label, not a named organization",0
G0455,Shaw Nature Reserve / Missouri Botanical Garden,MO,1,1,Shaw Nature Reserve / Missouri Botanical Garden,,0,,1
G0456,No AI Datacenters in Franklin County MO,MO,1,1,No AI Datacenters in Franklin County MO,,0,,1
G0457,Clinton Residents Concerned About Data Centers,MS,1,1,Clinton Residents Concerned About Data Centers,degenerate_rate,1,n_incidents=1 below floor 5,0
G0458,BOLD Alliance,NE,1,1,BOLD Alliance,,0,,1
G0459,Bold Alliance (Bold Nebraska),NE,1,1,Bold Alliance (Bold Nebraska),,0,,1
G0460,KC Data Center Watchdog,MO,1,1,KC Data Center Watchdog,,0,,1
G0461,Southern Alliance for Clean Energy (SACE),GA,1,1,Southern Alliance for Clean Energy (SACE),degenerate_rate,1,n_incidents=1 below floor 5,0
G0462,Southface Institute,GA,1,1,Southface Institute,degenerate_rate,1,n_incidents=1 below floor 5,0
G0463,Georgians Against Data Centers,GA,1,1,Georgians Against Data Centers,degenerate_rate,1,n_incidents=1 below floor 5,0
G0464,"Say NO to Coweta, Ok Data Center (Atlas Project)",OK,1,1,"Say NO to Coweta, Ok Data Center (Atlas Project)",degenerate_rate,1,n_incidents=1 below floor 5,0
G0465,Coweta residents,OK,1,1,Coweta residents,placeholder; degenerate_rate,2,"descriptive label, not a named organization; n_incidents=1 below floor 5",0
G0466,Oppose Atlas DC,PA,1,1,Oppose Atlas DC,,0,,1
G0467,Monterey Park residents,CA,1,1,Monterey Park residents,placeholder,1,"descriptive label, not a named organization",0
G0468,Monterey Park Against Data Centers,CA,1,1,Monterey Park Against Data Centers,,0,,1
G0469,Protect Naperville Community,IL,1,1,Protect Naperville Community,,0,,1
G0470,Lisle Residents Against Data Center (ad hoc),IL,1,1,Lisle Residents Against Data Center (ad hoc),degenerate_rate,1,n_incidents=1 below floor 5,0
G0471,Sembrando Esperanza Coalition,TX,1,1,Sembrando Esperanza Coalition,,0,,1
G0472,El Paso City Council,TX,1,1,El Paso City Council,,0,,1
G0473,Tazewell County Data Center Opposition,IL,1,1,Tazewell County Data Center Opposition,,0,,1
G0474,Hoosier Environmental Council,IN,1,1,Hoosier Environmental Council,,0,,1
G0475,Franklin Planning and Zoning Commission,KY,1,1,Franklin Planning and Zoning Commission,,0,,1
G0476,Franklin residents (Jasmine Butt petition organizer),KY,1,1,Franklin residents (Jasmine Butt petition organizer),placeholder,1,"descriptive label, not a named organization",0
G0477,Franklin residents (ad hoc),KY,1,1,Franklin residents (ad hoc),placeholder,1,"descriptive label, not a named organization",0
G0478,East New Orleans Neighborhood Advisory Commission,LA,1,1,East New Orleans Neighborhood Advisory Commission,degenerate_rate,1,n_incidents=1 below floor 5,0
G0479,Carroll County Anti-Data Center Coalition,GA,1,1,Carroll County Anti-Data Center Coalition,,0,,1
G0480,Wyndham community residents,VA,1,1,Wyndham community residents,placeholder; degenerate_rate,2,"descriptive label, not a named organization; n_incidents=1 below floor 5",0
G0481,Wyndham Board of Directors Smart Development Task Force,VA,1,1,Wyndham Board of Directors Smart Development Task Force,degenerate_rate,1,n_incidents=1 below floor 5,0
G0482,Wyndham Smart Development Task Force,VA,1,1,Wyndham Smart Development Task Force,degenerate_rate,1,n_incidents=1 below floor 5,0
G0483,Neighbors For Change,VA,1,1,Neighbors For Change,degenerate_rate,1,n_incidents=1 below floor 5,0
G0484,Henrico County residents,VA,1,1,Henrico County residents,placeholder; degenerate_rate,2,"descriptive label, not a named organization; n_incidents=1 below floor 5",0
G0485,No Henry County Data Center,IN,1,1,No Henry County Data Center,degenerate_rate,1,n_incidents=1 below floor 5,0
G0486,Barrington Hills residents (Change.org petition organizers),IL,1,1,Barrington Hills residents (Change.org petition organizers),placeholder; degenerate_rate,2,"descriptive label, not a named organization; n_incidents=1 below floor 5",0
G0487,Coalition for Springfield's Utility Future,IL,1,1,Coalition for Springfield's Utility Future,degenerate_rate,1,n_incidents=1 below floor 5,0
G0488,Adams County Residents for Responsible Development,OH,1,1,Adams County Residents for Responsible Development,,0,,1
G0489,Cedar Bog Nature Preserve (supporters),OH,1,1,Cedar Bog Nature Preserve (supporters),degenerate_rate,1,n_incidents=1 below floor 5,0
G0490,Downriver United 734,MI,1,1,Downriver United 734,,0,,1
G0491,Vienna Township trustees (preemptive zoning),OH,1,1,Vienna Township trustees (preemptive zoning),,0,,1
G0492,Stop Solon Township Data Center,MI,1,1,Stop Solon Township Data Center,,0,,1
G0493,Climate Coalition Montgomery County,MD,1,1,Climate Coalition Montgomery County,,0,,1
G0494,Citrus County residents,FL,1,1,Citrus County residents,placeholder; degenerate_rate,2,"descriptive label, not a named organization; n_incidents=1 below floor 5",0
G0495,Elders Climate Action Maryland,MD,1,1,Elders Climate Action Maryland,,0,,1
G0496,AW-CRAP,OH,1,1,AW-CRAP,,0,,1
G0497,Kentucky Conservation Committee,KY,1,1,Kentucky Conservation Committee,,0,,1
G0498,Mason Data Center Facts,MI,1,1,Mason Data Center Facts,,0,,1
G0499,Kuna farmers,ID,1,1,Kuna farmers,placeholder,1,"descriptive label, not a named organization",0
G0500,Kuna area farmers (lawsuit plaintiffs),ID,1,1,Kuna area farmers (lawsuit plaintiffs),placeholder,1,"descriptive label, not a named organization",0
G0501,No Data Center Clifton/Covington TWPs,PA,1,1,No Data Center Clifton/Covington TWPs,,0,,1
G0502,PennFuture,PA,1,1,PennFuture,,0,,1
G0503,Pocono Heritage Land Trust,PA,1,1,Pocono Heritage Land Trust,,0,,1
G0504,"DE-CLEAR (Delaware Data Center Coalition for Local, Environmental, and Accountable Regulation)",DE,1,1,"DE-CLEAR (Delaware Data Center Coalition for Local, Environmental, and Accountable Regulation)",,0,,1
G0505,"Citizens for Open Governance, Columbia County Georgia",GA,1,1,"Citizens for Open Governance, Columbia County Georgia",,0,,1
G0506,Citizens for Open Governance,GA,1,1,Citizens for Open Governance,split_artifact,1,"fragment of 'Citizens for Open Governance, Columbia County Georgia'",0
G0507,Columbia County residents,GA,1,1,Columbia County residents,placeholder,1,"descriptive label, not a named organization",0
G0508,Mt. Orab Residents for Responsible Development,OH,1,1,Mt. Orab Residents for Responsible Development,degenerate_rate,1,n_incidents=1 below floor 5,0
G0509,Pike Township residents,IN,1,1,Pike Township residents,placeholder; degenerate_rate,2,"descriptive label, not a named organization; n_incidents=1 below floor 5",0
G0510,Indianapolis environmental groups,IN,1,1,Indianapolis environmental groups,placeholder; degenerate_rate,2,"descriptive label, not a named organization; n_incidents=1 below floor 5",0
G0511,South Carolina Emerging Technologies Association (supportive),SC,1,1,South Carolina Emerging Technologies Association (supportive),,0,,1
G0512,Muhlenberg TWP and Community Against Data Center and/or Power Distribution Build,OH,1,1,Muhlenberg TWP and Community Against Data Center and/or Power Distribution Build,,0,,1
G0513,Citizen Action of New York,NY,1,1,Citizen Action of New York,,0,,1
G0514,NYPIRG,NY,1,1,NYPIRG,,0,,1
G0515,New York Communities for Change,NY,1,1,New York Communities for Change,,0,,1
G0516,Make the Road NY,NY,1,1,Make the Road NY,,0,,1
G0517,NYC DSA Ecosocialist Working Group,NY,1,1,NYC DSA Ecosocialist Working Group,,0,,1
G0518,Seneca Lake Guardian,NY,1,1,Seneca Lake Guardian,,0,,1
G0519,Tucker County WV Data and Power,WV,1,1,Tucker County WV Data and Power,,0,,1
G0520,Driftless Area Data Center Opposition,WI,1,1,Driftless Area Data Center Opposition,,0,,1
G0521,Hood County residents,TX,1,1,Hood County residents,placeholder; degenerate_rate,2,"descriptive label, not a named organization; n_incidents=1 below floor 5",0
G0522,Public Citizen,TX,1,1,Public Citizen,degenerate_rate,1,n_incidents=1 below floor 5,0
G0523,Clean Virginia,VA,1,1,Clean Virginia,,0,,1
G0524,Bernalillo County residents,NM,1,1,Bernalillo County residents,placeholder,1,"descriptive label, not a named organization",0
G0525,Data Center Coalition,WA,1,1,Data Center Coalition,,0,,1
G0526,Haynes Station Concerned Residents Committee,GA,1,1,Haynes Station Concerned Residents Committee,,0,,1
G0527,West Augusta 6,GA,1,1,West Augusta 6,,0,,1
G0528,Power Wisconsin Forward,WI,1,1,Power Wisconsin Forward,,0,,1
G0529,NAACP (national and Wisconsin State Conference),WI,1,1,NAACP (national and Wisconsin State Conference),,0,,1
G0530,Sierra Club Wisconsin (Northstar Chapter),WI,1,1,Sierra Club Wisconsin (Northstar Chapter),,0,,1
G0531,Citizens Utility Board (CUB),WI,1,1,Citizens Utility Board (CUB),,0,,1
G0532,Wisconsin's Green Fire,WI,1,1,Wisconsin's Green Fire,,0,,1
G0533,Wisconsinites against Data Centers,WI,1,1,Wisconsinites against Data Centers,,0,,1
G0534,Slingshot (environmental health and justice organization),ME,1,1,Slingshot (environmental health and justice organization),degenerate_rate,1,n_incidents=1 below floor 5,0
G0535,GreenLatinos,CO,1,1,GreenLatinos,,0,,1
G0536,Western Colorado Alliance,CO,1,1,Western Colorado Alliance,,0,,1
G0537,One Voice Martindale Brightwood,IN,1,1,One Voice Martindale Brightwood,degenerate_rate,1,n_incidents=1 below floor 5,0
G0538,Indianapolis NAACP,IN,1,1,Indianapolis NAACP,degenerate_rate,1,n_incidents=1 below floor 5,0
G0539,Martindale-Brightwood residents,IN,1,1,Martindale-Brightwood residents,placeholder; degenerate_rate,2,"descriptive label, not a named organization; n_incidents=1 below floor 5",0
G0540,Protect Martindale-Brightwood,IN,1,1,Protect Martindale-Brightwood,degenerate_rate,1,n_incidents=1 below floor 5,0
G0541,"Walla Walla chapter, Democratic Socialists of America",WA,1,1,"Walla Walla chapter, Democratic Socialists of America",,0,,1
G0542,Walla Walla DSA,WA,1,1,Walla Walla DSA,,0,,1
G0543,North Carolina Environmental Justice Network (NCEJN),NC,1,1,North Carolina Environmental Justice Network (NCEJN),,0,,1
G0544,Hubbard Residents Against Data Centers,OH,1,1,Hubbard Residents Against Data Centers,,0,,1
G0545,Scioto County residents,OH,1,1,Scioto County residents,placeholder,1,"descriptive label, not a named organization",0
G0546,Ohio transparency advocates,OH,1,1,Ohio transparency advocates,placeholder,1,"descriptive label, not a named organization",0
G0547,Preserving Montgomery County,MO,1,1,Preserving Montgomery County,placeholder,1,"descriptive label, not a named organization",0
G0548,Save Our Springs Alliance,TX,1,1,Save Our Springs Alliance,,0,,1
G0549,San Marcos River Foundation,TX,1,1,San Marcos River Foundation,,0,,1
G0550,Sierra Club Georgia,GA,1,1,Sierra Club Georgia,,0,,1
G0551,Food and Water Watch,PA,1,1,Food and Water Watch,,0,,1
G0552,Friends of the Earth,PA,1,1,Friends of the Earth,,0,,1
G0553,Greenpeace,PA,1,1,Greenpeace,,0,,1
G0554,Pennsylvania Data Center Resistance,PA,1,1,Pennsylvania Data Center Resistance,,0,,1
G0555,Data Center Action Coalition,TX,1,1,Data Center Action Coalition,degenerate_rate,1,n_incidents=1 below floor 5,0
G0556,Columbiana residents,AL,1,1,Columbiana residents,placeholder,1,"descriptive label, not a named organization",0
G0557,Central Oregon LandWatch,OR,1,1,Central Oregon LandWatch,,0,,1
G0558,Oregon Agricultural Trust,OR,1,1,Oregon Agricultural Trust,,0,,1
G0559,"Stop Data Centers in Maumee, Monclova, Waterville & Whitehouse",OH,1,1,"Stop Data Centers in Maumee, Monclova, Waterville & Whitehouse",,0,,1
G0560,NAACP New Jersey Chapter,NJ,1,1,NAACP New Jersey Chapter,,0,,1
G0561,NJ B.U.R.N. (Build Up Resistance Now),NJ,1,1,NJ B.U.R.N. (Build Up Resistance Now),,0,,1
G0562,New Brunswick NAACP,NJ,1,1,New Brunswick NAACP,,0,,1
G0563,NJ Build Up Resistance Now (NJ B.U.R.N.),NJ,1,1,NJ Build Up Resistance Now (NJ B.U.R.N.),,0,,1
G0564,Iowa State Association of Counties (supportive),IA,1,1,Iowa State Association of Counties (supportive),degenerate_rate,1,n_incidents=1 below floor 5,0
G0565,Iowa State Association of Counties,IA,1,1,Iowa State Association of Counties,degenerate_rate,1,n_incidents=1 below floor 5,0
G0566,We Are Mercer County,KY,1,1,We Are Mercer County,degenerate_rate,1,n_incidents=1 below floor 5,0
G0567,Stop Data Centers in Aurora IL,IL,1,1,Stop Data Centers in Aurora IL,,0,,1
G0568,GreenLatinos Illinois,IL,1,1,GreenLatinos Illinois,,0,,1
G0569,Illinois Environmental Council,IL,1,1,Illinois Environmental Council,,0,,1
G0570,Dryden Climate Action Committee,NY,1,1,Dryden Climate Action Committee,,0,,1
G0571,Two Creeks residents,WI,1,1,Two Creeks residents,placeholder,1,"descriptive label, not a named organization",0
G0572,Two Rivers residents,WI,1,1,Two Rivers residents,placeholder,1,"descriptive label, not a named organization",0
G0573,Mishicot residents,WI,1,1,Mishicot residents,placeholder,1,"descriptive label, not a named organization",0
G0574,Manitowoc County farmers,WI,1,1,Manitowoc County farmers,placeholder,1,"descriptive label, not a named organization",0
G0575,230+ environmental groups coalition,DC,1,1,230+ environmental groups coalition,placeholder,1,"descriptive label, not a named organization",0
G0576,Prevent North Coventry Data Center,PA,1,1,Prevent North Coventry Data Center,,0,,1
G0577,St. Lucie County residents,FL,1,1,St. Lucie County residents,placeholder,1,"descriptive label, not a named organization",0
G0578,Lincoln County residents (Commissioner Joel Arends supporters),SD,1,1,Lincoln County residents (Commissioner Joel Arends supporters),placeholder; degenerate_rate,2,"descriptive label, not a named organization; n_incidents=1 below floor 5",0
G0579,Sunbury Residents Against Data Centers,OH,1,1,Sunbury Residents Against Data Centers,,0,,1
G0580,Just Transition Northwest Indiana,IN,1,1,Just Transition Northwest Indiana,,0,,1
G0581,Mooringsport officials,LA,1,1,Mooringsport officials,,0,,1
G0582,Acadia Center,MA,1,1,Acadia Center,,0,,1
G0583,Protect Hilliard,OH,1,1,Protect Hilliard,,0,,1
G0584,Pacific Root Coalition,MO,1,1,Pacific Root Coalition,,0,,1
G0585,Pacific ROOT Coalition (Pacific Residents Organizing for Our Tomorrow Coalition),MO,1,1,Pacific ROOT Coalition (Pacific Residents Organizing for Our Tomorrow Coalition),,0,,1
G0586,Phillipsburg Town Council Anti-Data Center Coalition,NJ,1,1,Phillipsburg Town Council Anti-Data Center Coalition,,0,,1
G0587,Mooringsport village officials,LA,1,1,Mooringsport village officials,,0,,1
G0588,Stop Data Center in Muscogee County,GA,1,1,Stop Data Center in Muscogee County,,0,,1
G0589,Clean Energy Columbus,GA,1,1,Clean Energy Columbus,,0,,1
G0590,Fort Meade residents,FL,1,1,Fort Meade residents,placeholder,1,"descriptive label, not a named organization",0
G0591,Polk County environmental advocates,FL,1,1,Polk County environmental advocates,placeholder,1,"descriptive label, not a named organization",0
G0592,Thrive Kings Mountain,NC,1,1,Thrive Kings Mountain,,0,,1
G0593,Berkeley County Democratic Executive Committee,WV,1,1,Berkeley County Democratic Executive Committee,,0,,1
G0594,Spring Hill residents,KS,1,1,Spring Hill residents,placeholder,1,"descriptive label, not a named organization",0
G0595,Missouri Future Caucus,MO,1,1,Missouri Future Caucus,degenerate_rate,1,n_incidents=1 below floor 5,0
G0596,No False Climate Solutions PA,PA,1,1,No False Climate Solutions PA,,0,,1
G0597,Food & Water Watch (Eastern PA chapter),PA,1,1,Food & Water Watch (Eastern PA chapter),,0,,1
G0598,Brookings City Council members (tax rebate opposition),SD,1,1,Brookings City Council members (tax rebate opposition),,0,,1
G0599,Indivisible Hall,GA,1,1,Indivisible Hall,,0,,1
G0600,Spartanburg County residents,SC,1,1,Spartanburg County residents,placeholder; degenerate_rate,2,"descriptive label, not a named organization; n_incidents=1 below floor 5",0
G0601,Sierra Club Upstate,SC,1,1,Sierra Club Upstate,degenerate_rate,1,n_incidents=1 below floor 5,0
G0602,Weld County residents,CO,1,1,Weld County residents,placeholder,1,"descriptive label, not a named organization",0
G0603,Colorado Fiscal Institute,CO,1,1,Colorado Fiscal Institute,,0,,1
G0604,Natural Resources Defense Council,CO,1,1,Natural Resources Defense Council,,0,,1
G0605,Idlebriar neighborhood residents,MS,1,1,Idlebriar neighborhood residents,placeholder,1,"descriptive label, not a named organization",0
G0606,Idlebriar Neighborhood Association,MS,1,1,Idlebriar Neighborhood Association,,0,,1
G0607,Iowa Sierra Club,IA,1,1,Iowa Sierra Club,,0,,1
G0608,Environment Georgia,GA,1,1,Environment Georgia,,0,,1
G0609,Stop the Data Center @ Barnsley,GA,1,1,Stop the Data Center @ Barnsley,,0,,1
G0610,Protect Cumberland County PA,PA,1,1,Protect Cumberland County PA,,0,,1
G0611,South Florida Wildlands Association,FL,1,1,South Florida Wildlands Association,,0,,1
G0612,Save Our Community (Hollenback Township),PA,1,1,Save Our Community (Hollenback Township),,0,,1
G0613,Coalition for Community Centered Data Centers in Southern Maryland,MD,1,1,Coalition for Community Centered Data Centers in Southern Maryland,,0,,1
G0614,Strong Towns Charles County,MD,1,1,Strong Towns Charles County,,0,,1
G0615,NO DATA CENTER in Lyon Township,MI,1,1,NO DATA CENTER in Lyon Township,degenerate_rate,1,n_incidents=1 below floor 5,0
G0616,Tobyhanna Township Residents Against Caughbaugh Road Data Center,PA,1,1,Tobyhanna Township Residents Against Caughbaugh Road Data Center,,0,,1
G0617,Shreveport-Bossier Anti-War Committee,LA,1,1,Shreveport-Bossier Anti-War Committee,,0,,1
G0618,Delta County residents,MI,1,1,Delta County residents,placeholder,1,"descriptive label, not a named organization",0
G0619,Mercer County residents,ND,1,1,Mercer County residents,placeholder; degenerate_rate,2,"descriptive label, not a named organization; n_incidents=1 below floor 5",0
G0620,Informed St. Mary's,MD,1,1,Informed St. Mary's,degenerate_rate,1,n_incidents=1 below floor 5,0
G0621,"No Data Centers In Urbana, OH",OH,1,1,"No Data Centers In Urbana, OH",,0,,1
G0622,Linn County residents,IA,1,1,Linn County residents,placeholder,1,"descriptive label, not a named organization",0
G0623,McDuffie County residents,GA,1,1,McDuffie County residents,placeholder; degenerate_rate,2,"descriptive label, not a named organization; n_incidents=1 below floor 5",0
G0624,Winyah Rivers Alliance,SC,1,1,Winyah Rivers Alliance,,0,,1
G0625,Marion County Concerned Citizens,SC,1,1,Marion County Concerned Citizens,,0,,1
G0626,West Louisville residents,KY,1,1,West Louisville residents,placeholder; degenerate_rate,2,"descriptive label, not a named organization; n_incidents=1 below floor 5",0
G0627,Prairie Rivers Network,IL,1,1,Prairie Rivers Network,degenerate_rate,1,n_incidents=1 below floor 5,0
G0628,"Save Our Farmlands, No Power Plant No Data Center",VA,1,1,"Save Our Farmlands, No Power Plant No Data Center",,0,,1
G0629,Louisa County residents (Don't Loudoun my Louisa),VA,1,1,Louisa County residents (Don't Loudoun my Louisa),placeholder,1,"descriptive label, not a named organization",0
G0630,Louisa County residents,VA,1,1,Louisa County residents,placeholder,1,"descriptive label, not a named organization",0
G0631,Spotsylvania County residents,VA,1,1,Spotsylvania County residents,placeholder,1,"descriptive label, not a named organization",0
G0632,Protect Catlett,VA,1,1,Protect Catlett,degenerate_rate,1,n_incidents=1 below floor 5,0
G0633,Frederick County residents,VA,1,1,Frederick County residents,placeholder,1,"descriptive label, not a named organization",0
G0634,Friends of the Meherrin River,VA,1,1,Friends of the Meherrin River,,0,,1
G0635,Chesapeake Climate Action Network (CCAN),VA,1,1,Chesapeake Climate Action Network (CCAN),degenerate_rate,1,n_incidents=1 below floor 5,0
G0636,Lake Whitney area residents,TX,1,1,Lake Whitney area residents,placeholder,1,"descriptive label, not a named organization",0
G0637,Citizens Concerned About Wolf Hollow,TX,1,1,Citizens Concerned About Wolf Hollow,,0,,1
G0638,Mitchell Bend residents,TX,1,1,Mitchell Bend residents,placeholder,1,"descriptive label, not a named organization",0
G0639,Concerned Citizens of Navarro County,TX,1,1,Concerned Citizens of Navarro County,degenerate_rate,1,n_incidents=1 below floor 5,0
G0640,Texas Coalition Against Cryptomining,TX,1,1,Texas Coalition Against Cryptomining,degenerate_rate,1,n_incidents=1 below floor 5,0
G0641,Navarro County residents,TX,1,1,Navarro County residents,placeholder; degenerate_rate,2,"descriptive label, not a named organization; n_incidents=1 below floor 5",0
G0642,Scioto Township residents (ad hoc),OH,1,1,Scioto Township residents (ad hoc),placeholder; degenerate_rate,2,"descriptive label, not a named organization; n_incidents=1 below floor 5",0
G0643,Buckeye Environmental Network,OH,1,1,Buckeye Environmental Network,,0,,1
G0644,Dexter Township Residents,MI,1,1,Dexter Township Residents,degenerate_rate,1,n_incidents=1 below floor 5,0
G0645,Sunrise Spartans (MSU),MI,1,1,Sunrise Spartans (MSU),degenerate_rate,1,n_incidents=1 below floor 5,0
G0646,Lancaster Residents Against Data Centers,PA,1,1,Lancaster Residents Against Data Centers,degenerate_rate,1,n_incidents=1 below floor 5,0
G0647,Save Frackville,PA,1,1,Save Frackville,,0,,1
G0648,East Manchester Township Residents Against Data Centers,PA,1,1,East Manchester Township Residents Against Data Centers,,0,,1
G0649,Twin Rivers Community Residents,NJ,1,1,Twin Rivers Community Residents,,0,,1
G0650,CCAN Action Fund,MD,1,1,CCAN Action Fund,degenerate_rate,1,n_incidents=1 below floor 5,0
G0651,High Falls Towaliga Watershed Alliance,GA,1,1,High Falls Towaliga Watershed Alliance,degenerate_rate,1,n_incidents=1 below floor 5,0
G0652,Stop the Data Center in Bartow County,GA,1,1,Stop the Data Center in Bartow County,,0,,1
G0653,Center for Economic Accountability,MS,1,1,Center for Economic Accountability,degenerate_rate,1,n_incidents=1 below floor 5,0
G0654,Sulphur Springs residents,TX,1,1,Sulphur Springs residents,placeholder,1,"descriptive label, not a named organization",0
G0655,Vistra / Luminant,TX,1,1,Vistra / Luminant,,0,,1
G0656,Lubbock Compact,TX,1,1,Lubbock Compact,degenerate_rate,1,n_incidents=1 below floor 5,0
G0657,Protect Wilson County Water,TX,1,1,Protect Wilson County Water,,0,,1
G0658,Stockdale area residents,TX,1,1,Stockdale area residents,placeholder,1,"descriptive label, not a named organization",0
G0659,Cedar Creek area residents,TX,1,1,Cedar Creek area residents,placeholder,1,"descriptive label, not a named organization",0
G0660,Gaines Township residents (ad hoc),MI,1,1,Gaines Township residents (ad hoc),placeholder,1,"descriptive label, not a named organization",0
G0661,Avocado Heights/Industry Hills Community Alliance,CA,1,1,Avocado Heights/Industry Hills Community Alliance,degenerate_rate,1,n_incidents=1 below floor 5,0
G0662,El Monte Neighbors United,CA,1,1,El Monte Neighbors United,degenerate_rate,1,n_incidents=1 below floor 5,0
G0663,Imperial Valley Environmental Justice Coalition,CA,1,1,Imperial Valley Environmental Justice Coalition,,0,,1
G0664,Morrow County Water Guardians,OR,1,1,Morrow County Water Guardians,,0,,1
G0665,Harlingen residents,TX,1,1,Harlingen residents,placeholder; degenerate_rate,2,"descriptive label, not a named organization; n_incidents=1 below floor 5",0
G0666,Twin Rivers Community (ad hoc),NJ,1,1,Twin Rivers Community (ad hoc),,0,,1
G0667,Seneca County Board of Supervisors,NY,1,1,Seneca County Board of Supervisors,,0,,1
G0668,CLEAN (Cayuga Lake Environmental Action Now),NY,1,1,CLEAN (Cayuga Lake Environmental Action Now),,0,,1
G0669,Tompkins County Legislature,NY,1,1,Tompkins County Legislature,,0,,1
G0670,Route 33 corridor residents,VA,1,1,Route 33 corridor residents,placeholder,1,"descriptive label, not a named organization",0
G0671,Sanford Residents Concerned About Data Centers,ME,1,1,Sanford Residents Concerned About Data Centers,,0,,1
G0672,Altamaha Riverkeeper,GA,1,1,Altamaha Riverkeeper,,0,,1
G0673,Georgians for Integrity,GA,1,1,Georgians for Integrity,,0,,1
G0674,Stockton Area Residents Against Solar,AL,1,1,Stockton Area Residents Against Solar,,0,,1
G0675,Benton Area Residents Concerned About Data Centers,LA,1,1,Benton Area Residents Concerned About Data Centers,degenerate_rate,1,n_incidents=1 below floor 5,0
G0676,Stop the Monticello Data Centers MN,MN,1,1,Stop the Monticello Data Centers MN,,0,,1
G0677,Clover Ridge Neighborhood Residents,MN,1,1,Clover Ridge Neighborhood Residents,degenerate_rate,1,n_incidents=1 below floor 5,0
G0678,Warrenton Residents Against Data Centers,MO,1,1,Warrenton Residents Against Data Centers,degenerate_rate,1,n_incidents=1 below floor 5,0
G0679,Say NO to Data Centers in Troy IL,IL,1,1,Say NO to Data Centers in Troy IL,degenerate_rate,1,n_incidents=1 below floor 5,0
G0680,Prairie District Neighborhood Alliance,IL,1,1,Prairie District Neighborhood Alliance,,0,,1
G0681,Residents for Responsible Growth,IL,1,1,Residents for Responsible Growth,,0,,1
G0682,Oklahoma ratepayer advocates,OK,1,1,Oklahoma ratepayer advocates,placeholder; degenerate_rate,2,"descriptive label, not a named organization; n_incidents=1 below floor 5",0
G0683,Susitna River Coalition,AK,1,1,Susitna River Coalition,,0,,1
G0684,New Market Village HOA,VA,1,1,New Market Village HOA,,0,,1
G0685,West Virginia Environmental Council,WV,1,1,West Virginia Environmental Council,degenerate_rate,1,n_incidents=1 below floor 5,0
G0686,West Virginia Center on Budget & Policy,WV,1,1,West Virginia Center on Budget & Policy,degenerate_rate,1,n_incidents=1 below floor 5,0
G0687,Elyria-Swansea community residents,CO,1,1,Elyria-Swansea community residents,placeholder,1,"descriptive label, not a named organization",0
G0688,GES Coalition,CO,1,1,GES Coalition,,0,,1
G0689,Tucson Clean Energy Coalition,AZ,1,1,Tucson Clean Energy Coalition,,0,,1
G0690,RAZE (Rural Arizona Engagement),AZ,1,1,RAZE (Rural Arizona Engagement),degenerate_rate,1,n_incidents=1 below floor 5,0
G0691,Defending Utah,UT,1,1,Defending Utah,degenerate_rate,1,n_incidents=1 below floor 5,0
G0692,Hill County Concerned Citizens,TX,1,1,Hill County Concerned Citizens,,0,,1
G0693,Falls Township Residents Against Data Centers,PA,1,1,Falls Township Residents Against Data Centers,degenerate_rate,1,n_incidents=1 below floor 5,0
G0694,White Clay Creek Conservation Alliance,DE,1,1,White Clay Creek Conservation Alliance,,0,,1
G0695,Thomas County residents,GA,1,1,Thomas County residents,placeholder; degenerate_rate,2,"descriptive label, not a named organization; n_incidents=1 below floor 5",0
G0696,Suwannee Riverkeeper,GA,1,1,Suwannee Riverkeeper,degenerate_rate,1,n_incidents=1 below floor 5,0
G0697,Roundyard Neighborhood Residents,MS,1,1,Roundyard Neighborhood Residents,degenerate_rate,1,n_incidents=1 below floor 5,0
G0698,Ahwatukee Foothills Residents Against Data Centers,AZ,1,1,Ahwatukee Foothills Residents Against Data Centers,,0,,1
G0699,Buckeye Residents Against Data Centers (ad hoc),AZ,1,1,Buckeye Residents Against Data Centers (ad hoc),,0,,1
G0700,Santaquin Community (ad hoc),UT,1,1,Santaquin Community (ad hoc),,0,,1
G0701,Indivisible: Downriver United 734,MI,1,1,Indivisible: Downriver United 734,degenerate_rate,1,n_incidents=1 below floor 5,0
G0702,Essex Coalition,IL,1,1,Essex Coalition,,0,,1
G0703,Sierra Club Illinois (Heart of Illinois Group),IL,1,1,Sierra Club Illinois (Heart of Illinois Group),,0,,1
G0704,Keep Leesburg Rural,IN,1,1,Keep Leesburg Rural,,0,,1
G0705,Washington Township trustees (moratorium),OH,1,1,Washington Township trustees (moratorium),degenerate_rate,1,n_incidents=1 below floor 5,0
G0706,St. Albans Township Residents,OH,1,1,St. Albans Township Residents,,0,,1
G0707,Stanton Springs Data Center (opposition Facebook page),GA,1,1,Stanton Springs Data Center (opposition Facebook page),degenerate_rate,1,n_incidents=1 below floor 5,0
G0708,Confederated Tribes of Warm Springs,OR,1,1,Confederated Tribes of Warm Springs,,0,,1
G0709,No Beloit Data Center,WI,1,1,No Beloit Data Center,,0,,1
G0710,Brazoria County residents,TX,1,1,Brazoria County residents,placeholder,1,"descriptive label, not a named organization",0
G0711,Fredericksburg residents (Great Oaks Lane neighborhood),VA,1,1,Fredericksburg residents (Great Oaks Lane neighborhood),placeholder,1,"descriptive label, not a named organization",0
G0712,Coalition for the Protection of Pittsylvania County,VA,1,1,Coalition for the Protection of Pittsylvania County,degenerate_rate,1,n_incidents=1 below floor 5,0
G0713,Stop MARL Virginia / Stop Valley Link Virginia,VA,1,1,Stop MARL Virginia / Stop Valley Link Virginia,,0,,1
G0714,Fluvanna County residents,VA,1,1,Fluvanna County residents,placeholder,1,"descriptive label, not a named organization",0
G0715,Louisa County Board of Supervisors,VA,1,1,Louisa County Board of Supervisors,,0,,1
G0716,Orange County residents,VA,1,1,Orange County residents,placeholder,1,"descriptive label, not a named organization",0
G0717,Fauquier County Board of Supervisors,VA,1,1,Fauquier County Board of Supervisors,,0,,1
G0718,Appomattox County residents,VA,1,1,Appomattox County residents,placeholder,1,"descriptive label, not a named organization",0
G0719,Friends of Chesterfield,VA,1,1,Friends of Chesterfield,,0,,1
G0720,Chesterfield NAACP,VA,1,1,Chesterfield NAACP,,0,,1
G0721,Mothers Out Front,VA,1,1,Mothers Out Front,,0,,1
G0722,Loudoun Valley Estates residents,VA,1,1,Loudoun Valley Estates residents,placeholder; degenerate_rate,2,"descriptive label, not a named organization; n_incidents=1 below floor 5",0
G0723,Loudoun County School Board,VA,1,1,Loudoun County School Board,degenerate_rate,1,n_incidents=1 below floor 5,0
G0724,Provo East District residents (ad hoc),UT,1,1,Provo East District residents (ad hoc),placeholder,1,"descriptive label, not a named organization",0
G0725,Provo East District residents,UT,1,1,Provo East District residents,placeholder,1,"descriptive label, not a named organization",0
G0726,Sarpy County Board of Commissioners,NE,1,1,Sarpy County Board of Commissioners,,0,,1
G0727,Physicians for Social Responsibility Pennsylvania,PA,1,1,Physicians for Social Responsibility Pennsylvania,,0,,1
G0728,Londonderry Township Residents (ad hoc),PA,1,1,Londonderry Township Residents (ad hoc),,0,,1
G0729,Good Trouble Monroe,MI,1,1,Good Trouble Monroe,,0,,1
G0730,Southfield Community for Growth Coalition,MI,1,1,Southfield Community for Growth Coalition,degenerate_rate,1,n_incidents=1 below floor 5,0
G0731,Coal City residents (ad hoc),IL,1,1,Coal City residents (ad hoc),placeholder,1,"descriptive label, not a named organization",0
G0732,Minooka residents (ad hoc),IL,1,1,Minooka residents (ad hoc),placeholder; degenerate_rate,2,"descriptive label, not a named organization; n_incidents=1 below floor 5",0
G0733,Data Center Watch,US,1,1,Data Center Watch,,0,,1
G0734,Move the Gas Plant,TX,1,1,Move the Gas Plant,,0,,1
G0735,Hill Country Preservation Coalition,TX,1,1,Hill Country Preservation Coalition,,0,,1
G0736,New Kent County residents (ad hoc),VA,1,1,New Kent County residents (ad hoc),placeholder,1,"descriptive label, not a named organization",0
G0737,Labadie Environmental Organization,MO,1,1,Labadie Environmental Organization,,0,,1
G0738,No AI Data Centers in Franklin County (Facebook group),MO,1,1,No AI Data Centers in Franklin County (Facebook group),,0,,1
G0739,Meade County residents,KY,1,1,Meade County residents,placeholder; degenerate_rate,2,"descriptive label, not a named organization; n_incidents=1 below floor 5",0
G0740,No Data Center in Monterey Park,CA,1,1,No Data Center in Monterey Park,,0,,1
G0741,Ardmore Neighborhood Residents,OK,1,1,Ardmore Neighborhood Residents,degenerate_rate,1,n_incidents=1 below floor 5,0
G0742,Noble Foundation,OK,1,1,Noble Foundation,degenerate_rate,1,n_incidents=1 below floor 5,0
G0743,AARP Colorado,CO,1,1,AARP Colorado,,0,,1
G0744,Stop Grant County Data Center,AR,1,1,Stop Grant County Data Center,,0,,1
G0745,Save Matthews - NO AI Data Center,NC,1,1,Save Matthews - NO AI Data Center,degenerate_rate,1,n_incidents=1 below floor 5,0
G0746,Stop Data Center Project Anthem Fair Oaks,OK,1,1,Stop Data Center Project Anthem Fair Oaks,degenerate_rate,1,n_incidents=1 below floor 5,0
G0747,Muskogee County RWD #6 NO WATER FOR DATA CENTERS,OK,1,1,Muskogee County RWD #6 NO WATER FOR DATA CENTERS,,0,,1
G0748,Concerned Citizens of Young County,TX,1,1,Concerned Citizens of Young County,,0,,1
G0749,Citizens United for Responsible Growth in Leon County,TX,1,1,Citizens United for Responsible Growth in Leon County,,0,,1
G0750,Appomattox Data Center Watch,VA,1,1,Appomattox Data Center Watch,,0,,1
G0751,Southwest Virginia Data Center Transparency Alliance,VA,1,1,Southwest Virginia Data Center Transparency Alliance,degenerate_rate,1,n_incidents=1 below floor 5,0
G0752,Botetourt Data Center Concern Group,VA,1,1,Botetourt Data Center Concern Group,degenerate_rate,1,n_incidents=1 below floor 5,0
G0753,No Data Centers - Strasburg VA,VA,1,1,No Data Centers - Strasburg VA,,0,,1
G0754,Monroe County Against Data Centers,WV,1,1,Monroe County Against Data Centers,,0,,1
G0755,No Data Center In Sheboygan,WI,1,1,No Data Center In Sheboygan,,0,,1
G0756,Raton Data Center Hub MOU Discussion,NM,1,1,Raton Data Center Hub MOU Discussion,,0,,1
G0757,No Data Centers Davenport,IA,1,1,No Data Centers Davenport,,0,,1
G0758,Concerned Citizens of Watts Township,PA,1,1,Concerned Citizens of Watts Township,,0,,1
G0759,Stop FW Data Center Campus,IN,1,1,Stop FW Data Center Campus,degenerate_rate,1,n_incidents=1 below floor 5,0
G0760,Clinton County Indiana-NO DATA CENTERS,IN,1,1,Clinton County Indiana-NO DATA CENTERS,,0,,1
G0761,Coalition to Protect Decatur County Against AI Data Center,IN,1,1,Coalition to Protect Decatur County Against AI Data Center,degenerate_rate,1,n_incidents=1 below floor 5,0
G0762,Bristol United: No Data Center,IN,1,1,Bristol United: No Data Center,degenerate_rate,1,n_incidents=1 below floor 5,0
G0763,Say No to Data Centers in LaPorte County,IN,1,1,Say No to Data Centers in LaPorte County,degenerate_rate,1,n_incidents=1 below floor 5,0
G0764,Shelby County citizens against data centers,IN,1,1,Shelby County citizens against data centers,placeholder; degenerate_rate,2,"descriptive label, not a named organization; n_incidents=1 below floor 5",0
G0765,Warrick County Data Center Discussion,IN,1,1,Warrick County Data Center Discussion,,0,,1
G0766,Flip the Switch Berrien County MI,MI,1,1,Flip the Switch Berrien County MI,,0,,1
G0767,Stop the CCP Ford Marshall Megasite,MI,1,1,Stop the CCP Ford Marshall Megasite,,0,,1
G0768,Dowagiac AI DATA CENTER,MI,1,1,Dowagiac AI DATA CENTER,,0,,1
G0769,Kalkaska Citizens Against the Proposed Data Center,MI,1,1,Kalkaska Citizens Against the Proposed Data Center,degenerate_rate,1,n_incidents=1 below floor 5,0
G0770,Piqua Citizens Against the Data Centers,OH,1,1,Piqua Citizens Against the Data Centers,degenerate_rate,1,n_incidents=1 below floor 5,0
G0771,Woodville & Gibsonburg Data Center,OH,1,1,Woodville & Gibsonburg Data Center,,0,,1
G0772,No Waterford Data Center (Ohio),OH,1,1,No Waterford Data Center (Ohio),,0,,1
G0773,Crawford County Community in Action,GA,1,1,Crawford County Community in Action,degenerate_rate,1,n_incidents=1 below floor 5,0
G0774,Stop Floyd County Hwy 53 Data Center,GA,1,1,Stop Floyd County Hwy 53 Data Center,degenerate_rate,1,n_incidents=1 below floor 5,0
G0775,We say NO! to Atlas Development,GA,1,1,We say NO! to Atlas Development,degenerate_rate,1,n_incidents=1 below floor 5,0
G0776,No Data Center Paulding County Georgia,GA,1,1,No Data Center Paulding County Georgia,,0,,1
G0777,Forest Grove neighbors (ad hoc),OR,1,1,Forest Grove neighbors (ad hoc),placeholder; degenerate_rate,2,"descriptive label, not a named organization; n_incidents=1 below floor 5",0
G0778,Upper New River Keeper Foundation,NC,1,1,Upper New River Keeper Foundation,degenerate_rate,1,n_incidents=1 below floor 5,0
G0779,Washington County Planning Commission,TN,1,1,Washington County Planning Commission,degenerate_rate,1,n_incidents=1 below floor 5,0
G0780,"Columbia County residents (Gregory P. Guido Jr., petitioner)",GA,1,1,"Columbia County residents (Gregory P. Guido Jr., petitioner)",placeholder,1,"descriptive label, not a named organization",0
G0781,Nature Forward,MD,1,1,Nature Forward,,0,,1
G0782,Gunpowder Riverkeeper,MD,1,1,Gunpowder Riverkeeper,,0,,1
G0783,Pennsylvania Environmental Council,PA,1,1,Pennsylvania Environmental Council,,0,,1
G0784,Boulder City Climate Action Group,NV,1,1,Boulder City Climate Action Group,,0,,1
G0785,Watauga Riverkeeper,NC,1,1,Watauga Riverkeeper,,0,,1
G0786,Upper New River Riverkeeper,NC,1,1,Upper New River Riverkeeper,,0,,1
G0787,Apple Valley Eco Advocates,MN,1,1,Apple Valley Eco Advocates,,0,,1
G0788,Stop the AI Data Center in Independence (Facebook group),MO,1,1,Stop the AI Data Center in Independence (Facebook group),degenerate_rate,1,n_incidents=1 below floor 5,0
G0789,Stop AI Data Center on Long Ferry Rd. (community group),NC,1,1,Stop AI Data Center on Long Ferry Rd. (community group),,0,,1
G0790,Protect Round Rock,TX,1,1,Protect Round Rock,degenerate_rate,1,n_incidents=1 below floor 5,0
G0791,Round Rock residents,TX,1,1,Round Rock residents,placeholder; degenerate_rate,2,"descriptive label, not a named organization; n_incidents=1 below floor 5",0
G0792,WV Rivers,WV,1,1,WV Rivers,degenerate_rate,1,n_incidents=1 below floor 5,0
G0793,League of Women Voters of West Virginia,WV,1,1,League of Women Voters of West Virginia,degenerate_rate,1,n_incidents=1 below floor 5,0
G0794,West Virginians Against Transmission Injustice (WATI),WV,1,1,West Virginians Against Transmission Injustice (WATI),,0,,1
G0795,Jupiter Watch,NM,1,1,Jupiter Watch,,0,,1
G0796,New Mexico Water Advocates,NM,1,1,New Mexico Water Advocates,,0,,1
G0797,Ohio Residents for Responsible Development,OH,1,1,Ohio Residents for Responsible Development,,0,,1
G0798,Citizens Utility Board,DC,1,1,Citizens Utility Board,,0,,1
G0799,Detroit DSA,MI,1,1,Detroit DSA,,0,,1
G0800,Stop the Hutto Data Center,TX,1,1,Stop the Hutto Data Center,degenerate_rate,1,n_incidents=1 below floor 5,0
G0801,Integrity Matters,CO,1,1,Integrity Matters,degenerate_rate,1,n_incidents=1 below floor 5,0
G0802,Virginia Sierra Club,VA,1,1,Virginia Sierra Club,degenerate_rate,1,n_incidents=1 below floor 5,0
G0803,South Texas Environmental Justice Network,TX,1,1,South Texas Environmental Justice Network,,0,,1
G0804,Elbert County residents,CO,1,1,Elbert County residents,placeholder; degenerate_rate,2,"descriptive label, not a named organization; n_incidents=1 below floor 5",0
G0805,Elbert County Board of Commissioners,CO,1,1,Elbert County Board of Commissioners,degenerate_rate,1,n_incidents=1 below floor 5,0
G0806,Louisiana Energy Users Group,LA,1,1,Louisiana Energy Users Group,degenerate_rate,1,n_incidents=1 below floor 5,0
G0807,"Our Land, Our Home, Our Harford",MD,1,1,"Our Land, Our Home, Our Harford",,0,,1
G0808,Holly Ridge residents,LA,1,1,Holly Ridge residents,placeholder,1,"descriptive label, not a named organization",0
G0809,IEEFA,LA,1,1,IEEFA,,0,,1
G0810,Sierra Club Tennessee Chapter / Chickasaw Group,TN,1,1,Sierra Club Tennessee Chapter / Chickasaw Group,,0,,1
G0811,"Memphis City Council members (Cooper-Sutton, Walker, Ford Sr.)",TN,1,1,"Memphis City Council members (Cooper-Sutton, Walker, Ford Sr.)",degenerate_rate,1,n_incidents=1 below floor 5,0
G0812,Troposphere Legal,MI,1,1,Troposphere Legal,degenerate_rate,1,n_incidents=1 below floor 5,0
G0813,Michigan AG Dana Nessel,MI,1,1,Michigan AG Dana Nessel,degenerate_rate,1,n_incidents=1 below floor 5,0
G0814,Save Port Washington,WI,1,1,Save Port Washington,,0,,1
G0815,Citizens Utility Board of Wisconsin,WI,1,1,Citizens Utility Board of Wisconsin,,0,,1
G0816,Milwaukee Riverkeeper,WI,1,1,Milwaukee Riverkeeper,,0,,1
G0817,Mahoney family,WI,1,1,Mahoney family,degenerate_rate,1,n_incidents=1 below floor 5,0
G0818,Jensen family,WI,1,1,Jensen family,degenerate_rate,1,n_incidents=1 below floor 5,0
G0819,Wisconsin Conservation Voters,WI,1,1,Wisconsin Conservation Voters,degenerate_rate,1,n_incidents=1 below floor 5,0
G0820,Reserve Wythe,VA,1,1,Reserve Wythe,,0,,1
G0821,Charlotte's Party for Socialism and Liberation,NC,1,1,Charlotte's Party for Socialism and Liberation,,0,,1
G0822,Yale Environmental Justice Law and Advocacy Clinic,MA,1,1,Yale Environmental Justice Law and Advocacy Clinic,,0,,1
G0823,Alliance for a Better Utah,UT,1,1,Alliance for a Better Utah,,0,,1
G0824,Backcountry Hunters and Anglers (Alaska chapter),AK,1,1,Backcountry Hunters and Anglers (Alaska chapter),,0,,1
G0825,Cayuga Lake Environmental Action Now,NY,1,1,Cayuga Lake Environmental Action Now,,0,,1
G0826,Emporia Neighbors United,KS,1,1,Emporia Neighbors United,,0,,1
G0827,Alabama Citizens Against Data Centers,AL,1,1,Alabama Citizens Against Data Centers,,0,,1
G0828,Sowega Aquifer Alliance,GA,1,1,Sowega Aquifer Alliance,,0,,1
