project_id,project_name,outcome,label_blocked,n_opposition_events,n_opposition_groups,has_lawsuit,opposition_span_days,county_margin_2024,log10_capacity_mw,capacity_missing,petition_signatures_log1p,hyperscaler_involved,log1p_existing_dc_in_county,days_to_first_opposition,log1p_prior_state_opposition,mech_moratorium,mech_zoning_restriction,mech_lawsuit,mech_public_comment,mech_legislation,mech_ordinance,mech_regulatory_action,mech_petition
prj_3,Meta Platforms Montgomery,advanced_confirmed,0,1,1,0,0.0,0.3073,2.0,0,0.0,1,0.0,679,0.0,0,0,0,0,1,0,0,0
prj_5,DC BLOX Birmingham,advanced_confirmed,0,1,1,0,0.0,0.1044,1.6020599913279625,0,0.0,0,0.0,193,1.0986122886681096,0,0,0,0,0,0,0,0
prj_8,Columbiana Mining Facility and Data Center,advanced_confirmed,0,1,1,0,0.0,-0.4084,1.7403626894942439,0,0.0,0,0.0,1508,0.0,0,1,0,0,0,0,0,0
prj_15,Prudhoe Bay Data Center,advanced_confirmed,0,1,0,0,0.0,,2.0791812460476247,0,0.0,0,0.0,,0.0,0,1,0,0,0,1,0,0
prj_20,Vilonia Cryptomine,blocked_confirmed,1,1,0,0,0.0,-0.3232,,1,0.0,0,0.0,518,0.6931471805599453,0,1,0,0,0,1,0,0
prj_23,NE Edge Groton Data Center,blocked_confirmed,1,2,3,0,573.0,,2.4771212547196626,0,0.0,0,0.0,0,0.6931471805599453,1,1,0,0,0,0,0,0
prj_34,Project Rainier,advanced_confirmed,0,1,0,0,0.0,0.0148,3.380211241711606,0,0.0,1,0.0,584,1.3862943611198906,0,0,0,1,0,0,0,0
prj_38,Project Louie,advanced_confirmed,0,1,3,1,0.0,-0.5433,3.0791812460476247,0,7.9102237070973445,1,0.0,181,1.6094379124341003,0,0,1,0,0,0,0,0
prj_39,Hancock County MegaSite,blocked_confirmed,1,2,1,0,301.0,-0.3371,,1,6.803505257608338,0,0.0,61,1.6094379124341003,0,1,0,0,1,0,0,0
prj_41,Pike Township Data Center,blocked_confirmed,1,1,2,0,0.0,0.2768,0.6020599913279624,0,0.0,0,0.0,397,1.6094379124341003,0,1,0,0,0,0,0,0
prj_44,Microsoft La Porte Data Center,advanced_confirmed,0,2,1,0,35.0,-0.1414,2.7307822756663893,0,0.0,1,0.0,833,0.6931471805599453,0,1,0,1,0,0,0,0
prj_45,Project Domino,advanced_confirmed,0,1,2,0,0.0,-0.1601,3.0,0,7.8567067930958405,1,0.0,273,1.3862943611198906,0,1,0,1,0,0,0,0
prj_48,Project Flo,blocked_confirmed,1,1,2,0,0.0,0.2768,2.6020599913279625,0,9.009080614161977,1,0.0,205,1.6094379124341003,0,0,0,0,0,0,0,0
prj_51,Project Zodiac,advanced_confirmed,0,1,1,0,0.0,-0.1247,,1,0.0,1,0.0,0,0.6931471805599453,0,0,0,1,0,0,0,0
prj_56,Edged Des Moines,advanced_confirmed,0,2,0,0,35.0,0.1089,1.1139433523068367,0,0.0,0,0.0,436,1.6094379124341003,1,0,0,0,0,0,0,0
prj_58,Google Council Bluffs,advanced_confirmed,0,2,0,0,0.0,-0.1997,,1,0.0,0,0.0,896,0.0,1,1,0,0,0,0,0,0
prj_83,PowerHouse Louisville,advanced_confirmed,0,3,4,0,242.0,0.1655,2.6020599913279625,0,0.0,0,0.0,253,0.0,1,0,0,1,0,0,0,0
prj_85,Bates Mill No. 3. Data Center,blocked_confirmed,1,2,3,0,179.0,-0.0609,1.380211241711606,0,0.0,0,0.0,349,0.0,1,1,0,0,0,0,0,0
prj_94,Quantum Frederick,advanced_confirmed,0,4,4,1,189.0,0.0881,2.4216039268698313,0,9.953705268696746,1,0.0,1818,0.0,0,1,1,0,1,0,1,0
prj_96,Johns Hopkins Data Science and Artificial Intelligence Institute (DSAI),advanced_confirmed,0,1,2,0,0.0,0.245,,1,0.0,1,0.0,738,0.0,0,0,0,0,0,0,1,0
prj_102,Project Mitten / The Barn,advanced_confirmed,0,9,7,1,267.0,0.4442,3.146128035678238,0,9.162514742493578,1,0.0,0,2.0794415416798357,1,1,1,0,0,0,1,0
prj_106,Rocklocker Kalkaska Data Center,blocked_confirmed,1,3,1,0,195.0,-0.4287,3.0,0,0.0,1,0.0,304,0.0,0,0,0,1,0,0,1,0
prj_111,Deep Green Lansing Data Center,blocked_confirmed,1,3,5,0,81.0,0.2971,1.380211241711606,0,8.8427489162961,0,0.0,75,2.70805020110221,0,1,0,0,0,0,0,0
prj_112,Pavilion Township Data Center,blocked_confirmed,1,1,1,0,0.0,0.1773,,1,9.848925764543445,0,0.0,365,0.0,1,0,0,0,0,0,0,0
prj_119,Amazon Ridgeland,advanced_confirmed,0,1,0,0,0.0,-0.1729,,1,0.0,0,0.0,865,0.0,0,0,0,0,0,0,1,0
prj_121,Meridian Compass Data Center,advanced_confirmed,0,2,1,0,58.0,-0.212,2.6989700043360187,0,0.0,0,0.0,304,0.0,0,0,0,1,0,0,0,0
prj_123,xAI MACROHARDRR,advanced_confirmed,0,7,5,1,232.0,,2.694605198933569,0,7.21890970761906,1,0.0,0,1.791759469228055,0,0,1,1,0,0,1,0
prj_124,Taurus Data Center Hub,advanced_confirmed,0,1,1,0,0.0,-0.4713,2.6532125137753435,0,7.057897937411856,0,0.0,31,0.6931471805599453,0,0,0,1,0,0,0,0
prj_125,Amazon Madison Mega Site,advanced_confirmed,0,3,8,1,39.0,-0.1729,,1,0.0,1,0.0,790,0.0,0,0,1,1,0,0,0,0
prj_126,Nebius Independence Hyperscale Campus,advanced_confirmed,0,2,2,1,25.0,0.1933,2.9030899869919438,0,8.160803920954665,0,0.0,15,1.6094379124341003,0,1,1,1,0,0,0,0
prj_137,Marshfield Webster Data Center,advanced_confirmed,0,1,0,0,0.0,-0.6225,,1,0.0,0,0.0,130,1.6094379124341003,0,0,0,1,0,0,0,0
prj_138,Project Cumulus,blocked_confirmed,1,4,9,1,227.0,-0.1697,2.3979400086720375,0,8.990939806940807,0,0.0,245,0.6931471805599453,1,1,1,1,0,1,0,0
prj_146,DataOne Vineland,advanced_confirmed,0,1,4,0,0.0,-0.0375,2.4771212547196626,0,0.0,1,0.0,722,0.0,0,1,0,0,0,0,0,0
prj_149,New Brunswick Data Center,blocked_confirmed,1,1,6,0,0.0,0.0804,,1,0.0,0,0.0,414,0.0,0,1,0,0,0,0,0,0
prj_150,American Tower Mount Royal,blocked_confirmed,1,2,6,1,39.0,-0.028,0.6020599913279624,0,0.0,0,0.0,12,2.772588722239781,0,0,1,1,0,0,0,0
prj_151,CoreWeave Kenilworth,advanced_confirmed,0,6,0,0,227.0,0.2421,2.3979400086720375,0,0.0,0,0.0,304,0.0,0,1,0,1,0,1,0,0
prj_152,Monroe Township Data Center,blocked_confirmed,1,2,2,0,27.0,-0.028,,1,6.55250788703459,0,0.0,11,2.772588722239781,1,1,0,0,0,0,0,0
prj_154,Millville Energy & Data Center Campus,blocked_confirmed,1,1,0,0,0.0,-0.0375,,1,0.0,0,0.0,18,3.091042453358316,1,0,0,0,0,1,0,0
prj_171,CLT10 Uptown Expansion,advanced_confirmed,0,2,0,1,87.0,0.3289,,1,8.699681400989514,0,0.0,464,1.6094379124341003,1,0,1,1,0,0,0,0
prj_172,Greensboro Dream Center,advanced_confirmed,0,1,3,0,0.0,0.2184,1.0,0,0.0,0,0.0,,0.0,0,0,0,0,0,0,0,0
prj_175,T5 Data Centers Kings Mountain,advanced_confirmed,0,1,1,0,0.0,,2.0791812460476247,0,0.0,0,0.0,,0.0,1,0,0,0,0,0,0,0
prj_178,Natelli Investments New Hill Digital Campus,blocked_confirmed,1,2,1,0,221.0,,2.3979400086720375,0,8.607582191143917,0,0.0,,0.0,1,0,0,0,0,0,0,0
prj_182,Rowan County Data Center,advanced_confirmed,0,4,3,0,263.0,-0.3591,2.3979400086720375,0,8.768107539675803,0,0.0,212,1.6094379124341003,1,0,0,1,1,0,0,0
prj_184,AWS Richmond County Campus,advanced_confirmed,0,1,0,1,0.0,-0.2088,,1,0.0,0,0.0,610,1.6094379124341003,0,0,1,0,0,0,0,0
prj_186,Charlotte University City Data Center,advanced_confirmed,0,1,1,0,0.0,0.3289,,1,0.0,0,0.0,,0.0,0,0,0,1,0,0,0,0
prj_191,American Tower RA1,advanced_confirmed,0,1,0,0,0.0,0.2555,,1,0.0,1,0.0,,0.0,0,0,0,0,0,0,0,0
prj_192,Tract Mooresville Technology Park,blocked_confirmed,1,3,2,1,322.0,-0.3262,,1,6.398594934535208,1,0.0,12,1.6094379124341003,0,1,1,0,0,0,0,0
prj_193,Project Accelerate,blocked_confirmed,1,1,1,0,0.0,0.3289,,1,8.002359546252707,0,0.0,0,2.302585092994046,0,0,0,0,0,0,0,0
prj_195,Polaris Forge 1,advanced_confirmed,0,2,1,0,319.0,-0.5224,2.6020599913279625,0,0.0,0,0.0,1065,0.0,1,0,0,0,1,0,0,0
prj_197,Polaris Forge 2,advanced_confirmed,0,1,1,0,0.0,-0.0842,2.4471580313422194,0,0.0,0,0.0,24,1.6094379124341003,0,0,0,1,0,0,0,0
prj_204,QTS New Albany Campus,advanced_confirmed,0,1,0,0,0.0,-0.3001,1.8920946026904804,0,0.0,1,0.0,622,0.0,0,0,0,0,0,0,0,0
prj_205,AWS Hillard Campus,advanced_confirmed,0,2,1,1,127.0,0.284,2.582063362911709,0,6.398594934535208,1,0.0,155,1.6094379124341003,0,1,1,0,0,0,0,0
prj_208,5C Springfield,advanced_confirmed,0,1,0,0,0.0,-0.2953,2.1760912590556813,0,0.0,0,0.0,531,0.0,1,0,0,0,0,0,0,0
prj_215,Google Lockbourne,advanced_confirmed,0,1,0,1,0.0,0.284,,1,0.0,0,0.0,1952,0.0,0,1,1,0,0,0,0,0
prj_216,Project Cosmos,advanced_confirmed,0,1,1,0,0.0,-0.2963,,1,0.0,1,0.0,245,0.0,1,0,0,0,0,0,0,0
prj_218,Strata Expanse AI Center of Excellence,advanced_confirmed,0,2,2,0,39.0,-0.5054,1.9030899869919435,0,8.62604759632832,0,0.0,0,2.639057329615259,1,0,0,0,0,0,0,0
prj_240,Meta Bowling Green Data Center,advanced_confirmed,0,7,4,0,462.0,-0.1015,,1,7.504391559161238,1,0.0,551,0.0,1,1,0,0,0,0,0,0
prj_243,Project Hazelnut,blocked_confirmed,1,2,1,1,170.0,-0.1917,,1,0.0,0,0.0,201,0.0,0,1,1,0,0,0,0,0
prj_248,Blakely AI Data Center,blocked_confirmed,1,1,1,0,0.0,0.0279,2.6020599913279625,0,7.644440761556566,0,0.0,42,0.0,0,1,0,0,0,0,0,0
prj_254,CoreWeave Lancaster,advanced_confirmed,0,2,5,0,5.0,-0.1595,2.4771212547196626,0,7.790282380703483,0,0.0,92,0.0,0,1,0,0,0,0,0,0
prj_256,PAX – Pennsylvania Digital I,advanced_confirmed,0,2,1,1,67.0,-0.0944,3.130333768495006,0,0.0,0,0.0,243,0.0,0,1,1,1,0,0,0,0
prj_264,Archbald I LLC Data Center Campuses,blocked_confirmed,1,1,1,0,0.0,0.0279,,1,0.0,0,0.0,177,1.9459101490553132,0,1,0,0,0,0,0,0
prj_265,Former Air Products Headquarters Data Center,blocked_confirmed,1,1,2,1,0.0,0.0269,,1,0.0,0,0.0,117,2.5649493574615367,0,0,1,0,0,0,0,0
prj_266,Pennhurst Data Center,blocked_confirmed,1,1,4,0,0.0,0.1446,,1,10.169882145844653,0,0.0,0,1.9459101490553132,0,1,0,0,0,0,0,0
prj_268,Dickson City Data Centers,blocked_confirmed,1,1,1,0,0.0,0.0279,,1,7.6362696033793735,0,0.0,104,2.5649493574615367,0,1,0,0,0,0,0,0
prj_273,Ransom Township Data Center,blocked_confirmed,1,2,2,1,18.0,0.0279,,1,0.0,0,0.0,88,2.8903717578961645,0,1,1,0,0,0,0,0
prj_276,Project Phoenix,advanced_confirmed,0,15,13,1,534.0,-0.2071,3.406540180433955,0,0.0,1,0.0,0,0.0,0,1,1,1,0,0,1,0
prj_280,Talen Energy Rezone Request for Possible Data Center in Montour County,blocked_confirmed,1,3,1,0,169.0,-0.2101,,1,8.006700845440367,1,0.0,405,0.0,1,1,0,0,0,1,0,0
prj_287,North Coventry Township Data Center,blocked_confirmed,1,1,1,0,0.0,0.1446,,1,0.0,0,0.0,22,3.1780538303479458,0,1,0,0,0,0,0,0
prj_293,South Annville Township Data Center,blocked_confirmed,1,2,0,0,1.0,-0.3195,,1,0.0,0,0.0,42,3.9889840465642745,0,0,0,0,0,1,0,0
prj_312,Stonebridge Lawrence Data Center,blocked_confirmed,1,1,0,1,0.0,-0.3377,,1,0.0,0,0.0,15,4.430816798843313,0,0,1,0,0,0,0,0
prj_333,Applied Digital Toronto,blocked_confirmed,1,1,1,0,0.0,-0.5174,2.6334684555795866,0,0.0,0,0.0,250,0.0,0,1,0,0,0,0,0,0
prj_334,xAI Colossus 1,advanced_confirmed,0,13,9,1,534.0,0.2537,,1,0.0,1,0.0,238,0.6931471805599453,0,0,1,1,0,0,1,0
prj_335,xAI Colossus 2,advanced_confirmed,0,12,11,1,442.0,0.2537,,1,0.0,1,0.0,62,1.791759469228055,0,1,1,1,1,1,1,0
prj_336,Meta Gallatin,advanced_confirmed,0,1,0,0,0.0,-0.4183,2.4771212547196626,0,0.0,0,0.0,2401,0.0,1,0,0,0,0,0,0,0
prj_338,RadiusDC Nashville I,advanced_confirmed,0,1,1,0,0.0,0.2745,1.0791812460476249,0,0.0,0,0.0,8,2.8903717578961645,0,0,0,1,0,0,0,0
prj_339,5C Memphis Data Center,advanced_confirmed,0,1,1,0,0.0,0.2537,1.7781512503836436,0,7.529943370601589,0,0.0,117,2.995732273553991,0,0,0,0,1,0,0,0
prj_349,Monarch Compute Campus and Mountaineer Gigasystem,advanced_confirmed,0,1,0,0,0.0,-0.5804,3.3010299956639813,0,0.0,0,0.0,508,0.0,0,0,0,0,0,0,0,0
prj_375,Provident Charleston,blocked_confirmed,1,2,2,0,338.0,-0.1048,,1,4.77912349311153,0,0.0,31,0.6931471805599453,0,1,0,0,0,0,0,0
prj_1002,Province Group Perry Village Data Center Campus,blocked_confirmed,1,1,1,0,0.0,-0.1435,,1,5.356586274672012,0,0.0,,0.0,0,1,0,0,0,0,0,0
prj_1003,Meta Hyperion,advanced_confirmed,0,10,7,1,327.0,-0.394,,1,0.0,1,0.0,124,1.0986122886681096,0,0,1,1,0,0,1,0
prj_1010,Project Sail Data Center,advanced_confirmed,0,1,3,0,0.0,-0.3386,2.9542425094393248,0,8.987321812850125,0,0.0,562,1.0986122886681096,1,1,0,0,0,0,0,0
prj_1011,Howell Township Data Center (Project Splitrock),blocked_confirmed,1,1,2,0,0.0,-0.2395,,1,8.262042843966942,1,0.0,80,1.791759469228055,1,0,0,0,0,0,0,0
prj_1012,Natelli Vance County Data Center,advanced_confirmed,0,2,3,0,66.0,0.1335,,1,0.0,0,0.0,12,2.639057329615259,1,1,0,0,0,0,0,0
