place,place_norm,state,county,fips,source
Adair,adair,IA,Adair,19001,repo_records
Adairsville area (Bartow County),adairsville area,GA,Bartow,13015,repo_records
Ahwatukee (Phoenix),ahwatukee,AZ,Maricopa,04013,repo_records
Akron,akron,IN,Fulton,18049,repo_records
Akron,akron,OH,Fulton,39051,repo_records
Town of Alabama (Genesee County),alabama,NY,Genesee,36037,repo_records
Alachua,alachua,FL,Alachua,12001,repo_records
Albany,albany,GA,Dougherty,13095,repo_records
Albany,albany,NY,Albany,36001,repo_records
Aliquippa,aliquippa,PA,Beaver,42007,repo_records
Allen Township,allen,PA,Northampton,42095,repo_records
Allen County / Fort Wayne,allen county fort wayne,IN,Allen,18003,repo_records
Allen Park,allen park,MI,Wayne,26163,repo_records
Allentown,allentown,PA,Lehigh,42077,repo_records
"City of Allentown (Bill 20 data center zoning tabled after marathon hearing), PA",allentown pa,PA,Lehigh,42077,repo_records
Altoona,altoona,IA,Polk,19153,repo_records
"Americus / Lyon County (Flint Hills Digital Campus), KS",americus lyon county ks,KS,Lyon,20111,repo_records
Ames,ames,IA,Story,19169,repo_records
Amwell Township,amwell,PA,Washington,42125,repo_records
Anchorage,anchorage,AK,Anchorage,02020,repo_records
"Anderson County (2-year moratorium on data centers, crypto mining, battery storage), TN",anderson county tn,TN,Anderson,47001,repo_records
Andover Township,andover,NJ,Sussex,34037,repo_records
"Andover Township Committee (Sussex County — ban announced after viral tense meeting at former Newton/Jump airport site), NJ",andover township committee nj,NJ,Sussex,34037,repo_records
Ankeny,ankeny,IA,Polk,19153,repo_records
Ann Arbor Township,ann arbor,MI,Washtenaw,26161,repo_records
Anthony Township,anthony,PA,Montour,42093,repo_records
Town of Apex,apex,NC,Wake,37183,repo_records
Apple Valley,apple valley,MN,Dakota,27037,repo_records
Archbald,archbald,PA,Lackawanna,42069,repo_records
Ardmore,ardmore,OK,Carter,40019,repo_records
Armada Township,armada,MI,Macomb,26099,repo_records
Army Corps of Engineers (Google Little Rock),army corps of engineers,AR,Pulaski,05119,repo_records
City of Asbury Park,asbury park,NJ,Monmouth,34025,repo_records
Ashville (Pickaway County),ashville,OH,Pickaway,39129,repo_records
City of Atlanta,atlanta,GA,Fulton,13121,repo_records
Auburn,auburn,AL,Lee,01081,repo_records
Augusta,augusta,GA,Richmond,13245,repo_records
Augusta Charter Township,augusta,MI,Washtenaw,26161,repo_records
Baltimore,baltimore,MD,Baltimore,24005,repo_records
Baltimore City (Baltimore Peninsula TIF ban),baltimore,MD,Baltimore City,24510,repo_records
Bangor,bangor,ME,Penobscot,23019,repo_records
Banks Township; Packer Township,banks township packer,PA,Carbon,42025,repo_records
Barberton,barberton,OH,Summit,39153,repo_records
Barrington Hills,barrington hills,IL,Cook,17031,repo_records
Beaver Dam,beaver dam,WI,Dodge,55027,repo_records
City of Becker,becker,MN,Sherburne,27141,repo_records
Bedington,bedington,WV,Berkeley,54003,repo_records
Town of Beloit,beloit,WI,Rock,55105,repo_records
Benton Charter Township,benton,MI,Berrien,26021,repo_records
Bernards Township,bernards,NJ,Somerset,34035,repo_records
Bessemer,bessemer,AL,Jefferson,01073,repo_records
Bethel Township,bethel,PA,Lebanon,42075,repo_records
Big Beaver Borough,big beaver,PA,Beaver,42007,repo_records
"Big Beaver Borough (Switch $1.4B campus town hall amid opposition), PA",big beaver borough pa,PA,Beaver,42007,repo_records
Big Rapids Township,big rapids,MI,Mecosta,26107,repo_records
Birmingham,birmingham,AL,Jefferson,01073,repo_records
"Birmingham (amended class action alleging city-developer conspiracy to evade DC moratorium), AL",birmingham al,AL,Jefferson,01073,repo_records
Blakely (Early County),blakely,GA,Early,13099,repo_records
Blakely,blakely,PA,Lackawanna,42069,repo_records
Blanchard (North Caddo Parish),blanchard,LA,Caddo,22017,repo_records
Blanchester,blanchester,OH,Clinton,39027,repo_records
Blumenthal-Hawley GRID Act (federal),blumenthal hawley grid act,DC,District of Columbia,11001,repo_records
Boardman,boardman,OR,Morrow,41049,repo_records
Boiling Spring Lakes,boiling spring lakes,NC,Brunswick,37019,repo_records
Bonner (Missoula County),bonner,MT,Missoula,30063,repo_records
Town of Boone,boone,NC,Watauga,37189,repo_records
"Boone County Area Plan Commission (moratorium recommendation), IN",boone county area plan commission in,IN,Boone,18011,repo_records
Botkins,botkins,OH,Shelby,39149,repo_records
Boulder City,boulder,NV,Clark,32003,repo_records
"Boulder City, NV (Townsite Solar 2 Data Center — second town hall + ballot initiative)",boulder city nv,NV,Clark,32003,repo_records
Bourbon County Commission,bourbon county commission,KS,Bourbon,20011,repo_records
Bowling Green,bowling green,KY,Warren,21227,repo_records
"Box Elder County Commission (Stratos/MIDA partnership approval; referendum filed May 6), UT",box elder county commission ut,UT,Box Elder,49003,repo_records
"Box Elder County / MIDA (civil-rights lawsuit over Stratos project), UT",box elder county mida ut,UT,Box Elder,49003,repo_records
"Box Elder County (Stratos opponents sue to force a referendum on MIDA resolutions), UT",box elder county ut,UT,Box Elder,49003,repo_records
"Boyd County (TeraWulf ""Muskie"" data campus opposition), KY",boyd county ky,KY,Boyd,21019,repo_records
Brandon,brandon,MS,Rankin,28121,repo_records
"City of Brawley (data center moratorium passed 3-2), CA",brawley ca,CA,Imperial,06025,repo_records
Brentwood,brentwood,MO,St. Louis,29189,repo_records
Briar Creek Township,briar creek,PA,Columbia,42037,repo_records
City of Bristol,bristol,TN,Sullivan,47163,repo_records
Broadview,broadview,MT,Yellowstone,30111,repo_records
Broken Arrow,broken arrow,OK,Tulsa,40143,repo_records
Broken Bow,broken bow,NE,Custer,31041,repo_records
"Town of Brookhaven (Yaphank — 18-month data center moratorium hearing set), NY",brookhaven ny,NY,Suffolk,36103,repo_records
Brookings,brookings,SD,Brookings,46011,repo_records
Brookwood,brookwood,AL,Tuscaloosa,01125,repo_records
"Brown County (committee declines countywide data center moratorium), WI",brown county wi,WI,Brown,55009,repo_records
"Town of Brunswick (180-day data center moratorium), ME",brunswick me,ME,Cumberland,23005,repo_records
Bryan,bryan,TX,Brazos,48041,repo_records
Buck Creek Township,buck creek,IN,Hancock,18059,repo_records
Buckeye,buckeye,AZ,Maricopa,04013,repo_records
Buffalo,buffalo,WV,Putnam,54079,repo_records
"Bulloch County Commissioners (5-0 moratorium extension through Dec 31; 5-0 to draft permanent prohibition), GA",bulloch county commissioners ga,GA,Bulloch,13031,repo_records
Bulls Gap,bulls gap,TN,Hawkins,47073,repo_records
Burgettstown,burgettstown,PA,Washington,42125,repo_records
Burgin City Council (annexation for hyperscale data center),burgin city council,KY,Mercer,21167,repo_records
Burkville,burkville,AL,Lowndes,01085,repo_records
Town of Burns Harbor,burns harbor,IN,Porter,18127,repo_records
Butler Township,butler,PA,Schuylkill,42107,repo_records
Butler County Fiscal Court,butler county fiscal court,KY,Butler,21031,repo_records
Butte,butte,MT,Silver Bow,30093,repo_records
Cache County Council,cache county council,UT,Cache,49005,repo_records
Caddo-Bossier Parishes (Shreveport area),caddo bossier parishes,LA,Caddo,22017,repo_records
Caledonia Township,caledonia,MI,Kent,26081,repo_records
Village of Caledonia,caledonia,WI,Racine,55101,repo_records
"City of Calexico (proposed data center moratorium), CA",calexico ca,CA,Imperial,06025,repo_records
"Calipatria City Council (Imperial County — interim 5-year moratorium introduced), CA",calipatria city council ca,CA,Imperial,06025,repo_records
"Camdenton Board of Aldermen, MO",camdenton board of aldermen mo,MO,Camden,29029,repo_records
"Campbell County Board of Supervisors, VA",campbell county board of supervisors va,VA,Campbell,51031,repo_records
Canton,canton,MS,Madison,28089,repo_records
Town of Canton,canton,NC,Haywood,37087,repo_records
Town of Carlton,carlton,WI,Kewaunee,55061,repo_records
City of Carver,carver,MN,Carver,27019,repo_records
Cascade Township,cascade,MI,Kent,26081,repo_records
Cascade Locks Port Authority,cascade locks port authority,OR,Hood River,41027,repo_records
Cassville,cassville,WI,Grant,55043,repo_records
"Cave City Council, KY",cave city council ky,KY,Barren,21009,repo_records
"Cedar Hill (Robertson County — mayor proposing 2-year data center + crypto moratorium), TN",cedar hill tn,TN,Robertson,47147,repo_records
Cedar Rapids,cedar rapids,IA,Linn,19113,repo_records
Center Township; Black Lick Township,center township black lick,PA,Indiana,42063,repo_records
Centralia,centralia,MO,Boone,29019,repo_records
City of Chandler,chandler,AZ,Maricopa,04013,repo_records
Charlotte,charlotte,NC,Mecklenburg,37119,repo_records
"Charlotte (citywide 150-day data center moratorium — public hearing), NC",charlotte nc,NC,Mecklenburg,37119,repo_records
Chaska,chaska,MN,Carver,27019,repo_records
Chattanooga (Hamilton County),chattanooga,TN,Hamilton,47065,repo_records
Chelan County PUD,chelan county pud,WA,Chelan,53007,repo_records
Cherry Hill Township,cherry hill,NJ,Camden,34007,repo_records
Town of Chesterton,chesterton,IN,Porter,18127,repo_records
Cheyenne,cheyenne,WY,Laramie,56021,repo_records
Chicago South Loop,chicago south loop,IL,Cook,17031,repo_records
Childersburg,childersburg,AL,Talladega,01121,repo_records
Cincinnati,cincinnati,OH,Hamilton,39061,repo_records
Claremore,claremore,OK,Rogers,40131,repo_records
Clarington,clarington,OH,Monroe,39111,repo_records
Clark Township,clark,MI,Chippewa,26033,repo_records
Clark County Commission (Sierra Club rally + data center ordinance discussion),clark county commission,NV,Clark,32003,repo_records
Clarksdale,clarksdale,MS,Coahoma,28027,repo_records
Clarksville,clarksville,AR,Johnson,05071,repo_records
"Clay County (12-month data center moratorium, first hearing), FL",clay county fl,FL,Clay,12019,repo_records
Clay Township; Harris Township,clay township harris,IN,St. Joseph,18141,repo_records
Cleveland,cleveland,OH,Cuyahoga,39035,repo_records
Cleveland / Brook Park,cleveland brook park,OH,Cuyahoga,39035,repo_records
"Cleveland City Council (1-yr moratorium proposed; Lakeland Equity permit rejected), OH",cleveland city council oh,OH,Cuyahoga,39035,repo_records
Clifton Township,clifton,PA,Lackawanna,42069,repo_records
Clifton Township; Covington Township,clifton township covington,PA,Lackawanna,42069,repo_records
Town of Clyde,clyde,NC,Haywood,37087,repo_records
Coachella,coachella,CA,Riverside,06065,repo_records
Coal City,coal,IL,Grundy,17063,repo_records
College Station,college station,TX,Brazos,48041,repo_records
"Colleton County Council (moratorium finalized, related SELC lawsuit paused)",colleton county council,SC,Colleton,45029,repo_records
"Colleton County Council (first-reading 6-month moratorium on 850-acre Eagle Rock proposal in ACE Basin), SC",colleton county council sc,SC,Colleton,45029,repo_records
Colorado Springs,colorado springs,CO,El Paso,08041,repo_records
Columbia,columbia,MO,Boone,29019,repo_records
Columbiana (Shelby County),columbiana,AL,Shelby,01117,repo_records
Columbus (Muscogee County),columbus,GA,Muscogee,13215,repo_records
Commercial Point / Scioto Township (Pickaway County),commercial point scioto,OH,Pickaway,39129,repo_records
Conewago Township (York County),conewago,PA,York,42133,repo_records
Conshohocken / Plymouth Township,conshohocken plymouth,PA,Montgomery,42091,repo_records
Conway,conway,AR,Faulkner,05045,repo_records
Corsicana,corsicana,TX,Navarro,48349,repo_records
Council Bluffs,council bluffs,IA,Pottawattamie,19155,repo_records
"Council Bluffs (data center moratorium denied), IA",council bluffs ia,IA,Pottawattamie,19155,repo_records
Covington,covington,GA,Newton,13217,repo_records
Covington Township (Lackawanna County),covington,PA,Lackawanna,42069,repo_records
Coweta,coweta,OK,Wagoner,40145,repo_records
"Cranford Township (ban amendment to be introduced), NJ",cranford township nj,NJ,Union,34039,repo_records
Crowell & Quanah,crowell quanah,TX,Foard,48155,repo_records
Cullman City Council,cullman city council,AL,Cullman,01043,repo_records
Town of Culpeper,culpeper,VA,Culpeper,51047,repo_records
Cumru Township,cumru,PA,Berks,42011,repo_records
"Dane County (18-month hyperscale data center moratorium passed), WI",dane county wi,WI,Dane,55025,repo_records
Davenport,davenport,IA,Scott,19163,repo_records
Dayton,dayton,OH,Montgomery,39113,repo_records
Decatur Township (Indianapolis),decatur,IN,Marion,18097,repo_records
Village of DeForest,deforest,WI,Dane,55025,repo_records
DeKalb,dekalb,IL,DeKalb,17037,repo_records
DeKalb County Board of Commissioners (Data Center Text Amendment defeated),dekalb county board of commissioners,GA,DeKalb,13089,repo_records
Denver,denver,CO,Denver,08031,repo_records
Detroit,detroit,MI,Wayne,26163,repo_records
Dexter Township,dexter,MI,Washtenaw,26161,repo_records
Dickerson (Montgomery County),dickerson,MD,Montgomery,24031,repo_records
Dickson City,dickson,PA,Lackawanna,42069,repo_records
Dodge County Board of Supervisors,dodge county board of supervisors,WI,Dodge,55027,repo_records
Dorr Township,dorr,MI,Allegan,26005,repo_records
Dorrance Township,dorrance,PA,Luzerne,42079,repo_records
"Douglas County Commissioners (text-amendment de facto pause), KS",douglas county commissioners ks,KS,Douglas,20045,repo_records
Town of Dryden,dryden,NY,Tompkins,36109,repo_records
Dublin City Council (West Innovation District rezoning),dublin city council,OH,Franklin,39049,repo_records
Dundee Township,dundee,MI,Monroe,26115,repo_records
"Durham City Council (60-day moratorium on hyperscale data centers, cites Microsoft Woodsdale Township), NC",durham city council nc,NC,Durham,37063,repo_records
City of Eagan,eagan,MN,Dakota,27037,repo_records
Eagle Mountain,eagle mountain,UT,Utah,49049,repo_records
East Brandywine Township,east brandywine,PA,Chester,42029,repo_records
"Town of East Fishkill (Dutchess County — Treetop Development data center; industrial moratorium extended to data centers), NY",east fishkill ny,NY,Dutchess,36027,repo_records
East Greenwich Township,east greenwich,NJ,Gloucester,34015,repo_records
East Lansing,east lansing,MI,Ingham,26065,repo_records
East Manchester Township,east manchester,PA,York,42133,repo_records
East Rockhill Township (Bucks County),east rockhill,PA,Bucks,42017,repo_records
East Vincent Township (Pennhurst),east vincent,PA,Chester,42029,repo_records
City of East Wenatchee,east wenatchee,WA,Douglas,53017,repo_records
East Whiteland Township (Curative Amendment),east whiteland,PA,Chester,42029,repo_records
East Windsor,east windsor,NJ,Mercer,34021,repo_records
"Edgerton (DAMAC data center denied; 6-month moratorium also denied), KS",edgerton ks,KS,Johnson,20091,repo_records
"City of Edmond (data center moratorium), OK",edmond ok,OK,Oklahoma,40109,repo_records
Edwardsville,edwardsville,IL,Madison,17119,repo_records
City of El Monte,el monte,CA,Los Angeles,06037,repo_records
El Paso,el paso,TX,El Paso,48141,repo_records
Ellendale,ellendale,ND,Dickey,38021,repo_records
Elmwood Township,elmwood,MI,Tuscola,26157,repo_records
City of Emporia (Lyon County),emporia,KS,Lyon,20111,repo_records
EPA Region 4 (xAI Memphis inquiry),epa region 4,TN,Shelby,47157,repo_records
Erie Township,erie,MI,Monroe,26115,repo_records
Essex,essex,IL,Kankakee,17091,repo_records
Ethridge,ethridge,TN,Lawrence,47099,repo_records
Evanston (Uinta County),evanston,WY,Uinta,56041,repo_records
Everett,everett,MA,Middlesex,25017,repo_records
Exeter Borough,exeter,PA,Luzerne,42079,repo_records
Fairmont,fairmont,WV,Marion,54049,repo_records
Falls Township,falls,PA,Bucks,42017,repo_records
Faribault,faribault,MN,Rice,27131,repo_records
Farmington,farmington,MN,Dakota,27037,repo_records
"Fayette County, GA — QTS Fayetteville (Microsoft Fairwater Atlanta campus) 29M-gallon unmetered water disclosure",fayette county ga qts fayetteville 29m gallon unmetered water disclosure,GA,Fayette,13113,repo_records
Fayetteville,fayetteville,GA,Fayette,13113,repo_records
Fayetteville,fayetteville,NC,Cumberland,37051,repo_records
"Fayetteville (data center conditional-use amendments proposed), AR",fayetteville ar,AR,Washington,05143,repo_records
City of Festus,festus,MO,Jefferson,29099,repo_records
Findlay,findlay,OH,Hancock,39063,repo_records
Fisk University (self-developed data center/tech center opposition),fisk university,TN,Davidson,47037,repo_records
Forest City,forest,NC,Rutherford,37161,repo_records
Forest Grove,forest grove,OR,Washington,41067,repo_records
Foristell,foristell,MO,St. Charles,29183,repo_records
Forney,forney,TX,Kaufman,48257,repo_records
Forsyth (Monroe County),forsyth,GA,Monroe,13207,repo_records
Fort Meade (Polk County),fort meade,FL,Polk,12105,repo_records
Fort Wayne,fort wayne,IN,Allen,18003,repo_records
Fort Worth,fort worth,TX,Tarrant,48439,repo_records
"City of Fort Worth (citywide data center rules + crypto-mining ban proposed), TX",fort worth tx,TX,Tarrant,48439,repo_records
Frankfort,frankfort,IL,Will,17197,repo_records
"Franklin County Board of Supervisors / Planning (zoning rewrite draft with data-center provisions), VA",franklin county board of supervisors planning va,VA,Franklin,51067,repo_records
Franklin Furnace,franklin furnace,OH,Scioto,39145,repo_records
Franklin Park Borough,franklin park,PA,Allegheny,42003,repo_records
Frederick / Carroll / Baltimore Counties,frederick carroll baltimore counties,MD,Frederick,24021,repo_records
Frederick County Board of Supervisors (Virginia Technology Park rezoning),frederick county board of supervisors,VA,Frederick,51069,repo_records
Fredonia/Saukville,fredonia saukville,WI,Ozaukee,55089,repo_records
Frenchtown Township,frenchtown,MI,Monroe,26115,repo_records
Front Royal Town Council,front royal town council,VA,Warren,51187,repo_records
Gaines Charter Township,gaines,MI,Kent,26081,repo_records
Gallatin,gallatin,TN,Sumner,47165,repo_records
"Gardner, KS",gardner ks,KS,Johnson,20091,repo_records
Genesee County Economic Development Center (GCEDC),genesee county economic development center,NY,Genesee,36037,repo_records
Gibraltar,gibraltar,MI,Wayne,26163,repo_records
Gilroy,gilroy,CA,Santa Clara,06085,repo_records
Glynn County Board of Commissioners,glynn county board of commissioners,GA,Glynn,13127,repo_records
Village of Godfrey,godfrey,IL,Madison,17119,repo_records
Goodyear,goodyear,AZ,Maricopa,04013,repo_records
Grafton,grafton,OH,Lorain,39093,repo_records
Granbury / Mitchell Bend,granbury mitchell bend,TX,Hood,48221,repo_records
Grand Blanc Township,grand blanc,MI,Genesee,26049,repo_records
Grant County PUD,grant county pud,WA,Grant,53025,repo_records
Granville Township (emergency supervisors meeting on data center land development plan),granville,PA,Mifflin,42087,repo_records
Grayson,grayson,KY,Carter,21043,repo_records
Great Falls,great falls,MT,Cascade,30013,repo_records
Green Charter Township,green,MI,Kent,26081,repo_records
Village of Greenleaf,greenleaf,WI,Brown,55009,repo_records
Greensboro,greensboro,NC,Guilford,37081,repo_records
"Greenwood County (1-year data center moratorium under consideration), SC",greenwood county sc,SC,Greenwood,45047,repo_records
Gregg Township,gregg,PA,Union,42119,repo_records
Griffin (Spalding County),griffin,GA,Spalding,13255,repo_records
"Grimes County Commissioners (SpaceX Terafab tax abatement public notice), TX",grimes county commissioners tx,TX,Grimes,48185,repo_records
"Grove City (6-month data center moratorium), OH",grove city oh,OH,Franklin,39049,repo_records
Gum Springs,gum springs,KY,Clark,21049,repo_records
City of Hamilton,hamilton,OH,Butler,39017,repo_records
Hampden Township,hampden,PA,Cumberland,42041,repo_records
Hampton,hampton,MN,Dakota,27037,repo_records
Hannibal,hannibal,OH,Monroe,39111,repo_records
Hanover Township,hanover,PA,Washington,42125,repo_records
Harford County Council,harford county council,MD,Harford,24025,repo_records
"Harford County Executive Bob Cassilly (proposed legislation to permanently ban data centers countywide; public hearing May 18, vote June 1), MD",harford county executive bob cassilly md,MD,Harford,24025,repo_records
Harlingen,harlingen,TX,Cameron,48061,repo_records
City of Harrison,harrison,AR,Boone,05009,repo_records
Harrodsburg,harrodsburg,KY,Mercer,21167,repo_records
Harwood,harwood,ND,Cass,38017,repo_records
Hawesville,hawesville,KY,Hancock,21091,repo_records
Hayes Township,hayes,MI,Charlevoix,26029,repo_records
Hazle Township,hazle,PA,Luzerne,42079,repo_records
Heath,heath,OH,Licking,39089,repo_records
Hebron,hebron,OH,Licking,39089,repo_records
Henderson,henderson,NC,Vance,37181,repo_records
Hermantown,hermantown,MN,St. Louis,27137,repo_records
Hermiston,hermiston,OR,Umatilla,41059,repo_records
"Hernando County (1-year data center moratorium), FL",hernando county fl,FL,Hernando,12053,repo_records
High Point,high point,NC,Guilford,37081,repo_records
"Hill County Commissioners Court (first Texas county data center moratorium), TX",hill county commissioners court tx,TX,Hill,48217,repo_records
"Hill County (RCM Hill files $100M federal suit challenging data center moratorium), TX",hill county tx,TX,Hill,48217,repo_records
Hillard,hillard,OH,Franklin,39049,repo_records
Hilliard,hilliard,OH,Franklin,39049,repo_records
"Hillsboro City Council (Councilor Sinclair emergency session on Enterprise Zone tax breaks), OR",hillsboro city council or,OR,Washington,41067,repo_records
"Town of Hillsborough (60-day AI data center moratorium), NC",hillsborough nc,NC,Orange,37135,repo_records
Hobart,hobart,IN,Lake,18089,repo_records
Hoffman Estates,hoffman estates,IL,Cook,17031,repo_records
Hogansville (Troup County),hogansville,GA,Troup,13285,repo_records
Holden,holden,WV,Logan,54045,repo_records
Hollenback Township,hollenback,PA,Luzerne,42079,repo_records
Holly Ridge,holly ridge,LA,Richland,22083,repo_records
"Holmes County (moving toward permanent AI data center ban), FL",holmes county fl,FL,Holmes,12059,repo_records
City of Holyoke,holyoke,MA,Hampden,25013,repo_records
"Hood County (Comanche Circle data center approved without conditions under lawsuit threat), TX",hood county tx,TX,Hood,48221,repo_records
Hoover,hoover,AL,Jefferson,01073,repo_records
Hope Hull,hope hull,AL,Montgomery,01101,repo_records
Houghton,houghton,MI,Houghton,26061,repo_records
"Howard County (temporary data center moratorium through Nov 2027), MD",howard county md,MD,Howard,24027,repo_records
Howell Township,howell,MI,Livingston,26093,repo_records
Hubbard Township,hubbard,OH,Trumbull,39155,repo_records
"City of Hubbard (Trumbull County — moratorium drafted amid 'Project Milo' NDA controversy), OH",hubbard oh,OH,Trumbull,39155,repo_records
Huntsville (Madison County),huntsville,AL,Madison,01089,repo_records
Hutto,hutto,TX,Williamson,48491,repo_records
Ilion,ilion,NY,Herkimer,36043,repo_records
"City of Imperial (hyperscale data center moratorium advancing), CA",imperial ca,CA,Imperial,06025,repo_records
"Imperial County (data center moratorium + by-right elimination advancing), CA",imperial county ca,CA,Imperial,06025,repo_records
"Imperial County / Salton Sea Lithium Valley (CTR geothermal-powered data center complex), CA",imperial county salton sea lithium valley ca,CA,Imperial,06025,repo_records
"Imperial County Superior Court (CEQA complaint against ~1M sq ft data center; trial June 25), CA",imperial county superior court ca,CA,Imperial,06025,repo_records
"Imperial Irrigation District (voters reject data-center-backed board candidate), CA",imperial irrigation district ca,CA,Imperial,06025,repo_records
Imperial Valley,imperial valley,CA,Imperial,06025,repo_records
Independence,independence,MO,Jackson,29095,repo_records
Indianapolis (Department of Metropolitan Development / City-County Council),indianapolis,IN,Marion,18097,repo_records
Indianapolis City-County Council,indianapolis city county council,IN,Marion,18097,repo_records
"Indianapolis City-County Council (Metrobloks Martindale-Brightwood rezoning), IN",indianapolis city county council in,IN,Marion,18097,repo_records
"Indianapolis / Marion County (City-County Council nonbinding moratorium resolution, Prop. 158), IN",indianapolis marion county in,IN,Marion,18097,repo_records
Indianapolis Metropolitan Development Commission (data center development standards recommendation),indianapolis metropolitan development commission,IN,Marion,18097,repo_records
"Indianapolis / Warren Township (DC BLOX $2B campus opposition), IN",indianapolis warren township in,IN,Marion,18097,repo_records
"Inver Grove Heights City Council, MN",inver grove heights city council mn,MN,Dakota,27037,repo_records
"Iron County (180-day moratorium on new data center / power-plant applications), UT",iron county ut,UT,Iron,49021,repo_records
Irondale,irondale,AL,Jefferson,01073,repo_records
Ironton,ironton,OH,Lawrence,39087,repo_records
Jackson City Council,jackson city council,MS,Hinds,28049,repo_records
"Jackson County (1-year AI data center moratorium), FL",jackson county fl,FL,Jackson,12063,repo_records
"Jackson County (moratorium vote delayed on two competing proposals), MO",jackson county mo,MO,Jackson,29095,repo_records
Janesville,janesville,WI,Rock,55105,repo_records
Jenkins Township,jenkins,PA,Luzerne,42079,repo_records
Jerome Township,jerome,OH,Union,39159,repo_records
Jersey City,jersey,NJ,Hudson,34017,repo_records
Jessup Borough,jessup,PA,Lackawanna,42069,repo_records
City of Johnson City,johnson,TN,Washington,47179,repo_records
Johnstown,johnstown,OH,Licking,39089,repo_records
Joliet,joliet,IL,Will,17197,repo_records
Jonesborough,jonesborough,TN,Washington,47179,repo_records
"Jonesborough Board of Mayor and Aldermen, TN",jonesborough board of mayor and aldermen tn,TN,Washington,47179,repo_records
Joplin,joplin,MO,Jasper,29097,repo_records
Kalkaska,kalkaska,MI,Kalkaska,26079,repo_records
Karthaus Township,karthaus,PA,Clearfield,42033,repo_records
Kenilworth Borough,kenilworth,NJ,Union,34039,repo_records
"Kenilworth Borough (Union County — community rally against $1.8B CoreWeave data center on former NEST campus), NJ",kenilworth borough nj,NJ,Union,34039,repo_records
Kenosha,kenosha,WI,Kenosha,55059,repo_records
City of Kings Mountain,kings mountain,NC,Cleveland,37045,repo_records
Kingsboro,kingsboro,NC,Edgecombe,37065,repo_records
Kline Township,kline,PA,Schuylkill,42107,repo_records
Knightstown,knightstown,IN,Henry,18065,repo_records
Knox County Commission,knox county commission,TN,Knox,47093,repo_records
"Knox County, TN (draft data-center regulation ordinance — 65-ft height cap, 300-ft setbacks, closed-loop energy mandate)",knox county tn,TN,Knox,47093,repo_records
Knoxville City Council,knoxville city council,TN,Knox,47093,repo_records
Kokomo (Howard County),kokomo,IN,Howard,18067,repo_records
Kuna,kuna,ID,Ada,16001,repo_records
City of La Grange,la grange,KY,Oldham,21185,repo_records
La Porte,la porte,IN,LaPorte,18091,repo_records
LaFayette,lafayette,GA,Walker,13295,repo_records
City of LaGrange,lagrange,GA,Troup,13285,repo_records
Lakeland City Commission,lakeland city commission,FL,Polk,12105,repo_records
Lakeville,lakeville,MN,Dakota,27037,repo_records
Lancaster City,lancaster,PA,Lancaster,42071,repo_records
Landover,landover,MD,Prince George's,24033,repo_records
Lansing,lansing,MI,Ingham,26065,repo_records
Lansing,lansing,NY,Tompkins,36109,repo_records
LaPorte,laporte,IN,LaPorte,18091,repo_records
"Laramie County / Cheyenne (grassroots moratorium petition over up to 70 facilities including Microsoft 3,200-acre expansion), WY",laramie county cheyenne wy,WY,Laramie,56021,repo_records
Laurel,laurel,MD,Prince George's,24033,repo_records
City of Lawrence (Douglas County),lawrence,KS,Douglas,20045,repo_records
Lawton,lawton,OK,Comanche,40031,repo_records
Lebanon (Boone County),lebanon,IN,Boone,18011,repo_records
"Lee County (moratorium extension + dedicated data center zoning district), GA",lee county ga,GA,Lee,13177,repo_records
Leland,leland,NC,Brunswick,37019,repo_records
Lenoir,lenoir,NC,Caldwell,37027,repo_records
Lenox Township,lenox,MI,Macomb,26099,repo_records
Lewis Center,lewis center,OH,Delaware,39041,repo_records
Lewiston,lewiston,ME,Androscoggin,23001,repo_records
Lexington,lexington,KY,Fayette,21067,repo_records
"Lexington-Fayette Urban County (no incentives for DartPoints + council moratorium), KY",lexington fayette urban county ky,KY,Fayette,21067,repo_records
"Liberty Township, Butler County (data center PUD-review requirement), OH",liberty township butler county oh,OH,Butler,39017,repo_records
Lima,lima,OH,Allen,39003,repo_records
Limerick Township (Linfield),limerick,PA,Montgomery,42091,repo_records
Limestone,limestone,ME,Aroostook,23003,repo_records
Linn County Board of Supervisors (18-month pause on EU-3 large-scale data center rezoning applications),linn county board of supervisors,IA,Linn,19113,repo_records
Lisle,lisle,IL,DuPage,17043,repo_records
Little Rock,little rock,AR,Pulaski,05119,repo_records
"Little Rock (citywide data center regulations approved), AR",little rock ar,AR,Pulaski,05119,repo_records
Little Rock Board of Directors (hyperscale data center moratorium measure),little rock board of directors,AR,Pulaski,05119,repo_records
Lockbourne,lockbourne,OH,Franklin,39049,repo_records
Lodi Township,lodi,MI,Washtenaw,26161,repo_records
Londonderry Township,londonderry,PA,Dauphin,42043,repo_records
Longmont,longmont,CO,Boulder,08013,repo_records
"Lonsdale City Council, MN",lonsdale city council mn,MN,Rice,27131,repo_records
Lordstown,lordstown,OH,Trumbull,39155,repo_records
"Lordstown Village Council, OH",lordstown village council oh,OH,Trumbull,39155,repo_records
Loudon County Commission,loudon county commission,TN,Loudon,47105,repo_records
Louisiana Department of Environmental Quality (LDEQ),louisiana department of environmental quality,LA,Richland,22083,repo_records
Louisville,louisville,KY,Jefferson,21111,repo_records
"Louisville Metro Council (Councilwoman Chappell reintroduces moratorium on telecom hotels / data centers), KY",louisville metro council ky,KY,Jefferson,21111,repo_records
Lowell,lowell,MA,Middlesex,25017,repo_records
Lowell Township,lowell,MI,Kent,26081,repo_records
"Lowell Township (Kent County — 6-month moratorium rejected; recall threat over Microsoft DC), MI",lowell township mi,MI,Kent,26081,repo_records
Lower Mount Bethel Township,lower mount bethel,PA,Northampton,42095,repo_records
Lower Mt. Bethel Township,lower mt bethel,PA,Northampton,42095,repo_records
Lowhill Township,lowhill,PA,Lehigh,42077,repo_records
Lubbock,lubbock,TX,Lubbock,48303,repo_records
Lufkin,lufkin,TX,Angelina,48005,repo_records
Luther,luther,OK,Oklahoma,40109,repo_records
Lyon Township,lyon,MI,Oakland,26125,repo_records
"Lyon Township (Oakland County) trustee recall campaign over Verrus Project Flex, MI",lyon township trustee recall campaign over verrus project flex mi,MI,Oakland,26125,repo_records
Lysander,lysander,NY,Onondaga,36067,repo_records
"Madison County Plan Commission (moratorium requested by Citizens Action Coalition + 27 orgs), IN",madison county plan commission in,IN,Madison,18095,repo_records
Mahoning Township; North Beaver Township,mahoning township north beaver,PA,Lawrence,42073,repo_records
Manchester Township,manchester,MI,Washtenaw,26161,repo_records
Mankato,mankato,MN,Blue Earth,27013,repo_records
Mansfield,mansfield,OH,Richland,39139,repo_records
Marana,marana,AZ,Pima,04019,repo_records
Marble,marble,NC,Cherokee,37039,repo_records
"Maricopa County Board of Supervisors (Project Baccara military compatibility permit near Luke AFB), AZ",maricopa county board of supervisors az,AZ,Maricopa,04013,repo_records
Marietta City Council,marietta city council,GA,Cobb,13067,repo_records
"Marion County Superior Court (Hoosier Environmental Council / Protect Martindale-Brightwood v. Metrobloks et al.), IN",marion county superior court in,IN,Marion,18097,repo_records
Marshfield,marshfield,MO,Webster,29225,repo_records
Martindale-Brightwood (Indianapolis),martindale brightwood,IN,Marion,18097,repo_records
Maryland Supreme Court (blocks Frederick County referendum on Critical Digital Infrastructure Overlay Zone),maryland supreme court,MD,Frederick,24021,repo_records
Marysvile,marysvile,OH,Union,39159,repo_records
Marysville,marysville,OH,Union,39159,repo_records
Maryville,maryville,MO,Nodaway,29147,repo_records
City of Mason,mason,MI,Ingham,26065,repo_records
Town of Massena (NYDIG data center zoning question referred to Zoning Board of Appeals),massena,NY,St. Lawrence,36089,repo_records
Massillon,massillon,OH,Stark,39151,repo_records
Matanuska-Susitna Borough,matanuska susitna,AK,Matanuska-Susitna,02170,repo_records
Matthews,matthews,NC,Mecklenburg,37119,repo_records
Maumee,maumee,OH,Lucas,39095,repo_records
Maysville,maysville,KY,Mason,21161,repo_records
"McMinnville (18-month data center moratorium, first reading), TN",mcminnville tn,TN,Warren,47177,repo_records
Memphis,memphis,TN,Shelby,47157,repo_records
Memphis City Council (Colossus Water Recycle Plant land sale),memphis city council,TN,Shelby,47157,repo_records
Memphis & Shelby County Air Pollution Control Board (xAI appeal filing),memphis shelby county air pollution control board,TN,Shelby,47157,repo_records
Memphis & Shelby County Planning (xAI Tulane Rd construction permit),memphis shelby county planning,TN,Shelby,47157,repo_records
"Memphis (Boxtown protest at xAI Colossus 1, 3231 Paul R. Lowry Rd), TN",memphis tn,TN,Shelby,47157,repo_records
Memphis TN / Southaven MS (xAI discloses $2.8B more turbine purchases amid lawsuit),memphis tn southaven ms,TN,Shelby,47157,repo_records
Menomonie,menomonie,WI,Dunn,55033,repo_records
Mercer County Fiscal Court,mercer county fiscal court,KY,Mercer,21167,repo_records
Meridian Township,meridian,MI,Ingham,26065,repo_records
Meridian (Lauderdale County),meridian,MS,Lauderdale,28075,repo_records
Mesa,mesa,AZ,Maricopa,04013,repo_records
Middlesex Township,middlesex,PA,Cumberland,42041,repo_records
"Middlesex County Superior Court (Honest Future for Lowell + Yale Environmental Justice Clinic v. Markley Group, MA DEP), MA",middlesex county superior court ma,MA,Middlesex,25017,repo_records
Middleton Township,middleton,OH,Wood,39173,repo_records
Milan (Augusta Township),milan,MI,Washtenaw,26161,repo_records
Millinocket,millinocket,ME,Aroostook,23003,repo_records
Millville,millville,NJ,Cumberland,34011,repo_records
"Millville Board of Commissioners (Cumberland County — total data center ban), NJ",millville board of commissioners nj,NJ,Cumberland,34011,repo_records
Milwaukee,milwaukee,WI,Milwaukee,55079,repo_records
"Minneapolis City Council, MN",minneapolis city council mn,MN,Hennepin,27053,repo_records
Minooka,minooka,IL,Grundy,17063,repo_records
Mishicot,mishicot,WI,Manitowoc,55071,repo_records
Mississippi DEQ disclosure / Mississippi Today reporting on xAI's 46 'temporary-mobile' gas turbines without air permits at Southaven,mississippi deq disclosure mississippi today reporting on xai s 46 temporary mobile gas turbines without air permits at southaven,MS,DeSoto,28033,repo_records
Monclova Township,monclova,OH,Lucas,39095,repo_records
Monongahela Township,monongahela,PA,Greene,42059,repo_records
Monroe Township Council (ordinance striking 'data processing facilities' from zoning code),monroe township council,NJ,Middlesex,34023,repo_records
Monrovia (Morgan County),monrovia,IN,Morgan,18109,repo_records
Monterey Park,monterey park,CA,Los Angeles,06037,repo_records
Montgomery,montgomery,AL,Montgomery,01101,repo_records
Montgomery Township,montgomery,PA,Montgomery,42091,repo_records
"Montgomery County (Executive Elrich 6-month data center moratorium EO), MD",montgomery county md,MD,Montgomery,24031,repo_records
Monticello,monticello,MN,Wright,27171,repo_records
Moorestown,moorestown,NJ,Burlington,34005,repo_records
Mooresville,mooresville,NC,Iredell,37097,repo_records
Mooringsport (Caddo Parish),mooringsport,LA,Caddo,22017,repo_records
"Moosic Borough (comprehensive data center ordinance), PA",moosic borough pa,PA,Lackawanna,42069,repo_records
Mount Carmel Township,mount carmel,PA,Northumberland,42097,repo_records
Mount Horeb,mount horeb,WI,Dane,55025,repo_records
Village of Mount Pleasant (Foxconn-era eminent domain blight designation),mount pleasant,WI,Racine,55101,repo_records
Village of Mount Pleasant Village Board (Microsoft 15-building site-plan approval),mount pleasant village board,WI,Racine,55101,repo_records
Mountain City,mountain,TN,Johnson,47091,repo_records
Mt. Orab,mt orab,OH,Brown,39015,repo_records
Muhlenberg Township,muhlenberg,OH,Pickaway,39129,repo_records
Muncy Township,muncy,PA,Lycoming,42081,repo_records
Muscogee County / Columbus (lawsuit over technology overlay district),muscogee county columbus,GA,Muscogee,13215,repo_records
Muscogee (Creek) Nation,muscogee nation,OK,Okmulgee,40111,repo_records
Naperville,naperville,IL,DuPage,17043,repo_records
Nashville,nashville,TN,Davidson,47037,repo_records
NC Superior Court (ECO TIP West LLC v. Chatham County re: 12-month moratorium),nc superior court,NC,Chatham,37037,repo_records
Neptune Township,neptune,NJ,Monmouth,34025,repo_records
Nesquehoning Borough,nesquehoning,PA,Carbon,42025,repo_records
New Albany,new albany,IN,Floyd,18043,repo_records
New Albany (Licking County),new albany,OH,Licking,39089,repo_records
New Brunswick,new brunswick,NJ,Middlesex,34023,repo_records
New Buffalo Township,new buffalo,MI,Berrien,26021,repo_records
New Carlisle (Olive Township),new carlisle,IN,St. Joseph,18141,repo_records
New Castle Township (Frackville area),new castle,PA,Schuylkill,42107,repo_records
New Florence,new florence,MO,Montgomery,29139,repo_records
New Orleans,new orleans,LA,Orleans,22071,repo_records
Newark,newark,DE,New Castle,10003,repo_records
"Newberry County (1-year moratorium + land-purchase denial), SC",newberry county sc,SC,Newberry,45071,repo_records
Newnan,newnan,GA,Coweta,13077,repo_records
Newton Township,newton,PA,Lackawanna,42069,repo_records
Niagara Falls,niagara falls,NY,Niagara,36063,repo_records
"City of Niagara Falls (council approves NFR settlement clearing $1.48B data center), NY",niagara falls ny,NY,Niagara,36063,repo_records
Niles,niles,OH,Trumbull,39155,repo_records
"Town of Normal, IL",normal il,IL,McLean,17113,repo_records
North Beaver & Mahoning Townships (Lawrence County),north beaver mahoning townships,PA,Lawrence,42073,repo_records
North Coventry Township,north coventry,PA,Chester,42029,repo_records
North Franklin Township,north franklin,PA,Washington,42125,repo_records
City of North Mankato,north mankato,MN,Nicollet,27103,repo_records
North Slope Borough,north slope,AK,North Slope,02185,repo_records
North Tonawanda,north tonawanda,NY,Niagara,36063,repo_records
"Northampton County Commissioners, NC",northampton county commissioners nc,NC,Northampton,37131,repo_records
Northfield,northfield,MN,Rice,27131,repo_records
City of Northville,northville,MI,Wayne,26163,repo_records
Norton,norton,OH,Summit,39153,repo_records
Norwalk,norwalk,IA,Warren,19181,repo_records
Nottingham Township,nottingham,NH,Rockingham,33015,repo_records
Nutley,nutley,NJ,Essex,34013,repo_records
Nutley Board of Commissioners (ON3 campus data center parcel),nutley board of commissioners,NJ,Essex,34013,repo_records
"Nye County (Pahrump Valley — Water District board urges data center moratorium), NV",nye county nv,NV,Nye,32023,repo_records
Oakland University (Rochester Hills),oakland university,MI,Oakland,26125,repo_records
City of Oakley,oakley,CA,Contra Costa,06013,repo_records
Oklahoma City,oklahoma,OK,Oklahoma,40109,repo_records
"Old Bridge Township (drafting permanent data center ban), NJ",old bridge township nj,NJ,Middlesex,34023,repo_records
Oldham County Fiscal Court (moratorium blocking 'Project Lincoln'),oldham county fiscal court,KY,Oldham,21185,repo_records
Olyphant Borough,olyphant,PA,Lackawanna,42069,repo_records
Oneonta,oneonta,NY,Otsego,36077,repo_records
Orangetown,orangetown,NY,Rockland,36087,repo_records
Osawatomie,osawatomie,KS,Miami,20121,repo_records
Oshkosh,oshkosh,WI,Winnebago,55139,repo_records
Oshtemo Township,oshtemo,MI,Kalamazoo,26077,repo_records
Ottawa,ottawa,IL,LaSalle,17099,repo_records
Ozaukee County Circuit Court (MMAC injunction denial),ozaukee county circuit court,WI,Ozaukee,55089,repo_records
Ozaukee County District Attorney (GLNU Open Meetings Law complaint),ozaukee county district attorney,WI,Ozaukee,55089,repo_records
Pacific,pacific,MO,Franklin,29071,repo_records
Packer Township / Banks Township,packer township banks,PA,Carbon,42025,repo_records
Page,page,AZ,Coconino,04005,repo_records
"Painesville Township Trustees (Lake County), OH",painesville township trustees oh,OH,Lake,39085,repo_records
"Palm Beach County (Project Tango — TPA Group filed competing 1.15M sq ft site plan vs PBA Holdings 142-acre proposal), FL",palm beach county fl,FL,Palm Beach,12099,repo_records
Palm Coast / Flagler Beach,palm coast flagler beach,FL,Flagler,12035,repo_records
Palo (Google annexation bypass),palo,IA,Linn,19113,repo_records
Pavilion Township,pavilion,MI,Kalamazoo,26077,repo_records
Peach Bottom Township,peach bottom,PA,York,42133,repo_records
City of Peculiar,peculiar,MO,Cass,29037,repo_records
Pekin,pekin,IL,Tazewell,17179,repo_records
Pemberton Township,pemberton,NJ,Burlington,34005,repo_records
Penn Forest Township (Carbon County),penn forest,PA,Carbon,42025,repo_records
"Penn Township Board (Cass County), MI",penn township board mi,MI,Cass,26027,repo_records
Perkins Township,perkins,OH,Sandusky,39143,repo_records
Perry Township,perry,OH,Lake,39085,repo_records
Perry Township (Stark County),perry,OH,Stark,39151,repo_records
Perry Township / Perry Village,perry township perry,OH,Lake,39085,repo_records
Phillipsburg,phillipsburg,NJ,Warren,34041,repo_records
Phoenix,phoenix,AZ,Maricopa,04013,repo_records
Pike Township (Indianapolis withdrawal),pike,IN,Marion,18097,repo_records
Piketon,piketon,OH,Pike,39131,repo_records
"Pima County / Tucson (ADWR approves wells for Project Blue after city water denial), AZ",pima county tucson az,AZ,Pima,04019,repo_records
"Pinal County (Eloy — La Osa campus scaled back ~80% after opposition), AZ",pinal county az,AZ,Pinal,04021,repo_records
"Pine Creek Township (Clinton County — proactive zoning amendment for data-center conditional use), PA",pine creek township pa,PA,Clinton,42035,repo_records
Pine Island,pine island,MN,Goodhue,27049,repo_records
Piqua,piqua,OH,Miami,39109,repo_records
Pittsburg,pittsburg,CA,Contra Costa,06013,repo_records
Pittsfield Township,pittsfield,MI,Washtenaw,26161,repo_records
"Pittsylvania County & Danville Regional Industrial Facilities Authority (STACK $100B Berry Hill performance agreement), VA",pittsylvania county danville regional industrial facilities authority va,VA,Pittsylvania,51143,repo_records
Plain Township,plain,OH,Stark,39151,repo_records
Plainfield,plainfield,IL,Will,17197,repo_records
Plainfield,plainfield,IN,Hendricks,18063,repo_records
Plymouth Township,plymouth,PA,Montgomery,42091,repo_records
"Plymouth Township (Montgomery County — Cleveland-Cliffs steel mill site data center resubmitted after legal-technicality withdrawal), PA",plymouth township pa,PA,Montgomery,42091,repo_records
Pocatello,pocatello,ID,Bannock,16005,repo_records
City of Pontiac,pontiac,MI,Oakland,26125,repo_records
Port Washington,port washington,WI,Ozaukee,55089,repo_records
Port Washington Common Council (Vantage development agreement),port washington common council,WI,Ozaukee,55089,repo_records
Port Washington Common Council & Joint Review Board (TID No. 5 creation),port washington common council joint review board,WI,Ozaukee,55089,repo_records
Port Washington Plan Commission (TID No. 5 boundaries / project plan),port washington plan commission,WI,Ozaukee,55089,repo_records
City of Portage,portage,MI,Kalamazoo,26077,repo_records
"Porter Township Board (Cass County), MI",porter township board mi,MI,Cass,26027,repo_records
Portland,portland,NY,Chautauqua,36013,repo_records
Prichard,prichard,AL,Mobile,01097,repo_records
Prince George's County Council (2-year data center moratorium),prince george s county council,MD,Prince George's,24033,repo_records
Prince William County Board of Supervisors (Dulles South Innovation Center denial),prince william county board of supervisors,VA,Prince William,51153,repo_records
City of Provo,provo,UT,Utah,49049,repo_records
"Pulaski County Quorum Court (data center moratorium ordinance — failed on clerk miscount), AR",pulaski county quorum court ar,AR,Pulaski,05119,repo_records
Racine County Circuit Court (MEA / Milwaukee Riverkeeper public-records suit),racine county circuit court,WI,Racine,55101,repo_records
City of Racine vs. Village of Mount Pleasant (water-and-wastewater agreement dispute),racine vs village of mount pleasant,WI,Racine,55101,repo_records
Raleigh,raleigh,NC,Wake,37183,repo_records
Ransom Township,ransom,PA,Lackawanna,42069,repo_records
Raton,raton,NM,Colfax,35007,repo_records
Ravenna,ravenna,OH,Portage,39133,repo_records
Rayville (Sierra Club Delta Chapter town hall),rayville,LA,Richland,22083,repo_records
"Borough of Red Bank (data center ban + first NJ call for statewide moratorium), NJ",red bank nj,NJ,Monmouth,34025,repo_records
Red Oak,red oak,TX,Ellis,48139,repo_records
Reno,reno,NV,Washoe,32031,repo_records
"Reno (data center moratorium extended into 2027), NV",reno nv,NV,Washoe,32031,repo_records
Richfield Township,richfield,OH,Lucas,39095,repo_records
Richland Township,richland,PA,Bucks,42017,repo_records
Richland Parish Police Jury,richland parish police jury,LA,Richland,22083,repo_records
Ridgeland,ridgeland,MS,Madison,28089,repo_records
Robinson Township,robinson,PA,Washington,42125,repo_records
"Rockdale County (data center + battery-energy-storage moratorium extended through Sept 8), GA",rockdale county ga,GA,Rockdale,13247,repo_records
Rockford,rockford,IL,Winnebago,17201,repo_records
Rockingham,rockingham,NC,Richmond,37153,repo_records
City of Rocky Top,rocky top,TN,Anderson,47001,repo_records
Rome,rome,GA,Floyd,13115,repo_records
Village of Romeo,romeo,MI,Macomb,26099,repo_records
Roselle Park,roselle park,NJ,Union,34039,repo_records
Roswell,roswell,GA,Fulton,13121,repo_records
Round Rock,round rock,TX,Williamson,48491,repo_records
Royalton,royalton,VT,Windsor,50027,repo_records
Rural Hall,rural hall,NC,Forsyth,37067,repo_records
City of Saginaw,saginaw,MI,Saginaw,26145,repo_records
Saline Township,saline,MI,Washtenaw,26161,repo_records
Saline Township Board (rezoning denial),saline township board,MI,Washtenaw,26161,repo_records
"Saline Township (Washtenaw County) — OpenAI Stargate 'The Barn' construction-despite-rejection, MI",saline township openai stargate the barn construction despite rejection mi,MI,Washtenaw,26161,repo_records
Saline Township Planning Commission,saline township planning commission,MI,Washtenaw,26161,repo_records
San Angelo,san angelo,TX,Tom Green,48451,repo_records
"San Angelo City Council, TX",san angelo city council tx,TX,Tom Green,48451,repo_records
San Antonio,san antonio,TX,Bexar,48029,repo_records
San Jose,san jose,CA,Santa Clara,06085,repo_records
San Marcos,san marcos,TX,Hays,48209,repo_records
Sand Springs,sand springs,OK,Osage,40113,repo_records
Sanders National Moratorium (federal),sanders national moratorium,DC,District of Columbia,11001,repo_records
Sanford,sanford,ME,York,23031,repo_records
City of Sanford,sanford,NC,Lee,37105,repo_records
Santa Clara (GI Partners),santa clara,CA,Santa Clara,06085,repo_records
"Santa Fe County (yearlong data center moratorium advancing), NM",santa fe county nm,NM,Santa Fe,35049,repo_records
Santaquin,santaquin,UT,Utah,49049,repo_records
Sarcoxie,sarcoxie,MO,Jasper,29097,repo_records
Saugatuck Township,saugatuck,MI,Allegan,26005,repo_records
Sault Ste. Marie Tribe of Chippewa Indians,sault ste marie tribe of chippewa indians,MI,Chippewa,26033,repo_records
Savannah River Site (Federal AI Data Center),savannah river site,SC,Aiken,45003,repo_records
Sayreville Borough,sayreville,NJ,Middlesex,34023,repo_records
"Town of Scarborough (180-day data center moratorium enacted), ME",scarborough me,ME,Cumberland,23005,repo_records
Scioto Township (Pickaway County),scioto,OH,Pickaway,39129,repo_records
City of Scranton,scranton,PA,Lackawanna,42069,repo_records
Seattle,seattle,WA,King,53033,repo_records
Seward County Board of Commissioners,seward county board of commissioners,NE,Seward,31159,repo_records
Sharon,sharon,PA,Mercer,42085,repo_records
"Shawano County (committee recommends 1-year data center moratorium), WI",shawano county wi,WI,Shawano,55115,repo_records
Shawnee Township (Allen County),shawnee,OH,Allen,39003,repo_records
Sheboygan,sheboygan,WI,Sheboygan,55117,repo_records
"Sheboygan Common Council, WI",sheboygan common council wi,WI,Sheboygan,55117,repo_records
Shelby County Commission (xAI public hearing resolution),shelby county commission,TN,Shelby,47157,repo_records
Shelby County Health Department (xAI enforcement letter),shelby county health department,TN,Shelby,47157,repo_records
Shippingport,shippingport,PA,Beaver,42007,repo_records
Shreveport,shreveport,LA,Caddo,22017,repo_records
Shutesbury,shutesbury,MA,Franklin,25011,repo_records
Sidney,sidney,OH,Shelby,39149,repo_records
Sioux Falls,sioux falls,SD,Minnehaha,46099,repo_records
Smithfield Township,smithfield,PA,Monroe,42089,repo_records
Smithfield,smithfield,RI,Providence,44007,repo_records
Smithville,smithville,MO,Clay,29047,repo_records
Social Circle,social circle,GA,Walton,13297,repo_records
"Socorro County Commission (moratorium process advanced; vote June 9), NM",socorro county commission nm,NM,Socorro,35053,repo_records
Solon Township,solon,MI,Kent,26081,repo_records
South Annville Township,south annville,PA,Lebanon,42075,repo_records
South Bend,south bend,IN,St. Joseph,18141,repo_records
South Bloomfield,south bloomfield,OH,Pickaway,39129,repo_records
South Brunswick,south brunswick,NJ,Middlesex,34023,repo_records
City of South Fulton,south fulton,GA,Fulton,13121,repo_records
South Hanover Township,south hanover,PA,Dauphin,42043,repo_records
South Londonderry Township,south londonderry,PA,Lebanon,42075,repo_records
City of South Lyon,south lyon,MI,Oakland,26125,repo_records
South Strabane Township,south strabane,PA,Washington,42125,repo_records
South Whitehall Township,south whitehall,PA,Lehigh,42077,repo_records
Southaven,southaven,MS,DeSoto,28033,repo_records
Southfield,southfield,MI,Oakland,26125,repo_records
Southhaven,southhaven,MS,DeSoto,28033,repo_records
Southport,southport,NC,Brunswick,37019,repo_records
"Spartanburg County Council (moratorium, first reading)",spartanburg county council,SC,Spartanburg,45083,repo_records
"Spartanburg County (Council directs drafting of data center moratorium), SC",spartanburg county sc,SC,Spartanburg,45083,repo_records
"City of Spokane (one-year data center moratorium introduced), WA",spokane wa,WA,Spokane,53063,repo_records
Sprigg Township (Adams County),sprigg,OH,Adams,39001,repo_records
Spring Hill,spring hill,KS,Johnson,20091,repo_records
Springdale Borough,springdale,PA,Allegheny,42003,repo_records
St. Albans Township,st albans,OH,Licking,39089,repo_records
St. Charles (Permanent Ban),st charles,MO,St. Charles,29183,repo_records
St. Georges,st georges,DE,New Castle,10003,repo_records
"St. Joseph County Council (third New Carlisle-area data center rezoning, ~$13B), IN",st joseph county council in,IN,St. Joseph,18141,repo_records
St. Louis,st louis,MO,St. Louis,29189,repo_records
Stafford County Planning Commission,stafford county planning commission,VA,Stafford,51179,repo_records
Stanton,stanton,ND,Mercer,38057,repo_records
Statesville,statesville,NC,Iredell,37097,repo_records
Sterling Heights,sterling heights,MI,Macomb,26099,repo_records
Stowe Township,stowe,PA,Allegheny,42003,repo_records
Strasburg,strasburg,VA,Shenandoah,51171,repo_records
Sugarloaf Township,sugarloaf,PA,Luzerne,42079,repo_records
Sugarloaf Township / Hazle Twp / Black Creek Twp / Nescopeck Twp,sugarloaf township hazle twp black creek twp nescopeck twp,PA,Luzerne,42079,repo_records
Sulphur Springs,sulphur springs,TX,Hopkins,48223,repo_records
"Sulphur Springs City Council (MSB Global lawsuit defense budget), TX",sulphur springs city council tx,TX,Hopkins,48223,repo_records
"City of Summit (ban ordinance introduced), NJ",summit nj,NJ,Union,34039,repo_records
Sunbury,sunbury,OH,Delaware,39041,repo_records
Swatara Township,swatara,PA,Dauphin,42043,repo_records
Sweet Home,sweet home,AR,Pulaski,05119,repo_records
Sylvan Township,sylvan,MI,Washtenaw,26161,repo_records
Tallassee,tallassee,AL,Elmore,01051,repo_records
Town of Tarboro,tarboro,NC,Edgecombe,37065,repo_records
City of Taylor,taylor,MI,Wayne,26163,repo_records
Taylor,taylor,TX,Williamson,48491,repo_records
"Tazewell County Board, IL",tazewell county board il,IL,Tazewell,17179,repo_records
Temple,temple,TX,Bell,48027,repo_records
Tennessee Valley Authority (xAI 150 MW supply),tennessee valley authority,TN,Shelby,47157,repo_records
The Dalles (Google Water),the dalles,OR,Wasco,41065,repo_records
City of Thorndale,thorndale,TX,Milam,48331,repo_records
Tiffin,tiffin,OH,Seneca,39147,repo_records
Tobyhanna Township,tobyhanna,PA,Monroe,42089,repo_records
Tonawanda,tonawanda,NY,Erie,36029,repo_records
Tonopah (unincorporated Maricopa County),tonopah,AZ,Maricopa,04013,repo_records
"Tooele County (Resolution 2026-18 directing data center ordinance study), UT",tooele county ut,UT,Tooele,49045,repo_records
Towamencin Township,towamencin,PA,Montgomery,42091,repo_records
Tredyffrin Township,tredyffrin,PA,Chester,42029,repo_records
City of Trenton,trenton,OH,Butler,39017,repo_records
Tucson,tucson,AZ,Pima,04019,repo_records
"City of Tucson (water meter revocation for Project Blue contractor), AZ",tucson az,AZ,Pima,04019,repo_records
Tulsa,tulsa,OK,Tulsa,40143,repo_records
"Twinsburg City Council, OH",twinsburg city council oh,OH,Summit,39153,repo_records
Two Creeks,two creeks,WI,Manitowoc,55071,repo_records
Two Rivers,two rivers,WI,Manitowoc,55071,repo_records
Tyrone Township,tyrone,MI,Livingston,26093,repo_records
Upper Burrell Township,upper burrell,PA,Westmoreland,42129,repo_records
Upper Gwynedd Township,upper gwynedd,PA,Montgomery,42091,repo_records
Upper Hanover Township,upper hanover,PA,Montgomery,42091,repo_records
Upper Macungie Township,upper macungie,PA,Lehigh,42077,repo_records
Upper Merion Township,upper merion,PA,Montgomery,42091,repo_records
Upton,upton,NY,Suffolk,36103,repo_records
Urbana,urbana,OH,Champaign,39021,repo_records
"US District Court N.D. Texas (9 Granbury residents v. MARA Holdings over bitcoin-mine noise), TX",us district court n d texas tx,TX,Hood,48221,repo_records
US District Court Northern District of Mississippi (NAACP preliminary injunction motion vs xAI Southaven gas-turbine plant),us district court northern district of mississippi,MS,DeSoto,28033,repo_records
Van Buren Township,van buren,MI,Wayne,26163,repo_records
Van Meter,van meter,IA,Dallas,19049,repo_records
Van Wert,van wert,OH,Van Wert,39161,repo_records
"Van Wert City Council, OH",van wert city council oh,OH,Van Wert,39161,repo_records
Vandalia,vandalia,OH,Montgomery,39113,repo_records
Versailles,versailles,KY,Woodford,21239,repo_records
Vicksburg,vicksburg,MS,Warren,28149,repo_records
Vienna Township,vienna,OH,Trumbull,39155,repo_records
Villa Ridge (Franklin County),villa ridge,MO,Franklin,29071,repo_records
Vilonia,vilonia,AR,Faulkner,05045,repo_records
Vineland,vineland,NJ,Cumberland,34011,repo_records
Virginia State Corporation Commission (Dominion Golden-to-Mars transmission line route),virginia state corporation commission,VA,Loudoun,51107,repo_records
"Waite Park City Council, MN",waite park city council mn,MN,Stearns,27145,repo_records
Walnut Cove,walnut cove,NC,Stokes,37169,repo_records
"Walton County (directs staff to draft outright AI data center ban), FL",walton county fl,FL,Walton,12131,repo_records
Town of Warren (180-day data center moratorium),warren,ME,Knox,23013,repo_records
Warren (Macomb County),warren,MI,Macomb,26099,repo_records
"Warren Township, Somerset County (data center ban, first reading), NJ",warren township somerset county nj,NJ,Somerset,34035,repo_records
Warrenton,warrenton,MO,Warren,29219,repo_records
Town of Warrenton,warrenton,VA,Fauquier,51061,repo_records
"Washington City Council, IN",washington city council in,IN,Daviess,18027,repo_records
Washington County and Ozaukee County Boards of Supervisors (transmission-route resolutions),washington county and ozaukee county boards of supervisors,WI,Ozaukee,55089,repo_records
Washtenaw County Circuit Court (Related Digital v. Saline Township),washtenaw county circuit court,MI,Washtenaw,26161,repo_records
Waterville Township,waterville,OH,Wood,39173,repo_records
Watts Township,watts,PA,Perry,42099,repo_records
Waukee,waukee,IA,Dallas,19049,repo_records
Wausau,wausau,WI,Marathon,55073,repo_records
Weatherford (Parker County),weatherford,TX,Parker,48367,repo_records
Weathersfield Township,weathersfield,OH,Trumbull,39155,repo_records
"Webster County / Marshfield (Lumon Solutions Tier III AI facility town hall), MO",webster county marshfield mo,MO,Webster,29225,repo_records
West Des Moines,west des moines,IA,Dallas,19049,repo_records
West Des Moines,west des moines,IA,Madison,19121,repo_records
West Des Moines,west des moines,IA,Polk,19153,repo_records
West Des Moines,west des moines,IA,Warren,19181,repo_records
West Finley Township,west finley,PA,Washington,42125,repo_records
West Hazleton,west hazleton,PA,Luzerne,42079,repo_records
West Memphis,west memphis,AR,Crittenden,05035,repo_records
West Rockhill Township (Bucks County),west rockhill,PA,Bucks,42017,repo_records
"City of Westbrook (180-day data center moratorium enacted), ME",westbrook me,ME,Cumberland,23005,repo_records
Westfield,westfield,MA,Hampden,25013,repo_records
Wharncliffe,wharncliffe,WV,Mingo,54059,repo_records
Wheatfield,wheatfield,IN,Jasper,18073,repo_records
Wheeling City Council (Silicon Foundation Warwood foundry conversion),wheeling city council,WV,Ohio,54069,repo_records
Williston,williston,ND,Williams,38105,repo_records
Wilmington,wilmington,OH,Clinton,39027,repo_records
Wilsonville,wilsonville,AL,Shelby,01117,repo_records
Wiscasset,wiscasset,ME,Lincoln,23015,repo_records
Wisconsin DNR (Port Washington Vantage/Stargate),wisconsin dnr,WI,Ozaukee,55089,repo_records
Wisconsin DNR (Microsoft Mount Pleasant air + wetland permit hearings),wisconsin dnr,WI,Racine,55101,repo_records
Woodbury County Board of Supervisors,woodbury county board of supervisors,IA,Woodbury,19193,repo_records
Woodland Park,woodland park,CO,Teller,08119,repo_records
Woodlawn,woodlawn,MD,Baltimore,24005,repo_records
Woodsdale Township,woodsdale,NC,Person,37145,repo_records
Wrangell,wrangell,AK,Wrangell,02275,repo_records
"Wright County Board, MN",wright county board mn,MN,Wright,27171,repo_records
Village of Wrightstown,wrightstown,WI,Outagamie,55087,repo_records
Wyalusing Township,wyalusing,PA,Bradford,42015,repo_records
"Yankton County (temporary data center moratorium, first reading), SD",yankton county sd,SD,Yankton,46135,repo_records
"Village of Yellow Springs, OH",yellow springs oh,OH,Greene,39057,repo_records
Yerington (Lyon County),yerington,NV,Lyon,32019,repo_records
Yorkville,yorkville,IL,Kendall,17093,repo_records
Village of Yorkville,yorkville,WI,Racine,55101,repo_records
Ypsilanti Township,ypsilanti,MI,Washtenaw,26161,repo_records
Ypsilanti Community Utilities Authority (YCUA),ypsilanti community utilities authority,MI,Washtenaw,26161,repo_records
Zeeland Township,zeeland,MI,Ottawa,26139,repo_records
