pk,source,current_id,name,state,lat,lon,slug,status,first_seen,last_seen,last_id_change
pk_00001,trackdatacenters,1,Project Nebius,Alabama,33.42755722,-86.88155065,,active,2026-09-28,2026-09-28,
pk_00002,trackdatacenters,2,Project Marvel,Alabama,33.3443491,-87.03878951,,active,2026-09-28,2026-09-28,
pk_00003,trackdatacenters,3,Meta Platforms Montgomery,Alabama,32.27257047,-86.32823838,,active,2026-09-28,2026-09-28,
pk_00004,trackdatacenters,4,DC BLOX Montgomery,Alabama,32.26826301,-86.37368203,,active,2026-09-28,2026-09-28,
pk_00005,trackdatacenters,5,DC BLOX Birmingham,Alabama,33.50056974,-86.82105075,,active,2026-09-28,2026-09-28,
pk_00006,trackdatacenters,6,AUBix + Core Scientific Data Center,Alabama,32.60109865,-85.51370859,,active,2026-09-28,2026-09-28,
pk_00007,trackdatacenters,7,Tallassee Mill Data Center,Alabama,32.53337165,-85.89014804,,active,2026-09-28,2026-09-28,
pk_00008,trackdatacenters,8,Columbiana Mining Facility and Data Center,Alabama,33.18122958,-86.62287042,,active,2026-09-28,2026-09-28,
pk_00009,trackdatacenters,9,Childersburg Data Center,Alabama,33.3408833,-86.336205,,active,2026-09-28,2026-09-28,
pk_00010,trackdatacenters,10,Project Red Clay,Alabama,32.25758622,-86.51206583,,active,2026-09-28,2026-09-28,
pk_00011,trackdatacenters,11,Edged Energy Prichard,Alabama,30.73179294,-88.06418606,,active,2026-09-28,2026-09-28,
pk_00012,trackdatacenters,12,Beacon Mount Vernon,Alabama,31.1241709,-88.03166,,active,2026-09-28,2026-09-28,
pk_00013,trackdatacenters,13,VoltCore Bitcoin Mine,Alabama,34.4492776,-86.76024,,active,2026-09-28,2026-09-28,
pk_00014,trackdatacenters,14,Stak Energy Center,Alaska,69.9007143,-148.81477,,active,2026-09-28,2026-09-28,
pk_00015,trackdatacenters,15,Prudhoe Bay Data Center,Alaska,70.1847756,-148.44,,active,2026-09-28,2026-09-28,
pk_00016,trackdatacenters,16,ForgeLight Ventures Conway,Arkansas,35.012581,-92.55369,,active,2026-09-28,2026-09-28,
pk_00017,trackdatacenters,17,EdgeConneX Sheridan,Arkansas,34.3065,-92.4045,,active,2026-09-28,2026-09-28,
pk_00018,trackdatacenters,18,Project Pyramid,Arkansas,35.10663917,-90.211937,,active,2026-09-28,2026-09-28,
pk_00019,trackdatacenters,19,Clarksville Data Center,Arkansas,35.4541942,-93.44764012,,active,2026-09-28,2026-09-28,
pk_00020,trackdatacenters,20,Vilonia Cryptomine,Arkansas,35.09105679,-92.17104118,,active,2026-09-28,2026-09-28,
pk_00021,trackdatacenters,21,Project Leo,Arkansas,34.61717176,-92.23704641,,active,2026-09-28,2026-09-28,
pk_00022,trackdatacenters,22,Port of Little Rock Data Center,Arkansas,34.686928,-92.22558054,,active,2026-09-28,2026-09-28,
pk_00023,trackdatacenters,23,NE Edge Groton Data Center,Connecticut,41.31039607,-72.16759273,,active,2026-09-28,2026-09-28,
pk_00024,trackdatacenters,24,Wallingford Data Center,Connecticut,41.49793857,-72.79219892,,active,2026-09-28,2026-09-28,
pk_00025,trackdatacenters,25,Bloomfield Data Center Proposal,Connecticut,41.88592351,-72.74415945,,active,2026-09-28,2026-09-28,
pk_00026,trackdatacenters,26,Trumbull Data Center Investment,Connecticut,41.24085718,-73.14738295,,active,2026-09-28,2026-09-28,
pk_00027,trackdatacenters,27,Bristol Technology Center,Connecticut,41.66989773,-72.93474147,,active,2026-09-28,2026-09-28,
pk_00028,trackdatacenters,28,Project Washington,Delaware,39.61185181,-75.6378833,,active,2026-09-28,2026-09-28,
pk_00029,trackdatacenters,29,"St. Georges Business Park Data Center / ""Frightland Project""",Delaware,39.54430554,-75.64337652,,active,2026-09-28,2026-09-28,
pk_00030,trackdatacenters,30,Newark White Clay Creek Business Park Data Center,Delaware,39.68188899,-75.7238784,,active,2026-09-28,2026-09-28,
pk_00031,trackdatacenters,31,Servpac Mililani Technology Park,Hawaii,21.48047314,-158.0211704,,active,2026-09-28,2026-09-28,
pk_00032,trackdatacenters,32,Granger Data Center,Indiana,41.72266213,-86.12540005,,active,2026-09-28,2026-09-28,
pk_00033,trackdatacenters,33,South Bend Data Center,Indiana,41.64845397,-86.30055316,,active,2026-09-28,2026-09-28,
pk_00034,trackdatacenters,34,Project Rainier,Indiana,41.69198344,-86.46494887,,active,2026-09-28,2026-09-28,
pk_00035,trackdatacenters,35,Martindale Indianapolis Metrobloks Data Center,Indiana,39.80391442,-86.10002644,,active,2026-09-28,2026-09-28,
pk_00036,trackdatacenters,36,Surge Development Knightstown Data Center,Indiana,39.84095834,-85.56599378,,active,2026-09-28,2026-09-28,
pk_00037,trackdatacenters,37,Decatur Technology Park,Indiana,39.66565427,-86.3005398,,active,2026-09-28,2026-09-28,
pk_00038,trackdatacenters,38,Project Louie,Indiana,39.5927482,-86.46343288,,active,2026-09-28,2026-09-28,
pk_00039,trackdatacenters,39,Hancock County MegaSite,Indiana,39.85920062,-85.8714585,,active,2026-09-28,2026-09-28,
pk_00040,trackdatacenters,40,Pittsboro Middle Township Data Center,Indiana,39.89679869,-86.44983309,,active,2026-09-28,2026-09-28,
pk_00041,trackdatacenters,41,Pike Township Data Center,Indiana,39.89538346,-86.20420857,,active,2026-09-28,2026-09-28,
pk_00042,trackdatacenters,42,Project Maize,Indiana,41.71352587,-86.84288513,,active,2026-09-28,2026-09-28,
pk_00043,trackdatacenters,43,Hobart Tech Park,Indiana,41.50355522,-87.28117326,,active,2026-09-28,2026-09-28,
pk_00044,trackdatacenters,44,Microsoft La Porte Data Center,Indiana,41.57726301,-86.67836375,,active,2026-09-28,2026-09-28,
pk_00045,trackdatacenters,45,Project Domino,Indiana,40.05811921,-86.54115183,,active,2026-09-28,2026-09-28,
pk_00046,trackdatacenters,46,JPG Data Center,Indiana,38.83318591,-85.41589009,,active,2026-09-28,2026-09-28,
pk_00047,trackdatacenters,47,Decennial Group Akron,Indiana,41.03887181,-86.02830714,,active,2026-09-28,2026-09-28,
pk_00048,trackdatacenters,48,Project Flo,Indiana,39.72001334,-86.00011831,,active,2026-09-28,2026-09-28,
pk_00049,trackdatacenters,49,Amazon Wheatfield,Indiana,41.22626387,-87.00359458,,active,2026-09-28,2026-09-28,
pk_00050,trackdatacenters,50,Bristol Data Center,Indiana,41.6925709,-85.85815424,,active,2026-09-28,2026-09-28,
pk_00051,trackdatacenters,51,Project Zodiac,Indiana,41.02969388,-85.04814501,,active,2026-09-28,2026-09-28,
pk_00052,trackdatacenters,52,Google Cedar Rapids,Iowa,41.91422692,-91.72176504,,active,2026-09-28,2026-09-28,
pk_00053,trackdatacenters,53,QTS Cedar Rapids,Iowa,41.91132019,-91.73705145,,active,2026-09-28,2026-09-28,
pk_00054,trackdatacenters,54,Meta Davenport Data Center,Iowa,41.61625011,-90.62525425,,active,2026-09-28,2026-09-28,
pk_00055,trackdatacenters,55,Project Ruthenium,Iowa,41.4982532,-93.80230569,,active,2026-09-28,2026-09-28,
pk_00056,trackdatacenters,56,Edged Des Moines,Iowa,41.65752558,-93.56339512,,active,2026-09-28,2026-09-28,
pk_00057,trackdatacenters,57,Project Morgan,Iowa,41.62032029,-93.92530162,,active,2026-09-28,2026-09-28,
pk_00058,trackdatacenters,58,Google Council Bluffs,Iowa,41.22148817,-95.86488585,,active,2026-09-28,2026-09-28,
pk_00059,trackdatacenters,59,Tract Altoona,Iowa,41.68257893,-93.53199351,,active,2026-09-28,2026-09-28,
pk_00060,trackdatacenters,60,Project Alluvion,Iowa,41.51672672,-93.70504356,,active,2026-09-28,2026-09-28,
pk_00061,trackdatacenters,61,Project Ginger West,Iowa,41.53290683,-93.86352515,,active,2026-09-28,2026-09-28,
pk_00062,trackdatacenters,62,Project Ginger East,Iowa,41.51556698,-93.72156694,,active,2026-09-28,2026-09-28,
pk_00063,trackdatacenters,63,Project Osmium,Iowa,41.49719516,-93.78764456,,active,2026-09-28,2026-09-28,
pk_00064,trackdatacenters,64,Tract Project West,Iowa,41.45765488,-93.68699672,,active,2026-09-28,2026-09-28,
pk_00065,trackdatacenters,65,COPT Defense Properties Data Center,Iowa,41.51929011,-93.9429512,,active,2026-09-28,2026-09-28,
pk_00066,trackdatacenters,66,Simple Mining Cascade,Iowa,42.2922,-91.0185,,active,2026-09-28,2026-09-28,
pk_00067,trackdatacenters,67,Simple Mining Cedar Falls,Iowa,42.4806037,-92.48979,,active,2026-09-28,2026-09-28,
pk_00068,trackdatacenters,68,Edged Data Center,Iowa,41.27521,-95.8246,,active,2026-09-28,2026-09-28,
pk_00069,trackdatacenters,69,Jackson County Data Center,Iowa,42.0296886,-90.659424,,active,2026-09-28,2026-09-28,
pk_00070,trackdatacenters,71,Karis Dubuque,Iowa,42.4015564,-90.72211,,active,2026-09-28,2026-09-28,
pk_00071,trackdatacenters,72,MidAmerican Data Center,Iowa,42.3300814,-96.272316,,active,2026-09-28,2026-09-28,
pk_00072,trackdatacenters,74,Applied Digital Adair,Iowa,41.46792807,-94.61476686,,active,2026-09-28,2026-09-28,
pk_00073,trackdatacenters,75,Project Lincoln,Kentucky,38.39322445,-85.40823914,,active,2026-09-28,2026-09-28,
pk_00074,trackdatacenters,76,Harrodsburg Data Center,Kentucky,37.77137178,-84.77913548,,active,2026-09-28,2026-09-28,
pk_00075,trackdatacenters,77,TeraWulf Hawesville,Kentucky,37.94146754,-86.78826457,,active,2026-09-28,2026-09-28,
pk_00076,trackdatacenters,78,Project Pulse,Kentucky,34.05370939,-93.10588436,,active,2026-09-28,2026-09-28,
pk_00077,trackdatacenters,79,DartPoints Former Lexmark Data Center Redevelopment,Kentucky,38.0752589,-84.48732138,,active,2026-09-28,2026-09-28,
pk_00078,trackdatacenters,80,Franklin–Simpson Data Storage and Service Center,Kentucky,36.66603,-86.57219,,active,2026-09-28,2026-09-28,
pk_00079,trackdatacenters,81,Maysville Data Center,Kentucky,38.68393644,-83.81782457,,active,2026-09-28,2026-09-28,
pk_00080,trackdatacenters,82,Muskie Data Campus,Kentucky,38.40017631,-82.79634195,,active,2026-09-28,2026-09-28,
pk_00081,trackdatacenters,83,PowerHouse Louisville,Kentucky,38.2078029,-85.84407511,,active,2026-09-28,2026-09-28,
pk_00082,trackdatacenters,84,Loring Air Force Base Data Center,Maine,46.94618137,-67.8909365,,active,2026-09-28,2026-09-28,
pk_00083,trackdatacenters,85,Bates Mill No. 3. Data Center,Maine,44.09471157,-70.2188496,,active,2026-09-28,2026-09-28,
pk_00084,trackdatacenters,86,Sanford Woods Industrial and Technical Campus,Maine,43.42290886,-70.70655916,,active,2026-09-28,2026-09-28,
pk_00085,trackdatacenters,87,Millinocket Data Center,Maine,45.64559665,-68.70503765,,active,2026-09-28,2026-09-28,
pk_00086,trackdatacenters,88,Yankee Nuclear Power Plant Data Center,Maine,43.955718,-69.69428,,active,2026-09-28,2026-09-28,
pk_00087,trackdatacenters,89,DeepGreen Eastport Subsea Data Center,Maine,44.9470406,-67.01703,,active,2026-09-28,2026-09-28,
pk_00088,trackdatacenters,90,Woodlawn Data Center,Maryland,39.30896202,-76.73917251,,active,2026-09-28,2026-09-28,
pk_00089,trackdatacenters,91,TeraWulf Newburg,Maryland,38.3654823,-76.96935,,active,2026-09-28,2026-09-28,
pk_00090,trackdatacenters,92,Sandy Farms Data Center,Maryland,39.1496906,-76.679955,,active,2026-09-28,2026-09-28,
pk_00091,trackdatacenters,93,Brightseat Tech Park Data Center Development,Maryland,38.92025496,-76.85650556,,active,2026-09-28,2026-09-28,
pk_00092,trackdatacenters,94,Quantum Frederick,Maryland,39.33289175,-77.4734034,,active,2026-09-28,2026-09-28,
pk_00093,trackdatacenters,95,Piney Reach Data Center Development,Maryland,38.57919612,-76.88654887,,active,2026-09-28,2026-09-28,
pk_00094,trackdatacenters,96,Johns Hopkins Data Science and Artificial Intelligence Institute (DSAI),Maryland,39.32576868,-76.62440393,,active,2026-09-28,2026-09-28,
pk_00095,trackdatacenters,97,Atmosphere Dickerson Data Center,Maryland,39.21300165,-77.45264836,,active,2026-09-28,2026-09-28,
pk_00096,trackdatacenters,98,Laurel Data Center,Maryland,39.08928035,-76.9011909,,active,2026-09-28,2026-09-28,
pk_00097,trackdatacenters,99,Servistar Westfield,Massachusetts,42.15896563,-72.74102143,,active,2026-09-28,2026-09-28,
pk_00098,trackdatacenters,100,Holyoke Data Center,Massachusetts,42.197424,-72.600933,,active,2026-09-28,2026-09-28,
pk_00099,trackdatacenters,101,Everett Docklands Data Center,Massachusetts,42.3963828,-71.05932,,active,2026-09-28,2026-09-28,
pk_00100,trackdatacenters,102,Project Mitten / The Barn,Michigan,42.12049367,-83.88493822,,active,2026-09-28,2026-09-28,
pk_00101,trackdatacenters,103,Project Cannoli,Michigan,42.22440467,-83.43455956,,active,2026-09-28,2026-09-28,
pk_00102,trackdatacenters,104,32 Mile Road Technical Campus,Michigan,42.80033403,-82.99099444,,active,2026-09-28,2026-09-28,
pk_00103,trackdatacenters,105,Microsoft Gaines Township Data Center,Michigan,42.83126854,-85.55654658,,active,2026-09-28,2026-09-28,
pk_00104,trackdatacenters,106,Rocklocker Kalkaska Data Center,Michigan,44.71585977,-85.24739678,,active,2026-09-28,2026-09-28,
pk_00105,trackdatacenters,107,Ypsilanti University of Michigan × Los Alamos Supercomputing Research Center,Michigan,42.20695604,-83.54865588,,active,2026-09-28,2026-09-28,
pk_00106,trackdatacenters,108,Project Cherry Blossom,Michigan,41.91971926,-83.35705274,,active,2026-09-28,2026-09-28,
pk_00107,trackdatacenters,109,Project Ironwood,Michigan,41.99283162,-83.66842409,,active,2026-09-28,2026-09-28,
pk_00108,trackdatacenters,110,Project Flex,Michigan,42.50232798,-83.61177835,,active,2026-09-28,2026-09-28,
pk_00109,trackdatacenters,111,Deep Green Lansing Data Center,Michigan,42.73027495,-84.54530739,,active,2026-09-28,2026-09-28,
pk_00110,trackdatacenters,112,Pavilion Township Data Center,Michigan,42.24339147,-85.50878237,,active,2026-09-28,2026-09-28,
pk_00111,trackdatacenters,113,Sansone York Township Data Center,Michigan,42.16225032,-83.7038859,,active,2026-09-28,2026-09-28,
pk_00112,trackdatacenters,114,Metrobloks Southfield Data Center,Michigan,42.48814798,-83.31696816,,active,2026-09-28,2026-09-28,
pk_00113,trackdatacenters,115,Benton Charter Township Data Center,Michigan,42.0793117,-86.38608493,,active,2026-09-28,2026-09-28,
pk_00114,trackdatacenters,116,Project Splitrock,Michigan,42.65834059,-84.02162314,,active,2026-09-28,2026-09-28,
pk_00115,trackdatacenters,117,Starkville Crypto Mine,Mississippi,33.4353285,-88.83601,,active,2026-09-28,2026-09-28,
pk_00116,trackdatacenters,118,Amazon Clinton,Mississippi,32.34892761,-90.36632151,,active,2026-09-28,2026-09-28,
pk_00117,trackdatacenters,119,Amazon Ridgeland,Mississippi,32.40768028,-90.19301896,,active,2026-09-28,2026-09-28,
pk_00118,trackdatacenters,120,Project Steamboat,Mississippi,32.27324166,-90.90165068,,active,2026-09-28,2026-09-28,
pk_00119,trackdatacenters,121,Meridian Compass Data Center,Mississippi,32.39009521,-88.62001053,,active,2026-09-28,2026-09-28,
pk_00120,trackdatacenters,122,Clarksdale Data Center,Mississippi,34.17249603,-90.56381427,,active,2026-09-28,2026-09-28,
pk_00121,trackdatacenters,123,xAI MACROHARDRR,Mississippi,34.99342701,-90.03423007,,active,2026-09-28,2026-09-28,
pk_00122,trackdatacenters,124,Taurus Data Center Hub,Mississippi,32.26966137,-90.01367672,,active,2026-09-28,2026-09-28,
pk_00123,trackdatacenters,125,Amazon Madison Mega Site,Mississippi,32.59492205,-90.09454526,,active,2026-09-28,2026-09-28,
pk_00124,trackdatacenters,126,Nebius Independence Hyperscale Campus,Missouri,39.10174683,-94.30901867,,active,2026-09-28,2026-09-28,
pk_00125,trackdatacenters,127,Project Green,Missouri,38.90206436,-91.42407949,,active,2026-09-28,2026-09-28,
pk_00126,trackdatacenters,128,Project Spade,Missouri,38.88882499,-91.43708207,,active,2026-09-28,2026-09-28,
pk_00127,trackdatacenters,129,Crusoe Warrenton AI Data Center,Missouri,38.82899456,-91.1825948,,active,2026-09-28,2026-09-28,
pk_00128,trackdatacenters,130,CRG Festus Data Center,Missouri,38.19524083,-90.42875363,,active,2026-09-28,2026-09-28,
pk_00129,trackdatacenters,131,Metrobloks Liberty Data Center Campus,Missouri,39.20719259,-94.45399285,,active,2026-09-28,2026-09-28,
pk_00130,trackdatacenters,132,Lambda AI Factory,Missouri,39.29569711,-94.67402441,,active,2026-09-28,2026-09-28,
pk_00131,trackdatacenters,133,Jasper County Powered Data Park / Sarcoxie Data Center,Missouri,37.12580862,-94.10210599,,active,2026-09-28,2026-09-28,
pk_00132,trackdatacenters,134,Meramec Valley Technology Park,Missouri,38.43474091,-90.7592958,,active,2026-09-28,2026-09-28,
pk_00133,trackdatacenters,135,Gateway Digital Campus,Missouri,38.47277567,-90.84330248,,active,2026-09-28,2026-09-28,
pk_00134,trackdatacenters,136,Meta Kansas City Data Center,Missouri,39.32251284,-94.59398023,,active,2026-09-28,2026-09-28,
pk_00135,trackdatacenters,137,Marshfield Webster Data Center,Missouri,37.36525146,-92.88822467,,active,2026-09-28,2026-09-28,
pk_00136,trackdatacenters,138,Project Cumulus,Missouri,38.81601246,-90.54683674,,active,2026-09-28,2026-09-28,
pk_00137,trackdatacenters,139,Wildwood Ranch AI Data Center,Missouri,37.07096304,-94.58386453,,active,2026-09-28,2026-09-28,
pk_00138,trackdatacenters,140,Mo Lake Development Cross Creek Data Center,Missouri,38.03465334,-92.7410058,,active,2026-09-28,2026-09-28,
pk_00139,trackdatacenters,141,Armory Innovation Data Center,Missouri,38.63165907,-90.23951136,,active,2026-09-28,2026-09-28,
pk_00140,trackdatacenters,142,Oppidan Foristell Data Center Sites,Missouri,38.81659009,-90.95349831,,active,2026-09-28,2026-09-28,
pk_00141,trackdatacenters,143,White Cloud Acres,Missouri,40.17786437,-94.78400949,,active,2026-09-28,2026-09-28,
pk_00142,trackdatacenters,144,Project Mica,Missouri,39.31526749,-94.59489243,,active,2026-09-28,2026-09-28,
pk_00143,trackdatacenters,145,Nottingham Data Center,New Hampshire,43.17994869,-71.1001181,,active,2026-09-28,2026-09-28,
pk_00144,trackdatacenters,146,DataOne Vineland,New Jersey,39.42766589,-75.0167957,,active,2026-09-28,2026-09-28,
pk_00145,trackdatacenters,147,Princeton Nurseries Data Center,New Jersey,40.3616451,-74.60748403,,active,2026-09-28,2026-09-28,
pk_00146,trackdatacenters,148,Prism Capital Partners Nutley Site,New Jersey,40.82934313,-74.15375476,,active,2026-09-28,2026-09-28,
pk_00147,trackdatacenters,149,New Brunswick Data Center,New Jersey,40.48746648,-74.4575096,,active,2026-09-28,2026-09-28,
pk_00148,trackdatacenters,150,American Tower Mount Royal,New Jersey,39.79936564,-75.19931475,,active,2026-09-28,2026-09-28,
pk_00149,trackdatacenters,151,CoreWeave Kenilworth,New Jersey,40.6779928,-74.27441747,,active,2026-09-28,2026-09-28,
pk_00150,trackdatacenters,152,Monroe Township Data Center,New Jersey,39.63068297,-74.93468954,,active,2026-09-28,2026-09-28,
pk_00151,trackdatacenters,153,Andover Data Center,New Jersey,41.03259839,-74.76603349,,active,2026-09-28,2026-09-28,
pk_00152,trackdatacenters,154,Millville Energy & Data Center Campus,New Jersey,39.4088032,-75.0332377,,active,2026-09-28,2026-09-28,
pk_00153,trackdatacenters,155,Sugar Hill Portland Data Center,New York,42.37579809,-79.51981497,,active,2026-09-28,2026-09-28,
pk_00154,trackdatacenters,156,Massena Petawatt Data Center Site Advertisement,New York,44.95771162,-74.84814718,,active,2026-09-28,2026-09-28,
pk_00155,trackdatacenters,157,Riverview Innovative and Technology Campus Data Center,New York,42.98332989,-78.92629003,,active,2026-09-28,2026-09-28,
pk_00156,trackdatacenters,158,Kenwood Commons,New York,42.62886666,-73.77148535,,active,2026-09-28,2026-09-28,
pk_00157,trackdatacenters,159,STAMP Data Center,New York,43.08618171,-78.39789035,,active,2026-09-28,2026-09-28,
pk_00158,trackdatacenters,160,Ilion Data Center,New York,43.01352625,-75.03366628,,active,2026-09-28,2026-09-28,
pk_00159,trackdatacenters,161,Niagara Digital Campus,New York,43.08391756,-79.05282532,,active,2026-09-28,2026-09-28,
pk_00160,trackdatacenters,162,Brookhaven National Laboratory Data Center,New York,40.86743817,-72.89549013,,active,2026-09-28,2026-09-28,
pk_00161,trackdatacenters,163,Lake Hawkeye,New York,42.60794652,-76.62830834,,active,2026-09-28,2026-09-28,
pk_00162,trackdatacenters,164,Lysander Data Center,New York,43.1325,-76.3376,,active,2026-09-28,2026-09-28,
pk_00163,trackdatacenters,165,Oneonta West End Data Center,New York,42.453029,-75.1168,,active,2026-09-28,2026-09-28,
pk_00164,trackdatacenters,166,Rural Hall Data Center,North Carolina,36.24135237,-80.30180901,,active,2026-09-28,2026-09-28,
pk_00165,trackdatacenters,167,Person County Mega Park,North Carolina,36.47985187,-78.98963775,,active,2026-09-28,2026-09-28,
pk_00166,trackdatacenters,168,Tarboro Data Center Campus,North Carolina,35.90700022,-77.5905037,,active,2026-09-28,2026-09-28,
pk_00167,trackdatacenters,169,High Point Data Center,North Carolina,36.05205784,-79.95182154,,active,2026-09-28,2026-09-28,
pk_00168,trackdatacenters,170,CLT20 Moores Chapel,North Carolina,35.25092167,-81.00084159,,active,2026-09-28,2026-09-28,
pk_00169,trackdatacenters,171,CLT10 Uptown Expansion,North Carolina,35.22191683,-80.83534781,,active,2026-09-28,2026-09-28,
pk_00170,trackdatacenters,172,Greensboro Dream Center,North Carolina,36.05768666,-79.74575475,,active,2026-09-28,2026-09-28,
pk_00171,trackdatacenters,173,Marble Data Center Campus,North Carolina,35.18558998,-83.91616364,,active,2026-09-28,2026-09-28,
pk_00172,trackdatacenters,174,Maiden iDataCenter Campus,North Carolina,35.58929658,-81.25730925,,active,2026-09-28,2026-09-28,
pk_00173,trackdatacenters,175,T5 Data Centers Kings Mountain,North Carolina,35.25027157,-81.39640542,,active,2026-09-28,2026-09-28,
pk_00174,trackdatacenters,176,Forest City Data Center Campus,North Carolina,35.31677477,-81.82520272,,active,2026-09-28,2026-09-28,
pk_00175,trackdatacenters,177,Lenoir Campus (Existing + Project Cardinal 2024),North Carolina,35.89389169,-81.54542395,,active,2026-09-28,2026-09-28,
pk_00176,trackdatacenters,178,Natelli Investments New Hill Digital Campus,North Carolina,35.65264621,-78.95610019,,active,2026-09-28,2026-09-28,
pk_00177,trackdatacenters,179,Kingsboro Data Center,North Carolina,35.92501155,-77.69463669,,active,2026-09-28,2026-09-28,
pk_00178,trackdatacenters,180,Fayetteville Data Center Campus,North Carolina,0,0,,active,2026-09-28,2026-09-28,
pk_00179,trackdatacenters,181,Lenoir Data Center Expansion,North Carolina,0,0,,active,2026-09-28,2026-09-28,
pk_00180,trackdatacenters,182,Rowan County Data Center,North Carolina,35.69406105,-80.37033957,,active,2026-09-28,2026-09-28,
pk_00181,trackdatacenters,183,Project Delta,North Carolina,36.38118435,-79.94112825,,active,2026-09-28,2026-09-28,
pk_00182,trackdatacenters,184,AWS Richmond County Campus,North Carolina,34.82060089,-79.72416668,,active,2026-09-28,2026-09-28,
pk_00183,trackdatacenters,185,Statesville Data Center Campus,North Carolina,35.77086367,-80.96640357,,active,2026-09-28,2026-09-28,
pk_00184,trackdatacenters,186,Charlotte University City Data Center,North Carolina,35.30122025,-80.73226971,,active,2026-09-28,2026-09-28,
pk_00185,trackdatacenters,187,5C Charlotte Data Center,North Carolina,0,0,,active,2026-09-28,2026-09-28,
pk_00186,trackdatacenters,188,NC-1 Campus (Madison) Data Center,North Carolina,36.40427826,-79.98908995,,active,2026-09-28,2026-09-28,
pk_00187,trackdatacenters,189,Microsoft — Catawba County Campus Cluster (Lyle Creek / Boyd Farm / Hickory / Stover North),North Carolina,0,0,,active,2026-09-28,2026-09-28,
pk_00188,trackdatacenters,190,Raleigh New Build Data Center,North Carolina,0,0,,active,2026-09-28,2026-09-28,
pk_00189,trackdatacenters,191,American Tower RA1,North Carolina,0,0,,active,2026-09-28,2026-09-28,
pk_00190,trackdatacenters,192,Tract Mooresville Technology Park,North Carolina,35.51718123,-80.75378681,,active,2026-09-28,2026-09-28,
pk_00191,trackdatacenters,193,Project Accelerate,North Carolina,0,0,,active,2026-09-28,2026-09-28,
pk_00192,trackdatacenters,194,Project Fighting Pike,North Dakota,48.2324742,-103.6344227,,active,2026-09-28,2026-09-28,
pk_00193,trackdatacenters,195,Polaris Forge 1,North Dakota,46.01289235,-98.57186221,,active,2026-09-28,2026-09-28,
pk_00194,trackdatacenters,196,Atlas Power Williston,North Dakota,48.14614934,-103.7725071,,active,2026-09-28,2026-09-28,
pk_00195,trackdatacenters,197,Polaris Forge 2,North Dakota,46.96719859,-96.87059463,,active,2026-09-28,2026-09-28,
pk_00196,trackdatacenters,198,River Run Energy Center,North Dakota,47.27256043,-101.4503149,,active,2026-09-28,2026-09-28,
pk_00197,trackdatacenters,199,Applied Digital Oliver County,North Dakota,47.10645479,-101.344641,,active,2026-09-28,2026-09-28,
pk_00198,trackdatacenters,200,Nakota Data Campus,North Dakota,48.25607,-103.31802,,active,2026-09-28,2026-09-28,
pk_00199,trackdatacenters,201,Aurum Capital Ventures Bismarck,North Dakota,46.80318111,-100.723539,,active,2026-09-28,2026-09-28,
pk_00200,trackdatacenters,202,AWS Innovation Campus New Albany,Ohio,40.09489884,-82.74916286,,active,2026-09-28,2026-09-28,
pk_00201,trackdatacenters,203,Vantage New Albany Campus,Ohio,40.10047343,-82.74714551,,active,2026-09-28,2026-09-28,
pk_00202,trackdatacenters,204,QTS New Albany Campus,Ohio,40.06443251,-82.75820015,,active,2026-09-28,2026-09-28,
pk_00203,trackdatacenters,205,AWS Hillard Campus,Ohio,40.0189827,-83.12332992,,active,2026-09-28,2026-09-28,
pk_00204,trackdatacenters,206,Project Mila / Trenton Industrial Park Data Center,Ohio,39.4544315,-84.45850395,,active,2026-09-28,2026-09-28,
pk_00205,trackdatacenters,207,Hamilton Data Center,Ohio,39.38353851,-84.55755333,,active,2026-09-28,2026-09-28,
pk_00206,trackdatacenters,208,5C Springfield,Ohio,39.91311998,-83.7233217,,active,2026-09-28,2026-09-28,
pk_00207,trackdatacenters,209,Ashville Data Center,Ohio,39.74005791,-82.97048559,,active,2026-09-28,2026-09-28,
pk_00208,trackdatacenters,210,Piqua Data Center,Ohio,40.11175813,-84.24667915,,active,2026-09-28,2026-09-28,
pk_00209,trackdatacenters,211,Project Galaxy,Ohio,40.2683695,-84.18982925,,active,2026-09-28,2026-09-28,
pk_00210,trackdatacenters,212,Van Wert Mega Site,Ohio,40.89245226,-84.55737851,,active,2026-09-28,2026-09-28,
pk_00211,trackdatacenters,213,Stargate Project - Lordstown AI Data Center Campus,Ohio,41.14548227,-80.87920589,,active,2026-09-28,2026-09-28,
pk_00212,trackdatacenters,214,Lordstown Data Center,Ohio,41.13519379,-80.86106491,,active,2026-09-28,2026-09-28,
pk_00213,trackdatacenters,215,Google Lockbourne,Ohio,39.84852577,-82.99642495,,active,2026-09-28,2026-09-28,
pk_00214,trackdatacenters,216,Project Cosmos,Ohio,40.2201438,-83.32361447,,active,2026-09-28,2026-09-28,
pk_00215,trackdatacenters,217,Cologix Lewis Center Data Center,Ohio,40.19081248,-83.01106238,,active,2026-09-28,2026-09-28,
pk_00216,trackdatacenters,218,Strata Expanse AI Center of Excellence,Ohio,38.56759954,-82.78277491,,active,2026-09-28,2026-09-28,
pk_00217,trackdatacenters,219,Hannibal Data Center Campus,Ohio,39.70567776,-80.84146301,,active,2026-09-28,2026-09-28,
pk_00218,trackdatacenters,220,Bitdeer Clarington Data Center,Ohio,39.70341657,-80.84947879,,active,2026-09-28,2026-09-28,
pk_00219,trackdatacenters,221,NEO-01 / Sandusky Data Center,Ohio,41.43007557,-82.71984903,,active,2026-09-28,2026-09-28,
pk_00220,trackdatacenters,222,Microsoft Heath Data Center,Ohio,40.02477167,-82.4893704,,active,2026-09-28,2026-09-28,
pk_00221,trackdatacenters,223,Microsoft Hebron Data Center,Ohio,39.97039675,-82.4967654,,active,2026-09-28,2026-09-28,
pk_00222,trackdatacenters,224,Akron Data Center Expansion,Ohio,41.05720574,-81.52212942,,active,2026-09-28,2026-09-28,
pk_00223,trackdatacenters,225,AWS Wilmington Data Center,Ohio,39.424014,-83.84240396,,active,2026-09-28,2026-09-28,
pk_00224,trackdatacenters,226,Mt. Orab Mega Site,Ohio,39.01320104,-83.89244177,,active,2026-09-28,2026-09-28,
pk_00225,trackdatacenters,227,J.M. Stuart Revitilization Project,Ohio,38.63781178,-83.69208115,,active,2026-09-28,2026-09-28,
pk_00226,trackdatacenters,228,Killen Revitilization Project,Ohio,38.69144702,-83.47869649,,active,2026-09-28,2026-09-28,
pk_00227,trackdatacenters,229,Marysville South Data Center,Ohio,40.21492701,-83.34128299,,active,2026-09-28,2026-09-28,
pk_00228,trackdatacenters,230,Buck Canyon Properties Data Center,Ohio,38.64639927,-83.65890902,,active,2026-09-28,2026-09-28,
pk_00229,trackdatacenters,231,PORTS Technology Center,Ohio,39.01316521,-83.00090893,,active,2026-09-28,2026-09-28,
pk_00230,trackdatacenters,232,Perry Township Data Center,Ohio,40.75045298,-81.44956755,,active,2026-09-28,2026-09-28,
pk_00231,trackdatacenters,233,Morabito Slavic Village Data Center,Ohio,41.46127794,-81.65465458,,active,2026-09-28,2026-09-28,
pk_00232,trackdatacenters,234,Google Franklin Furnace Data Center,Ohio,38.59569705,-82.82726031,,active,2026-09-28,2026-09-28,
pk_00233,trackdatacenters,235,Urbana Data Center,Ohio,40.08852371,-83.7608865,,active,2026-09-28,2026-09-28,
pk_00234,trackdatacenters,236,Project BOSC,Ohio,40.79615096,-84.11932669,,active,2026-09-28,2026-09-28,
pk_00235,trackdatacenters,237,"Cipher Mining's ""Ulysses""",Ohio,40.12032121,-83.20573591,,active,2026-09-28,2026-09-28,
pk_00236,trackdatacenters,238,Bitdeer Weathersfield Project,Ohio,41.16692553,-80.74706385,,active,2026-09-28,2026-09-28,
pk_00237,trackdatacenters,239,Johnstown Cologix Data Center,Ohio,40.13371988,-82.7145744,,active,2026-09-28,2026-09-28,
pk_00238,trackdatacenters,240,Meta Bowling Green Data Center,Ohio,41.46794364,-83.64052123,,active,2026-09-28,2026-09-28,
pk_00239,trackdatacenters,241,Microsoft New Albany Data Center,Ohio,40.10545505,-82.75829708,,active,2026-09-28,2026-09-28,
pk_00240,trackdatacenters,242,Fairview Crossroads Data Center,Pennsylvania,40.20763745,-76.88105807,,active,2026-09-28,2026-09-28,
pk_00241,trackdatacenters,243,Project Hazelnut,Pennsylvania,40.96611988,-76.04552288,,active,2026-09-28,2026-09-28,
pk_00242,trackdatacenters,244,Keel Infrastructure Panther Creek,Pennsylvania,40.85810449,-75.86678277,,active,2026-09-28,2026-09-28,
pk_00243,trackdatacenters,245,Zediker Station Data Center,Pennsylvania,40.17611743,-80.16151557,,active,2026-09-28,2026-09-28,
pk_00244,trackdatacenters,246,Wildcat Ridge AI Data Center,Pennsylvania,41.50265393,-75.58996376,,active,2026-09-28,2026-09-28,
pk_00245,trackdatacenters,247,Project Gravity,Pennsylvania,41.52487025,-75.55982315,,active,2026-09-28,2026-09-28,
pk_00246,trackdatacenters,248,Blakely AI Data Center,Pennsylvania,41.48730234,-75.59677116,,active,2026-09-28,2026-09-28,
pk_00247,trackdatacenters,249,Project Boson,Pennsylvania,41.51204229,-75.55615342,,active,2026-09-28,2026-09-28,
pk_00248,trackdatacenters,250,Project Gold,Pennsylvania,41.25171332,-75.51721079,,active,2026-09-28,2026-09-28,
pk_00249,trackdatacenters,251,Sentinel Green Fig East Whiteland,Pennsylvania,40.03918189,-75.58675747,,active,2026-09-28,2026-09-28,
pk_00250,trackdatacenters,252,QTS Salem Data Center,Pennsylvania,41.08918402,-76.17975485,,active,2026-09-28,2026-09-28,
pk_00251,trackdatacenters,253,AWS Keystone Trade Center Campus,Pennsylvania,40.16092786,-74.7577123,,active,2026-09-28,2026-09-28,
pk_00252,trackdatacenters,254,CoreWeave Lancaster,Pennsylvania,40.0432,-76.2576,,active,2026-09-28,2026-09-28,
pk_00253,trackdatacenters,255,Allentown Warehouse Conversion Data Center,Pennsylvania,40.56743843,-75.47433818,,active,2026-09-28,2026-09-28,
pk_00254,trackdatacenters,256,PAX – Pennsylvania Digital I,Pennsylvania,40.25827177,-77.11782185,,active,2026-09-28,2026-09-28,
pk_00255,trackdatacenters,257,Dynamo Springdale,Pennsylvania,40.53856579,-79.79046974,,active,2026-09-28,2026-09-28,
pk_00256,trackdatacenters,258,Homer City Energy + AI Campus,Pennsylvania,40.51388415,-79.19678004,,active,2026-09-28,2026-09-28,
pk_00257,trackdatacenters,259,Dauphin Highlands Golf Course sold for Data Center,Pennsylvania,40.2272952,-76.80957537,,active,2026-09-28,2026-09-28,
pk_00258,trackdatacenters,260,Hollenback Township Data Center Development Zoning Application,Pennsylvania,41.08020287,-76.10642775,,active,2026-09-28,2026-09-28,
pk_00259,trackdatacenters,261,Jessup Sunnyside Data Center,Pennsylvania,41.46826509,-75.54760961,,active,2026-09-28,2026-09-28,
pk_00260,trackdatacenters,262,McKees Rocks Industrial Site Data Center,Pennsylvania,40.4802974,-80.05962827,,active,2026-09-28,2026-09-28,
pk_00261,trackdatacenters,263,Project Hummingbird,Pennsylvania,39.8340493,-79.94407164,,active,2026-09-28,2026-09-28,
pk_00262,trackdatacenters,264,Archbald I LLC Data Center Campuses,Pennsylvania,41.51661739,-75.56512591,,active,2026-09-28,2026-09-28,
pk_00263,trackdatacenters,265,Former Air Products Headquarters Data Center,Pennsylvania,40.55415027,-75.59980631,,active,2026-09-28,2026-09-28,
pk_00264,trackdatacenters,266,Pennhurst Data Center,Pennsylvania,40.19431755,-75.56108097,,active,2026-09-28,2026-09-28,
pk_00265,trackdatacenters,267,Conshohocken Data Center,Pennsylvania,40.086677,-75.317786,,active,2026-09-28,2026-09-28,
pk_00266,trackdatacenters,268,Dickson City Data Centers,Pennsylvania,41.47228006,-75.6389869,,active,2026-09-28,2026-09-28,
pk_00267,trackdatacenters,269,West Hazleton Data Center,Pennsylvania,40.96565469,-76.01156213,,active,2026-09-28,2026-09-28,
pk_00268,trackdatacenters,270,Sugarloaf Township Data Center,Pennsylvania,40.97036803,-76.0721478,,active,2026-09-28,2026-09-28,
pk_00269,trackdatacenters,271,Linfield Data Center,Pennsylvania,40.20092763,-75.57527627,,active,2026-09-28,2026-09-28,
pk_00270,trackdatacenters,272,Kline Township Data Center,Pennsylvania,40.87754226,-76.01469842,,active,2026-09-28,2026-09-28,
pk_00271,trackdatacenters,273,Ransom Township Data Center,Pennsylvania,41.4485852,-75.70026061,,active,2026-09-28,2026-09-28,
pk_00272,trackdatacenters,274,Atlas Industrial / South Whitehall Township Hyperscale Data Center Campus,Pennsylvania,40.64345138,-75.53658984,,active,2026-09-28,2026-09-28,
pk_00273,trackdatacenters,275,Smithfield Gateway Project,Pennsylvania,41.00617471,-75.15065763,,active,2026-09-28,2026-09-28,
pk_00274,trackdatacenters,276,Project Phoenix,Pennsylvania,40.633,-80.4153,,active,2026-09-28,2026-09-28,
pk_00275,trackdatacenters,277,Klondike Data Center Project,Pennsylvania,41.65369277,-76.23256883,,active,2026-09-28,2026-09-28,
pk_00276,trackdatacenters,278,Project Laurel,Pennsylvania,40.23218123,-75.57349531,,active,2026-09-28,2026-09-28,
pk_00277,trackdatacenters,279,Tobyhanna Township / Blakeslee Data Center,Pennsylvania,41.13227151,-75.61026733,,active,2026-09-28,2026-09-28,
pk_00278,trackdatacenters,280,Talen Energy Rezone Request for Possible Data Center in Montour County,Pennsylvania,41.09449749,-76.65469331,,active,2026-09-28,2026-09-28,
pk_00279,trackdatacenters,281,Fezzik Aliquippa Data Center,Pennsylvania,40.63013352,-80.23637249,,active,2026-09-28,2026-09-28,
pk_00280,trackdatacenters,282,Project Green Mountain,Pennsylvania,41.50989356,-75.52445531,,active,2026-09-28,2026-09-28,
pk_00281,trackdatacenters,283,Conewago Township Data Center Land Considerations,Pennsylvania,40.02474644,-76.82033606,,active,2026-09-28,2026-09-28,
pk_00282,trackdatacenters,284,Briar Creek Township Data Center Zoning Overlay,Pennsylvania,41.12070111,-76.23433152,,active,2026-09-28,2026-09-28,
pk_00283,trackdatacenters,285,South Hanover Township Data Center,Pennsylvania,40.27370582,-76.70247517,,active,2026-09-28,2026-09-28,
pk_00284,trackdatacenters,286,Sellersville / West Rockhill Township Data Center,Pennsylvania,40.34879997,-75.32982269,,active,2026-09-28,2026-09-28,
pk_00285,trackdatacenters,287,North Coventry Township Data Center,Pennsylvania,40.23595694,-75.65857193,,active,2026-09-28,2026-09-28,
pk_00286,trackdatacenters,288,Prologis Warehouse Data Center,Pennsylvania,40.7015124,-75.4801445,,active,2026-09-28,2026-09-28,
pk_00287,trackdatacenters,289,Switch Data Center at Former Pitt Race Complex,Pennsylvania,40.84777195,-80.34616116,,active,2026-09-28,2026-09-28,
pk_00288,trackdatacenters,290,Allenwood Data Center,Pennsylvania,41.11573034,-76.90130208,,active,2026-09-28,2026-09-28,
pk_00289,trackdatacenters,291,Fort Cherry Development District,Pennsylvania,40.3687382,-80.25693285,,active,2026-09-28,2026-09-28,
pk_00290,trackdatacenters,292,Champion Data Center Project,Pennsylvania,40.41702422,-80.30112451,,active,2026-09-28,2026-09-28,
pk_00291,trackdatacenters,293,South Annville Township Data Center,Pennsylvania,40.32188693,-76.52813066,,active,2026-09-28,2026-09-28,
pk_00292,trackdatacenters,294,Newton Township Data Center,Pennsylvania,41.45147677,-75.71165521,,active,2026-09-28,2026-09-28,
pk_00293,trackdatacenters,295,New Castle Data Center,Pennsylvania,40.77481697,-76.23620462,,active,2026-09-28,2026-09-28,
pk_00294,trackdatacenters,296,MRP Duncannon Data Center,Pennsylvania,40.43360096,-77.00724929,,active,2026-09-28,2026-09-28,
pk_00295,trackdatacenters,297,Project Triboro,Pennsylvania,41.44415192,-75.56713892,,active,2026-09-28,2026-09-28,
pk_00296,trackdatacenters,298,Linde Clinton Data Center,Pennsylvania,41.63476786,-75.44576229,,active,2026-09-28,2026-09-28,
pk_00297,trackdatacenters,299,East Brandywine Data Center,Pennsylvania,40.02715476,-75.78690503,,active,2026-09-28,2026-09-28,
pk_00298,trackdatacenters,300,Renaissance Boulevard Data Center Campus,Pennsylvania,40.08265474,-75.3410236,,active,2026-09-28,2026-09-28,
pk_00299,trackdatacenters,301,600 River Road Data Center,Pennsylvania,40.0939398,-75.32503398,,active,2026-09-28,2026-09-28,
pk_00300,trackdatacenters,302,3200 Horizon Drive Data Center,Pennsylvania,40.08705063,-75.33861848,,active,2026-09-28,2026-09-28,
pk_00301,trackdatacenters,303,Quakertown Data Center Park,Pennsylvania,40.41121767,-75.34561374,,active,2026-09-28,2026-09-28,
pk_00302,trackdatacenters,304,Granville Data Center,Pennsylvania,40.56908144,-77.61398863,,active,2026-09-28,2026-09-28,
pk_00303,trackdatacenters,305,Muncy Data Center,Pennsylvania,41.22793466,-76.81183441,,active,2026-09-28,2026-09-28,
pk_00304,trackdatacenters,306,Gravel Pike Data Center,Pennsylvania,40.4190452,-75.5133896,,active,2026-09-28,2026-09-28,
pk_00305,trackdatacenters,307,Keel Infrastructure Sharon,Pennsylvania,41.24401767,-80.50629588,,active,2026-09-28,2026-09-28,
pk_00306,trackdatacenters,308,PNK Valley View Data Center,Pennsylvania,41.47914648,-75.51858421,,active,2026-09-28,2026-09-28,
pk_00307,trackdatacenters,309,Mudiita Ransom Township Data Center,Pennsylvania,41.38663332,-75.76165592,,active,2026-09-28,2026-09-28,
pk_00308,trackdatacenters,310,Nebius Butler Township Data Center,Pennsylvania,40.7386815,-76.3191425,,active,2026-09-28,2026-09-28,
pk_00309,trackdatacenters,311,Swedeland Discovery Center Data Center Campus,Pennsylvania,40.07589993,-75.33279859,,active,2026-09-28,2026-09-28,
pk_00310,trackdatacenters,312,Stonebridge Lawrence Data Center,Pennsylvania,40.99142125,-80.42833073,,active,2026-09-28,2026-09-28,
pk_00311,trackdatacenters,313,North Coventry Mall Data Center,Pennsylvania,40.23541132,-75.66262445,,active,2026-09-28,2026-09-28,
pk_00312,trackdatacenters,314,Storage Data Center Project,Pennsylvania,41.97718191,-77.14159141,,active,2026-09-28,2026-09-28,
pk_00313,trackdatacenters,315,TECfusions “Keystone Connect” AI Campus,Pennsylvania,40.55148482,-79.64813466,,active,2026-09-28,2026-09-28,
pk_00314,trackdatacenters,316,Starpointe Data Center Project,Pennsylvania,40.42897263,-80.41166631,,active,2026-09-28,2026-09-28,
pk_00315,trackdatacenters,317,Amazon Salem Township,Pennsylvania,41.08541393,-76.15505141,,active,2026-09-28,2026-09-28,
pk_00316,trackdatacenters,318,4-3 Salem Township,Pennsylvania,41.09268711,-76.20451035,,active,2026-09-28,2026-09-28,
pk_00317,trackdatacenters,319,Iron City No. 1 Power Generator and Compute Center,Pennsylvania,41.12090453,-78.1138798,,active,2026-09-28,2026-09-28,
pk_00318,trackdatacenters,320,Lower Mount Bethel Technology Center,Pennsylvania,40.82152787,-75.1017816,,active,2026-09-28,2026-09-28,
pk_00319,trackdatacenters,321,Cumru Titus,Pennsylvania,40.30604668,-75.91162467,,active,2026-09-28,2026-09-28,
pk_00320,trackdatacenters,322,Jessup Breaker Street Data Center,Pennsylvania,41.47418356,-75.55167722,,active,2026-09-28,2026-09-28,
pk_00321,trackdatacenters,323,Calpine Peach Bottom,Pennsylvania,39.73803078,-76.30721563,,active,2026-09-28,2026-09-28,
pk_00322,trackdatacenters,324,NorthPoint Spring Mountain Data Center,Pennsylvania,40.91668696,-75.92819869,,active,2026-09-28,2026-09-28,
pk_00323,trackdatacenters,325,Penn Forest Township Data Center,Pennsylvania,40.90018884,-75.66877208,,active,2026-09-28,2026-09-28,
pk_00324,trackdatacenters,326,Dorrance Township Data Center Zoning Ordinance Challenge,Pennsylvania,41.08587671,-75.95575846,,active,2026-09-28,2026-09-28,
pk_00325,trackdatacenters,327,East Manchester Farmland to Data Center Initiative Interest,Pennsylvania,40.06896237,-76.68420106,,active,2026-09-28,2026-09-28,
pk_00326,trackdatacenters,328,Alpha Compute Data Center,Pennsylvania,,,,active,2026-09-28,2026-09-28,
pk_00327,trackdatacenters,329,Newport Township Data Center Campus,Pennsylvania,41.16246671,-76.08389734,,active,2026-09-28,2026-09-28,
pk_00328,trackdatacenters,330,Smithfield Data Center,Rhode Island,41.935469,-71.52036919,,active,2026-09-28,2026-09-28,
pk_00329,trackdatacenters,331,Gemini Sioux Falls Data Center,South Dakota,43.59370023,-96.6401013,,active,2026-09-28,2026-09-28,
pk_00330,trackdatacenters,332,Sequitor Edge Rapid City,South Dakota,44.02731001,-103.1840971,,active,2026-09-28,2026-09-28,
pk_00331,trackdatacenters,333,Applied Digital Toronto,South Dakota,44.5836554,-96.56283,,active,2026-09-28,2026-09-28,
pk_00332,trackdatacenters,334,xAI Colossus 1,Tennessee,35.06015556,-90.15650152,,active,2026-09-28,2026-09-28,
pk_00333,trackdatacenters,335,xAI Colossus 2,Tennessee,34.99870981,-90.03812933,,active,2026-09-28,2026-09-28,
pk_00334,trackdatacenters,336,Meta Gallatin,Tennessee,36.40865292,-86.37040153,,active,2026-09-28,2026-09-28,
pk_00335,trackdatacenters,337,Neural Nexus Data Center,Tennessee,35.14095312,-90.04757753,,active,2026-09-28,2026-09-28,
pk_00336,trackdatacenters,338,RadiusDC Nashville I,Tennessee,36.22227227,-86.78351657,,active,2026-09-28,2026-09-28,
pk_00337,trackdatacenters,339,5C Memphis Data Center,Tennessee,35.03183751,-89.93263096,,active,2026-09-28,2026-09-28,
pk_00338,trackdatacenters,340,Lawrenceburg / Ethridge Data Center,Tennessee,35.29402267,-87.32017668,,active,2026-09-28,2026-09-28,
pk_00339,trackdatacenters,341,Jailhouse Studios,Tennessee,35.04954023,-85.30803088,,active,2026-09-28,2026-09-28,
pk_00340,trackdatacenters,342,DC Blox Nashville,Tennessee,36.09042198,-86.74633128,,active,2026-09-28,2026-09-28,
pk_00341,trackdatacenters,343,CleanSpark Mountain City Bitcoin Mine,Tennessee,36.44568006,-81.80073638,,active,2026-09-28,2026-09-28,
pk_00342,trackdatacenters,344,ExoticRidge Bitcoin Mine,Tennessee,36.29580681,-83.03926889,,active,2026-09-28,2026-09-28,
pk_00343,trackdatacenters,345,Arnold Air Force Data Center,Tennessee,35.375389,-86.07293,,active,2026-09-28,2026-09-28,
pk_00344,trackdatacenters,346,Hixson Data Center,Tennessee,35.7189351,-85.83887,,active,2026-09-28,2026-09-28,
pk_00345,trackdatacenters,347,Quantum Leap,Tennessee,36.1683166,-86.805565,,active,2026-09-28,2026-09-28,
pk_00346,trackdatacenters,348,Cielo Digital Clarksville,Tennessee,36.57269,-87.3423,,active,2026-09-28,2026-09-28,
pk_00347,trackdatacenters,349,Monarch Compute Campus and Mountaineer Gigasystem,West Virginia,38.91458813,-82.11477824,,active,2026-09-28,2026-09-28,
pk_00348,trackdatacenters,350,QTS Kearneysville Data Center Complex,West Virginia,39.40601474,-77.89272666,,active,2026-09-28,2026-09-28,
pk_00349,trackdatacenters,351,Google Buffalo Data Center,West Virginia,38.64062703,-81.95363899,,active,2026-09-28,2026-09-28,
pk_00350,trackdatacenters,352,Appalachian Mega Site / Hog Lick Data Center,West Virginia,39.42024395,-80.21559907,,active,2026-09-28,2026-09-28,
pk_00351,trackdatacenters,353,Ridgeline Facility,West Virginia,39.13472331,-79.49681575,,active,2026-09-28,2026-09-28,
pk_00352,trackdatacenters,354,Alpha Technologies Huntington,West Virginia,38.41845,-82.4386,,active,2026-09-28,2026-09-28,
pk_00353,trackdatacenters,355,"Adams Fork Harless Data Center Energy Campus, Holden",West Virginia,37.75306909,-82.11292654,,active,2026-09-28,2026-09-28,
pk_00354,trackdatacenters,356,"Adams Fork Data Center Energy Campus, Wharncliffe",West Virginia,37.59932181,-81.95434418,,active,2026-09-28,2026-09-28,
pk_00355,trackdatacenters,357,Penzance Intelligence Center,West Virginia,39.53777133,-77.88682289,,active,2026-09-28,2026-09-28,
pk_00356,trackdatacenters,358,NOAA Environmental Security Computing Center,West Virginia,39.4305781,-80.196,,active,2026-09-28,2026-09-28,
pk_00357,trackdatacenters,359,Stokes Wheeling,West Virginia,40.10135429,-80.70367016,,active,2026-09-28,2026-09-28,
pk_00358,trackdatacenters,360,NETL Computational Science & Engineering Center,West Virginia,39.6710214,-79.975006,,active,2026-09-28,2026-09-28,
pk_00359,trackdatacenters,361,QLevr Charlestown,Indiana,38.4309464,-85.67552236,,active,2026-09-28,2026-09-28,
pk_00360,trackdatacenters,362,Joint Base McGuire-Dix-Lakehurst,New Jersey,40.01661,-74.608765,,active,2026-09-28,2026-09-28,
pk_00361,trackdatacenters,363,Tower Gate Project,New Jersey,40.1186735,-74.751205,,active,2026-09-28,2026-09-28,
pk_00362,trackdatacenters,364,Comcast Moorestown,New Jersey,39.98939,-74.8896,,active,2026-09-28,2026-09-28,
pk_00363,trackdatacenters,365,Brookhaven Logistics Center,New York,40.8299098,-72.94618,,active,2026-09-28,2026-09-28,
pk_00364,trackdatacenters,366,Former Sears Data Center,New York,44.9485347,-74.84243,,active,2026-09-28,2026-09-28,
pk_00365,trackdatacenters,367,North Country Colocation Services,New York,44.9617731,-74.75057,,active,2026-09-28,2026-09-28,
pk_00366,trackdatacenters,368,9Lives Niagara,New York,43.1238905,-79.04118,,active,2026-09-28,2026-09-28,
pk_00367,trackdatacenters,369,Tesla Dojo Supercomputer,New York,42.8606116,-78.84132,,active,2026-09-28,2026-09-28,
pk_00368,trackdatacenters,370,Treetop Development Project,New York,41.5234013,-73.81024,,active,2026-09-28,2026-09-28,
pk_00369,trackdatacenters,372,Camp Monterey Data Center,New York,42.3374762,-77.019035,,active,2026-09-28,2026-09-28,
pk_00370,trackdatacenters,373,Holtec Decommissioning International,New York,41.2651071,-73.9493,,active,2026-09-28,2026-09-28,
pk_00371,trackdatacenters,374,IBM Quantum Data Center,New York,41.6604028,-73.93994,,active,2026-09-28,2026-09-28,
pk_00372,trackdatacenters,375,Provident Charleston,Indiana,41.59881042,-87.09408431,,active,2026-09-28,2026-09-28,
pk_00373,trackdatacenters,376,Karis Critical,Indiana,41.43870779,-87.30520093,,active,2026-09-28,2026-09-28,
pk_00374,trackdatacenters,377,Wylie Capital,Indiana,41.44723155,-87.33181417,,active,2026-09-28,2026-09-28,
pk_00375,trackdatacenters,378,Slate Belt Data Centers,Pennsylvania,40.905949,-75.08598,,active,2026-09-28,2026-09-28,
pk_00376,trackdatacenters,379,Soltier Cryptomine,Pennsylvania,41.7650717,-76.42684,,active,2026-09-28,2026-09-28,
pk_00377,trackdatacenters,380,Data Centric LLC Allenwood,Pennsylvania,41.13256,-76.9053,,active,2026-09-28,2026-09-28,
pk_00378,trackdatacenters,381,Wilsonville Data Center,Alabama,33.257,-86.495,,active,2026-09-28,2026-09-28,
pk_00379,trackdatacenters,382,Project Bluegrass,Kentucky,37.76741205,-84.781586,,active,2026-09-28,2026-09-28,
pk_00380,trackdatacenters,383,Jenkins KY Data Center,Kentucky,37.1636339,-82.65718,,active,2026-09-28,2026-09-28,
pk_00381,trackdatacenters,384,Brookfield Data Center,Kentucky,37.10882005,-88.81249,,active,2026-09-28,2026-09-28,
pk_00382,trackdatacenters,385,Sphere 3D Data Center,Kentucky,36.87047206,-87.48014308,,active,2026-09-28,2026-09-28,
pk_00383,trackdatacenters,389,Rubix Data Center,Kentucky,38.5017111,-82.67014,,active,2026-09-28,2026-09-28,
pk_00384,trackdatacenters,390,PowerHouse Carrollton,Kentucky,38.6347158,-85.12583,,active,2026-09-28,2026-09-28,
pk_00385,manual,1001,Harper Road Technology Park,Missouri,38.7192,-94.4585,,active,2026-09-28,2026-09-28,
pk_00386,manual,1002,Province Group Perry Village Data Center Campus,Ohio,41.7631,-81.1430,,active,2026-09-28,2026-09-28,
pk_00387,manual,1003,Meta Hyperion,Louisiana,32.5070,-91.6470,,active,2026-09-28,2026-09-28,
pk_00388,manual,1004,Prado AI Industrial Campus,Mississippi,32.4285,-90.1323,,active,2026-09-28,2026-09-28,
pk_00389,manual,1005,New Carlisle Chicago Trail Data Center (Third Site),Indiana,41.7200,-86.5100,,active,2026-09-28,2026-09-28,
pk_00390,manual,1006,Project Maize / Google Michigan City Data Center,Indiana,41.6906,-86.9250,,active,2026-09-28,2026-09-28,
pk_00391,manual,1007,Meta Project Everest,Louisiana,32.4600,-91.7500,,active,2026-09-28,2026-09-28,
pk_00392,manual,1008,Terra Nexus Custer Avenue Data Center,North Carolina,35.0800,-78.8000,,active,2026-09-28,2026-09-28,
pk_00393,manual,1009,PRSM Group Cumberland County Data Center,North Carolina,,,,active,2026-09-28,2026-09-28,
pk_00394,manual,1010,Project Sail Data Center,Georgia,33.3540,-84.8420,,active,2026-09-28,2026-09-28,
pk_00395,manual,1011,Howell Township Data Center (Project Splitrock),Michigan,42.6100,-83.9900,,active,2026-09-28,2026-09-28,
pk_00396,manual,1012,Natelli Vance County Data Center,North Carolina,36.3400,-78.4200,,active,2026-09-28,2026-09-28,
