run_date,window_days,articles,corroborates,possible_match,new_candidate
2026-09-29,7,430,15,13,402
2026-09-29,7,303,5,10,288
2026-09-29,7,378,11,14,353
2026-09-29,7,301,5,10,286
2026-09-29,7,327,8,10,309
2026-09-29,7,322,5,11,306
2026-09-29,7,396,12,14,370
2026-09-29,7,319,5,11,303
2026-09-29,7,380,11,14,355
2026-09-29,7,307,5,10,292
2026-09-29,7,301,5,11,285
2026-09-29,7,304,5,10,289
2026-09-29,7,302,5,10,287
2026-09-29,7,324,8,10,306
2026-09-29,7,298,5,10,283
2026-09-29,7,379,11,15,353
2026-09-29,7,398,13,18,367
2026-09-29,7,454,16,16,422
2026-09-29,7,385,13,16,356
2026-09-29,7,385,13,17,355
2026-09-29,7,302,5,14,283
