ran_at,action,accepted,rejected,added,replaced,counties_touched,note
2026-09-28,import,39,0,39,0,39,restriction_probe_import.csv
2026-09-28,import,39,0,0,39,0,restriction_probe_import.csv
2026-09-28,import,39,0,0,39,0,restriction_probe_import.csv
2026-09-28,import,39,0,0,39,0,restriction_probe_import.csv
2026-09-28,import,39,0,0,39,0,restriction_probe_import.csv
2026-09-28,import,39,0,0,39,0,restriction_probe_import.csv
2026-09-28,import,39,0,0,39,0,restriction_probe_import.csv
2026-09-28,import,39,0,0,39,0,restriction_probe_import.csv
2026-09-29,import,39,0,0,39,0,restriction_probe_import.csv
2026-09-29,import,39,0,0,39,0,restriction_probe_import.csv
2026-09-29,import,39,0,0,39,0,restriction_probe_import.csv
2026-09-29,import,39,0,0,39,0,restriction_probe_import.csv
2026-09-29,import,39,0,0,39,0,restriction_probe_import.csv
2026-09-29,import,39,0,0,39,0,restriction_probe_import.csv
2026-09-29,import,39,0,0,39,0,restriction_probe_import.csv
2026-09-29,import,39,0,0,39,0,restriction_probe_import.csv
2026-09-29,import,39,0,0,39,0,restriction_probe_import.csv
2026-09-29,import,39,0,0,39,0,restriction_probe_import.csv
2026-09-29,import,39,0,0,39,0,restriction_probe_import.csv
2026-09-29,import,39,0,0,39,0,restriction_probe_import.csv
2026-09-29,import,39,0,0,39,0,restriction_probe_import.csv
