url,archived_url,archived_at,http_status,method,status,checked_on,requested_on,attempts
http://protectroundrock.org/,https://web.archive.org/web/20260618165123/https://protectroundrock.org/,2026-06-18T16:51:23Z,200,cdx,archived,2026-10-02,,0
http://townoflutherok.com/data-center-status-update/,https://web.archive.org/web/20260930162726/http://townoflutherok.com/data-center-status-update/,2026-09-30T16:27:26Z,200,cdx,archived,2026-10-02,,0
http://virginiabusiness.com/virginia-appeals-court-upholds-block-on-prince-william-digital-gateway-project/,,,,none,not_archived,2026-10-02,,0
http://www.circlevilleherald.com/community/ohio-supreme-court-makes-decision-regarding-referendum-petition/article_39ac969b-2bc0-4feb-80f3-679ef814db63.html,,,,none,not_archived,2026-10-02,,0
http://www.crescent-news.com/crimewatch/local_crime/fulton-commissioners-ok-changes-to-zoning-code-zoning-request/article_d57f9e8b-9650-4f8e-afbb-2fb058a24ff8.html,,,,none,not_archived,2026-10-02,,0
http://www.crescent-news.com/news/local_news/city-council-amends-proposed-ordinance-on-data-center-moratorium/article_2999d7cc-f3b3-4232-8a00-3ad98bf7c89d.html,,,,none,not_archived,2026-10-02,,0
http://www.crescent-news.com/news/local_news/council-requests-legislation-to-place-data-center-measure-on-fall-ballot/article_7149d9b9-ec3f-4c4b-a187-aaad1d5de803.html,https://web.archive.org/web/20260913001654/https://www.crescent-news.com/news/local_news/council-requests-legislation-to-place-data-center-measure-on-fall-ballot/article_7149d9b9-ec3f-4c4b-a187-aaad1d5de803.html,2026-09-13T00:16:54Z,200,cdx,archived,2026-10-02,,0
http://www.dailyunion.com/news/local/jefferson-county-passes-data-center-moratorium/article_99689985-3ab4-56da-a269-b3490c3bedc4.html,https://web.archive.org/web/20260815172947/https://www.dailyunion.com/news/local/jefferson-county-passes-data-center-moratorium/article_99689985-3ab4-56da-a269-b3490c3bedc4.html,2026-08-15T17:29:47Z,200,cdx,archived,2026-10-02,,0
http://www.gazettextra.com/news/city-of-janesville-taps-public-to-shape-data-center-companion-ordinance/article_692aeed8-fc67-4d62-93c2-367d94b9d0d4.html,,,,none,not_archived,2026-10-02,,0
http://www.gazettextra.com/news/rock-county-committee-rejects-proposal-for-countywide-data-center-moratorium/article_e16e40b6-3e99-443a-b367-b82427240b24.html,,,,none,not_archived,2026-10-02,,0
http://www.goskagit.com/news/mount-vernon-city-council-approves-6-month-data-center-moratorium/article_f9bdca7e-0b80-4e3c-a27b-0d9179284823.html,,,,none,not_archived,2026-10-02,,0
http://www.lakenewsonline.com/stories/sunrise-beach-holds-public-hearing-on-data-center-ordinance,,,404,none,not_archived,2026-10-02,,0
http://www.leadertelegram.com/news/eau-claire-county-to-enact-a-moratorium-on-new-data-center-developments/article_58631c85-44b4-4922-9752-d037de8670e4.html,,,,none,not_archived,2026-10-02,,0
http://www.lenox-mi.gov/m/newsflash?cat=7,,,,none,not_archived,2026-10-02,,0
http://www.logandaily.com/news/aep-ohio-and-data-center-companies-announce-additional-bill-assistance-funding/article_432b396f-5ad6-43fc-b6e3-dfd0df6ab1c8.html,,,,none,not_archived,2026-10-02,,0
http://www.northescambia.com/2026/09/escambia-commissioners-stand-firm-on-existing-data-center-ban-take-no-action-on-moratorium,,,,none,not_archived,2026-10-02,,0
http://www.somdnews.com/news/local/data-center-moratorium-to-be-extended-in-calvert/article_42c0fc4a-d4b9-4770-8062-ba6d4bc0d213.html,,,,none,not_archived,2026-10-02,,0
http://www.somdnews.com/recorder/news/local/six-month-moratorium-on-data-centers-approved-in-calvert/article_483247c1-613e-40f4-ac4d-365ef877ed85.html,,,,none,not_archived,2026-10-02,,0
http://www.stardem.com/news/caroline/ridgely-passes-one-year-moratorium-on-data-centers/article_97ec1ae7-4a05-4e9e-9551-4bc8b650043a.html,,,,none,not_archived,2026-10-02,,0
http://www.starjournalnow.com/stories/county-board-oks-one-year-data-center-moratorium,,,,none,not_archived,2026-10-02,,0
http://www.thegazette.com/news/local/no-nuclear-carveout-for-linn-county-data-center-moratorium/article_e2ca0c7c-a0aa-412a-90b1-c62c775f0911.html,https://web.archive.org/web/20260830140644/https://www.thegazette.com/news/local/no-nuclear-carveout-for-linn-county-data-center-moratorium/article_e2ca0c7c-a0aa-412a-90b1-c62c775f0911.html,2026-08-30T14:06:44Z,200,cdx,archived,2026-10-02,,0
http://www.washingtonexaminer.com/news/senate/4748289/democrats-block-jon-husted-data-center-bill-ratepayer-protection-act/,,,,none,not_archived,2026-10-02,,0
http://www.wdtimes.com/news/local/dodge-committee-passes-moratorium-on-data-centers/article_1743d299-c8e4-4778-9839-30c7d88a996a.html,,,,none,not_archived,2026-10-02,,0
http://www.wdtimes.com/news/local/permits-dont-equal-protection-dodge-county-supervisors-pass-moratorium-on-data-centers/article_00ffa50e-7a96-4598-b676-94c2165d643d.html,,,,none,not_archived,2026-10-02,,0
http://www.wyomingnews.com/news/local_news/cheyenne-council-committee-advances-previously-postponed-cox-ranch-annexation-rezoning-items/article_33cade41-a63f-4802-a325-000e4d21883d.html,,,,none,not_archived,2026-10-02,,0
http://www.wyomingnews.com/news/local_news/conditional-approval-granted-for-ram-to-industrial-rezone-opposition-fears-irrevocable-infrastructure-strain-lifestyle-disruption/article_2d709335-c105-4833-9a10-b5e3a2f0c530.html,,,,none,not_archived,2026-10-02,,0
https://1077thebounce.com/2026/04/23/cumberland-county-approves-1-45m-generator-contract-schedules-data-center-moratorium-hearing/,,,,none,not_archived,2026-10-02,,0
https://1310kfka.com/news/01/larimer-county-hits-pause-on-data-centers-consideration/,,,,none,not_archived,2026-10-02,,0
https://1370wfea.com/news/042240-rochester-enacts-new-ordinance-on-data-centers/,,,,none,not_archived,2026-10-02,,0
https://1819news.com/news/item/data-center-company-nebius-buys-79-acres-in-birmingham-in-90-million-deal,,,,none,not_archived,2026-10-02,,0
https://512pixels.net/wp-content/uploads/2025/06/2025.06.17-SELC-Notice-of-Intent-to-Sue-for-Violations-of-the-Clean-Air-Act_with-Enclosures.pdf,,,,none,not_archived,2026-10-02,,0
https://607newsnow.com/news/258852-court-rules-lawsuit-against-terawulf-lansing-zba-can-move-forward/,https://web.archive.org/web/20260503031450/https://607newsnow.com/news/258852-court-rules-lawsuit-against-terawulf-lansing-zba-can-move-forward/,2026-05-03T03:14:50Z,200,cdx,archived,2026-10-02,,0
https://614now.com/2025/hot-topics/central-ohio-township-pauses-all-new-data-center-development-after-citizens-express-concerns,,,,none,not_archived,2026-10-02,,0
https://614now.com/2026/hot-topics/proposed-680-acre-data-center-in-central-ohio-denied-by-local-authorities-after-concerned-residents-push-back,,,,none,not_archived,2026-10-02,,0
https://6abc.com/post/east-whiteland-twp-residents-oppose-data-center-planners-send-revised-plan-back-review/18698080/,,,,none,not_archived,2026-10-02,,0
https://6abc.com/post/limerick-board-supervisors-vote-send-letter-opposing-land-swap-proposed-data-center/18440961/,,,,none,not_archived,2026-10-02,,0
https://6abc.com/post/proposed-data-center-limerick-pa-draws-questions-environmental-impact-cost/18397568/,,,,none,not_archived,2026-10-02,,0
https://710keel.com/shreveport-data-center-approval/,https://web.archive.org/web/20260123174042/https://710keel.com/shreveport-data-center-approval/,2026-01-23T17:40:42Z,200,cdx,archived,2026-10-02,,0
https://995qyk.com/2026/08/17/pinellas-park-halts-data-center-projects-with-year-long-moratorium/,,,,none,not_archived,2026-10-02,,0
https://abc11.com/post/apex-nc-leaders-hold-public-hearing-proposed-data-center-moratorium/18885810/,,,,none,not_archived,2026-10-02,,0
https://abc11.com/post/apex-residents-oppose-proposed-190-acre-data-center-old-us-1-sharon-harris-road/18399493/,,,,none,not_archived,2026-10-02,,0
https://abc11.com/post/data-center-developments-hold-cumberland-county-weighs-moratorium/19126573/,,,,none,not_archived,2026-10-02,,0
https://abc11.com/post/proposed-southeast-raleigh-data-center-withdrawn-community-opposition/19687659/,,,,none,not_archived,2026-10-02,,0
https://abc17news.com/news/2025/11/26/amazon-planning-data-center-in-montgomery-county/,https://web.archive.org/web/20251204012036/https://abc17news.com/news/2025/11/26/amazon-planning-data-center-in-montgomery-county/,2025-12-04T01:20:36Z,200,cdx,archived,2026-10-02,,0
https://abc17news.com/news/centralia/2026/04/17/centralia-board-of-aldermen-to-discuss-data-center-ordinance-at-monday-meeting/,,,,none,not_archived,2026-10-02,,0
https://abc17news.com/news/centralia/2026/04/21/centralia-aldermen-pass-data-center-ordinance/,,,,none,not_archived,2026-10-02,,0
https://abc17news.com/news/montgomery/2025/12/04/montgomery-county-residents-push-back-against-amazon-data-center/,,,,none,not_archived,2026-10-02,,0
https://abc17news.com/news/top-stories/2026/02/17/lawsuit-filed-to-stop-montgomery-county-data-center/,,,,none,not_archived,2026-10-02,,0
https://abc3340.com/news/abc-3340-news-iteam/bessemer-rezoning-fight-continues-over-proposed-data-center-court-hearing-complaint-motion-to-dismiss-response-legal-ruling-complaint-amendment-dispute-follow-up,https://web.archive.org/web/20260228081756/https://abc3340.com/news/abc-3340-news-iteam/bessemer-rezoning-fight-continues-over-proposed-data-center-court-hearing-complaint-motion-to-dismiss-response-legal-ruling-complaint-amendment-dispute-follow-up,2026-02-28T08:17:56Z,200,cdx,archived,2026-10-02,,0
https://abc3340.com/news/abc-3340-news-iteam/columbiana-town-hall-meeting-data-center-digihost-questions-answers-thursday-industrial-parkway,,,,none,not_archived,2026-10-02,,0
https://abc3340.com/news/abc-3340-news-iteam/power-progress-alabamas-data-center-boom-abc-3340-town-hall-thursday-at-4-pm-continuing-coverage,,,,none,not_archived,2026-10-02,,0
https://abc3340.com/news/local/alabama-bessemer-approves-rezoning-of-914-acres-for-project-marvel-data-center-april-2026,,,,none,not_archived,2026-10-02,,0
https://abc3340.com/news/local/alabama-tarrant-approves-12-month-moratorium-on-data-centers-mayor-tracie-threadford-september-2026,,,,none,not_archived,2026-10-02,,0
https://abc3340.com/news/local/birmingham-halts-new-data-center-projects-with-six-month-moratorium-city-of-birmingham-council-public-hearing-data-centers-zoning-land-use-regulations-review-infrastructure-demands-development,,,,none,not_archived,2026-10-02,,0
https://abc3340.com/news/local/hoover-city-council-oks-ordinance-to-review-future-data-center-projects-may-2026,https://web.archive.org/web/20260528010001/https://abc3340.com/news/local/hoover-city-council-oks-ordinance-to-review-future-data-center-projects-may-2026,2026-05-28T01:00:01Z,200,cdx,archived,2026-10-02,,0
https://abc3340.com/news/local/not-a-done-deal-childersburg-faces-questions-over-potential-data-center-talladega-industrial-park,https://web.archive.org/web/20260205222219/https://abc3340.com/news/local/not-a-done-deal-childersburg-faces-questions-over-potential-data-center-talladega-industrial-park,2026-02-05T22:22:19Z,200,cdx,archived,2026-10-02,,0
https://abc3340.com/news/local/westover-city-council-unanimously-approves-6-month-moratorium-on-data-centers,https://web.archive.org/web/20260912010402/https://abc3340.com/news/local/westover-city-council-unanimously-approves-6-month-moratorium-on-data-centers,2026-09-12T01:04:02Z,200,cdx,archived,2026-10-02,,0
https://abc6onyourside.com/news/local/dublin-ohio-city-council-tables-rezoning-plan-for-west-innovation-district,,,,none,not_archived,2026-10-02,,0
https://abc6onyourside.com/news/local/sunbury-ohio-delaware-county-residents-voice-opposition-to-proposed-amazon-data-center,https://web.archive.org/web/20260224070535/https://abc6onyourside.com/news/local/sunbury-ohio-delaware-county-residents-voice-opposition-to-proposed-amazon-data-center,2026-02-24T07:05:35Z,200,availability,archived,2026-10-02,,0
https://abc6onyourside.com/news/local/sunbury-petition-seeks-november-ballot-measure-limiting-data-centers-to-25-megawatts,https://web.archive.org/web/20260709230118/https://abc6onyourside.com/news/local/sunbury-petition-seeks-november-ballot-measure-limiting-data-centers-to-25-megawatts,2026-07-09T23:01:18Z,200,availability,archived,2026-10-02,,0
https://abc7amarillo.com/news/local/amarillo-council-advances-ai-data-center-proposal-amid-water-concerns-fermi-america-city-hall-dr-ken-rainwater-toby-neugebauer-trent-sisemore-les-simpson,https://web.archive.org/web/20251017012428/https://abc7amarillo.com/news/local/amarillo-council-advances-ai-data-center-proposal-amid-water-concerns-fermi-america-city-hall-dr-ken-rainwater-toby-neugebauer-trent-sisemore-les-simpson,2025-10-17T01:24:28Z,200,cdx,archived,2026-10-02,,0
https://abc7chicago.com/post/data-centers-illinois-city-council-approves-plans-joliet-center-bernhard-rowell-east-speedway/18737463/,https://web.archive.org/web/20260924191351/https://abc7chicago.com/post/data-centers-illinois-city-council-approves-plans-joliet-center-bernhard-rowell-east-speedway/18737463/,2026-09-24T19:13:51Z,200,cdx,archived,2026-10-02,,0
https://abc7chicago.com/post/lisle-data-center-cloudcenters-llc-drops-application-former-lockformer-company-site-ogden-avenue-village-officials-say/18703440/,https://web.archive.org/web/20260829232541/https://abc7chicago.com/post/lisle-data-center-cloudcenters-llc-drops-application-former-lockformer-company-site-ogden-avenue-village-officials-say/18703440/,2026-08-29T23:25:41Z,200,availability,archived,2026-10-02,,0
https://abc7chicago.com/post/lisle-data-center-public-hearing-held-proposed-former-lockformer-company-site-ogden-avenue/18444943/,,,,none,not_archived,2026-10-02,,0
https://abc7chicago.com/post/naperville-illinois-city-council-denies-plan-karis-critical-data-center-vacant-lucent-campus-off-warrenville-road/18442413/,https://web.archive.org/web/20260922124140/https://abc7chicago.com/post/naperville-illinois-city-council-denies-plan-karis-critical-data-center-vacant-lucent-campus-off-warrenville-road/18442413/,2026-09-22T12:41:40Z,200,availability,archived,2026-10-02,,0
https://abc7chicago.com/post/what-is-data-center-expect-more-centers-illinois-like-cyrusone-aurora-il-amid-noise-electric-bill-complaints/18610141/,https://web.archive.org/web/20260923004055/https://abc7chicago.com/post/what-is-data-center-expect-more-centers-illinois-like-cyrusone-aurora-il-amid-noise-electric-bill-complaints/18610141/,2026-09-23T00:40:55Z,200,cdx,archived,2026-10-02,,0
https://abc7news.com/post/hundreds-show-pittsburg-city-council-meeting-opposing-data-center-development/19313397/,https://web.archive.org/web/20260909202747/https://abc7news.com/post/hundreds-show-pittsburg-city-council-meeting-opposing-data-center-development/19313397/,2026-09-09T20:27:47Z,200,cdx,archived,2026-10-02,,0
https://abc7ny.com/post/community-rallies-giant-data-center-being-built-kenilworth-new-jersey/19053270/,https://web.archive.org/web/20260912010323/https://abc7ny.com/post/community-rallies-giant-data-center-being-built-kenilworth-new-jersey/19053270/,2026-09-12T01:03:23Z,200,availability,archived,2026-10-02,,0
https://abc7ny.com/post/nassau-county-officials-do-not-want-lithium-ion-battery-storage-facilities-long-island/16186659/,,,,none,not_archived,2026-10-02,,0
https://abcnews4.com/news/local/colleton-county-erupts-as-residents-clash-with-developers-over-controversial-data-center,https://web.archive.org/web/20260711192114/https://abcnews4.com/news/local/colleton-county-erupts-as-residents-clash-with-developers-over-controversial-data-center,2026-07-11T19:21:14Z,200,availability,archived,2026-10-02,,0
https://abcnews4.com/news/local/colleton-county-residents-file-lawsuit-challenging-zoning-ordinance-for-new-data-center-ace-basin,https://web.archive.org/web/20260711192115/https://abcnews4.com/news/local/colleton-county-residents-file-lawsuit-challenging-zoning-ordinance-for-new-data-center-ace-basin,2026-07-11T19:21:15Z,200,cdx,archived,2026-10-02,,0
https://abcnews4.com/news/local/new-google-data-centers-promise-jobs-but-raise-questions-about-water-usage-impact-dorchester-county-berkeley-county-weather-impacts-ai,https://web.archive.org/web/20260721223235/https://abcnews4.com/news/local/new-google-data-centers-promise-jobs-but-raise-questions-about-water-usage-impact-dorchester-county-berkeley-county-weather-impacts-ai,2026-07-21T22:32:35Z,200,cdx,archived,2026-10-02,,0
https://accesswdun.com/news/data-center-284-acre-mixed-use-development-proposed-in-habersham-county,https://web.archive.org/web/20260327212423/https://accesswdun.com/news/data-center-284-acre-mixed-use-development-proposed-in-habersham-county,2026-03-27T21:24:23Z,200,cdx,archived,2026-10-02,,0
https://accesswdun.com/news/hall-commissioner-plans-motion-to-table-proposed-data-center,https://web.archive.org/web/20251212045446/https://accesswdun.com/news/hall-commissioner-plans-motion-to-table-proposed-data-center,2025-12-12T04:54:46Z,200,availability,archived,2026-10-02,,0
https://acorninternational.org/arkansas-grassroots-united/,,,,none,not_archived,2026-10-02,,0
https://actionnetwork.org/letters/stop-the-hydro-park-data-center,https://web.archive.org/web/20260419055417/https://actionnetwork.org/letters/stop-the-hydro-park-data-center,2026-04-19T05:54:17Z,200,cdx,archived,2026-10-02,,0
https://actionnetwork.org/petitions/petition-to-stop-the-data-center-from-being-built-in-p-35,https://web.archive.org/web/20260516050454/https://actionnetwork.org/petitions/petition-to-stop-the-data-center-from-being-built-in-p-35,2026-05-16T05:04:54Z,200,availability,archived,2026-10-02,,0
https://actionnetwork.org/petitions/shreveport-says-no-to-data-centers,https://web.archive.org/web/20260426050941/https://actionnetwork.org/petitions/shreveport-says-no-to-data-centers,2026-04-26T05:09:41Z,200,availability,archived,2026-10-02,,0
https://actionnetwork.org/petitions/stop-east-greenwich-data-center,https://web.archive.org/web/20260408143134/https://actionnetwork.org/petitions/stop-east-greenwich-data-center,2026-04-08T14:31:34Z,200,cdx,archived,2026-10-02,,0
https://adacounty.id.gov/blog/news/zoning-ordinance-update-public-hearing/,https://web.archive.org/web/20250521054642/https://adacounty.id.gov/blog/news/zoning-ordinance-update-public-hearing/,2025-05-21T05:46:42Z,200,availability,archived,2026-10-02,,0
https://adacounty.id.gov/developmentservices/wp-content/uploads/sites/37/1_3_2025-ORDINANCE-ENACTING-NEW-TITLE-8-ADA-COUNTY-ZONING-CODE-PDF-202000092-INTERNAL-CLIEN.pdf,https://web.archive.org/web/20251215235150/https://adacounty.id.gov/developmentservices/wp-content/uploads/sites/37/1_3_2025-ORDINANCE-ENACTING-NEW-TITLE-8-ADA-COUNTY-ZONING-CODE-PDF-202000092-INTERNAL-CLIEN.pdf,2025-12-15T23:51:50Z,200,availability,archived,2026-10-02,,0
https://afro.com/maryland-general-assembly-2026-wrap/,https://web.archive.org/web/20260424134356/https://afro.com/maryland-general-assembly-2026-wrap/,2026-04-24T13:43:56Z,200,availability,archived,2026-10-02,,0
https://agencychecklists.com/2026/05/12/massachusetts-ai-data-centers-energy-climate-debate-81930/,,,,none,not_archived,2026-10-02,,0
https://akcenter.org/,https://web.archive.org/web/20260929163804/https://akcenter.org/,2026-09-29T16:38:04Z,200,availability,archived,2026-10-02,,0
https://akcenter.org/continuing-the-data-center-conversation-read-our-whitepaper/,https://web.archive.org/web/20260407055309/https://akcenter.org/continuing-the-data-center-conversation-read-our-whitepaper/,2026-04-07T05:53:09Z,200,cdx,archived,2026-10-02,,0
https://alabamareflector.com/2025/08/24/wilsonville-residents-seek-preemptive-strike-against-massive-data-center-project/,https://web.archive.org/web/20260717074454/https://alabamareflector.com/2025/08/24/wilsonville-residents-seek-preemptive-strike-against-massive-data-center-project/,2026-07-17T07:44:54Z,200,availability,archived,2026-10-02,,0
https://alabamareflector.com/2025/10/12/bessemer-changes-its-laws-to-accommodate-data-centers-despite-stiff-opposition/,https://web.archive.org/web/20260717091438/https://alabamareflector.com/2025/10/12/bessemer-changes-its-laws-to-accommodate-data-centers-despite-stiff-opposition/,2026-07-17T09:14:38Z,200,availability,archived,2026-10-02,,0
https://alabamareflector.com/2026/02/27/proposed-lower-alabama-solar-project-stuck-in-the-mud/,https://web.archive.org/web/20260717022801/https://alabamareflector.com/2026/02/27/proposed-lower-alabama-solar-project-stuck-in-the-mud/,2026-07-17T02:28:01Z,200,availability,archived,2026-10-02,,0
https://alabamareflector.com/2026/03/13/what-passed-in-the-alabama-legislature-march-10-12-2026/,https://web.archive.org/web/20260717024559/https://alabamareflector.com/2026/03/13/what-passed-in-the-alabama-legislature-march-10-12-2026/,2026-07-17T02:45:59Z,200,availability,archived,2026-10-02,,0
https://alabamareflector.com/2026/04/08/one-year-moratorium-on-solar-farms-fails-on-alabama-senate-procedural-rule/,https://web.archive.org/web/20260717013006/https://alabamareflector.com/2026/04/08/one-year-moratorium-on-solar-farms-fails-on-alabama-senate-procedural-rule/,2026-07-17T01:30:06Z,200,availability,archived,2026-10-02,,0
https://alabamareflector.com/2026/04/10/what-passed-in-the-alabama-legislature-april-7-9-2026/,https://web.archive.org/web/20260717031221/https://alabamareflector.com/2026/04/10/what-passed-in-the-alabama-legislature-april-7-9-2026/,2026-07-17T03:12:21Z,200,cdx,archived,2026-10-02,,0
https://alabamareflector.com/briefs/alabama-house-committee-oks-senate-bill-regulating-data-centers/,https://web.archive.org/web/20260717040105/https://alabamareflector.com/briefs/alabama-house-committee-oks-senate-bill-regulating-data-centers/,2026-07-17T04:01:05Z,200,cdx,archived,2026-10-02,,0
https://alabamarivers.org/bcc/,https://web.archive.org/web/20260512091951/https://alabamarivers.org/bcc/,2026-05-12T09:19:51Z,200,cdx,archived,2026-10-02,,0
https://alabamarivers.org/project-marvel/,,,,none,not_archived,2026-10-02,,0
https://alaskabeacon.com/2025/06/03/new-alaska-bitcoin-mine-would-use-as-much-power-as-the-states-largest-coal-plant-produces/,https://web.archive.org/web/20260704130035/https://alaskabeacon.com/2025/06/03/new-alaska-bitcoin-mine-would-use-as-much-power-as-the-states-largest-coal-plant-produces/,2026-07-04T13:00:35Z,200,availability,archived,2026-10-02,,0
https://alaskabeacon.com/2026/07/06/data-center-critics-flood-alaska-land-managers-with-opposition-to-north-slope-project/,https://web.archive.org/web/20260813131416/https://alaskabeacon.com/2026/07/06/data-center-critics-flood-alaska-land-managers-with-opposition-to-north-slope-project/,2026-08-13T13:14:16Z,200,availability,archived,2026-10-02,,0
https://alaskapublic.org/news/environment/2026-03-19/assembly-overrides-veto-advances-data-center-related-partnership,https://web.archive.org/web/20260610155508/https://alaskapublic.org/news/environment/2026-03-19/assembly-overrides-veto-advances-data-center-related-partnership,2026-06-10T15:55:08Z,200,cdx,archived,2026-10-02,,0
https://alaskapublic.org/news/politics/2026-03-11/mat-su-data-center-plan-in-doubt-after-mayors-veto,https://web.archive.org/web/20260410202709/https://alaskapublic.org/news/politics/2026-03-11/mat-su-data-center-plan-in-doubt-after-mayors-veto,2026-04-10T20:27:09Z,200,cdx,archived,2026-10-02,,0
https://aldailynews.com/bills-moving-to-lessen-state-incentives-for-data-centers-require-them-to-pay-for-energy-increases/,https://web.archive.org/web/20260319022956/https://aldailynews.com/bills-moving-to-lessen-state-incentives-for-data-centers-require-them-to-pay-for-energy-increases/,2026-03-19T02:29:56Z,200,availability,archived,2026-10-02,,0
https://aldailynews.com/lawmakers-aim-to-address-affordability-with-restrictions-on-power-providers-changes-to-utility-governance/,https://web.archive.org/web/20260209163055/https://aldailynews.com/lawmakers-aim-to-address-affordability-with-restrictions-on-power-providers-changes-to-utility-governance/,2026-02-09T16:30:55Z,200,cdx,archived,2026-10-02,,0
https://alison.legislature.state.al.us/files/pdf/SearchableInstruments/2026RS/SB270-int.pdf,https://web.archive.org/web/20260717015950/https://alison.legislature.state.al.us/files/pdf/SearchableInstruments/2026RS/SB270-int.pdf,2026-07-17T01:59:50Z,200,availability,archived,2026-10-02,,0
https://amazonstlwest.com/,https://web.archive.org/web/20260426190036/https://amazonstlwest.com/,2026-04-26T19:00:36Z,200,availability,archived,2026-10-02,,0
https://amnews.com/2026/03/01/house-bill-593-takes-aim-at-data-center-utility-needs/,,,,none,not_archived,2026-10-02,,0
https://annandaletoday.com/community-speaks-out-against-plaza-500-data-center/,https://web.archive.org/web/20250723151428/https://annandaletoday.com/community-speaks-out-against-plaza-500-data-center/,2025-07-23T15:14:28Z,200,cdx,archived,2026-10-02,,0
https://apps.legislature.ky.gov/record/26rs/HB544.html,https://web.archive.org/web/20260725001557/https://apps.legislature.ky.gov/record/26rs/hb544.html,2026-07-25T00:15:57Z,200,availability,archived,2026-10-02,,0
https://appvoices.org/2026/03/13/wise-county-maverick-project/,https://web.archive.org/web/20260413111015/https://appvoices.org/2026/03/13/wise-county-maverick-project/,2026-04-13T11:10:15Z,200,availability,archived,2026-10-02,,0
https://arizonadailyindependent.com/2026/02/06/arizona-corporation-commission-approves-controversial-surprise-data-center/,https://web.archive.org/web/20260629231151/https://arizonadailyindependent.com/2026/02/06/arizona-corporation-commission-approves-controversial-surprise-data-center/,2026-06-29T23:11:51Z,200,availability,archived,2026-10-02,,0
https://arkansasadvocate.com/2025/07/30/two-arkansas-cities-chase-data-center-gold-but-might-be-competing-against-each-other/,https://web.archive.org/web/20260504135534/https://arkansasadvocate.com/2025/07/30/two-arkansas-cities-chase-data-center-gold-but-might-be-competing-against-each-other/,2026-05-04T13:55:34Z,200,availability,archived,2026-10-02,,0
