stakeholder_id,level,state,fips,county_name,jurisdiction,name,office,office_class,party,term_start,term_end,contact_email,contact_phone,contact_address,relevance_note,relevance_source_url,source_url,source_retrieved,qc_status,qc_flags
county-04013-county-admin-jen-pokorski,county,AZ,04013,"Maricopa County, Arizona",Maricopa County government,Jen Pokorski,County Manager,county_admin,,2023,,,,,,,https://www.maricopa.gov/5413/Meet-Your-County-Manager,,published,
county-04013-county-board-kate-brophy-mcgee,county,AZ,04013,"Maricopa County, Arizona",Maricopa County Board of Supervisors,Kate Brophy McGee,"Chair, Maricopa County Board of Supervisors (Supervisor, District 3)",county_board,Republican,2026-01-05,,,(602) 506-7563,"301 W Jefferson, 10th Floor, Phoenix, AZ 85003","Chair's 2026 agenda identifies county responsibility for ensuring developments have necessary water, roads and drainage, plus a streamlined and centralized permitting process, a modernized zoning ordinance, and Infrastructure Readiness Assessments for unincorporated areas.",https://www.maricopa.gov/CivicAlerts.aspx?AID=3564&ARC=5911,https://www.maricopa.gov/CivicAlerts.aspx?AID=3564&ARC=5911,,published,
county-04013-mayor-kate-gallego,county,AZ,04013,"Maricopa County, Arizona",City of Phoenix,Kate Gallego,Mayor of Phoenix,mayor,nonpartisan,,,mayor.gallego@phoenix.gov,(602) 262-7111,,,,https://www.phoenix.gov/administration/mayor.html,,published,
county-06037-county-admin-joseph-m-nicchitta,county,CA,06037,"Los Angeles County, California",Los Angeles County,Joseph M. Nicchitta,Chief Executive Officer of Los Angeles County,county_admin,,2026,,,,,,,https://ceo.lacounty.gov/meet-joseph-m-nicchitta/,,published,
county-06037-county-board-hilda-l-solis,county,CA,06037,"Los Angeles County, California",Los Angeles County Board of Supervisors,Hilda L. Solis,"Chair, Board of Supervisors (First District Supervisor)",county_board,nonpartisan,2014,2026-12-07,,(213) 974-4111,"500 West Temple Street, Los Angeles, CA 90012","On April 14, 2026, the Los Angeles County Board of Supervisors adopted a motion directing the Department of Regional Planning and Department of Public Health to provide findings on health, environmental and safety impacts of data centers and on impacts to electrical and water resources, and recommendations including code amendments for data center developments in unincorporated Los Angeles County.",https://planning.lacounty.gov/long-range-planning/data-centers/,https://file.lacounty.gov/SDSInter/bos/sop/transcripts/1208103_042826.pdf,,published,
county-06037-mayor-karen-bass,county,CA,06037,"Los Angeles County, California",City of Los Angeles,Karen Bass,Mayor,mayor,,2022-12-11,,,,,,,https://mayor.lacity.gov/,,published,
county-06085-county-admin-james-r-williams,county,CA,06085,"Santa Clara County, California",County of Santa Clara,James R. Williams,County Executive,county_admin,,,,,,,,,https://ceo.santaclaracounty.gov/home,,published,
county-06085-county-board-otto-lee,county,CA,06085,"Santa Clara County, California",Santa Clara County Board of Supervisors,Otto Lee,"Board President; Member, Board of Supervisors, District 3",county_board,nonpartisan,,,,(408) 299-5030,"County of Santa Clara Board of Supervisors, 70 West Hedding Street, East Wing, 10th Floor, San Jose, CA 95110","The Board of Supervisors has adopted policy and guideline documents governing how development occurs on private land throughout unincorporated Santa Clara County, implementing the County General Plan.",https://plandev.santaclaracounty.gov/services/planning-services/policies-and-guidelines,https://vote.santaclaracounty.gov/board-supervisors-district-3,,published,
county-06085-mayor-matt-mahan,county,CA,06085,"Santa Clara County, California",City of San Jose,Matt Mahan,Mayor,mayor,nonpartisan,,2028-12-31,,(408) 535-4800,"200 E. Santa Clara St., San Jose, CA 95113",,,https://www.sanjoseca.gov/your-government/departments-offices/mayor-and-city-council,,published,
county-13121-county-admin-richard-dick-anderson,county,GA,13121,"Fulton County, Georgia","Fulton County, Georgia","Richard ""Dick"" Anderson",County Manager,county_admin,,2015-03,,,,,,,https://www.fultoncountyga.gov/inside-fulton-county/county-manager-and-team/county-manager,,published,
county-13121-county-board-robb-pitts,county,GA,13121,"Fulton County, Georgia",Fulton County Board of Commissioners,Robb Pitts,"Chairman, Fulton County Board of Commissioners",county_board,,2023-01-01,2026-12-31,,,,"At its August 5, 2026 regular meeting the Fulton County Board of Commissioners approved a resolution opposing tax abatements or other financial incentives from any development authority within Fulton County for data center projects and urging the Development Authority of Fulton County to decline such incentives; the same county page states zoning and land use decisions for data centers rest with the 15 cities within Fulton County.",https://www.fultoncountyga.gov/News/2026/08/10/Fulton-County-Opposes-Local-Incentives-For-Data-Centers,https://www.fultoncountyga.gov/commissioners/robb-pitts,,published,
county-13121-mayor-andre-dickens,county,GA,13121,"Fulton County, Georgia",City of Atlanta,Andre Dickens,Mayor,mayor,,2022,,,,,,,https://www.atlantaga.gov/government/mayor-s-office/meet-the-mayor,,published,
county-19153-county-admin-frank-marasco,county,IA,19153,"Polk County, Iowa",Polk County government,Frank Marasco,County Administrator,county_admin,,,,,,,,,https://www.kcci.com/article/frank-marasco-polk-county-administrator-approved-board-of-supervisors/65267284,,published,
county-19153-county-board-matt-mccoy,county,IA,19153,"Polk County, Iowa",Polk County Board of Supervisors,Matt McCoy,"Chair, Polk County Board of Supervisors (Supervisor, District 1)",county_board,,2026-01-02,2026,,,,,,https://www.desmoinesregister.com/story/news/local/des-moines-polk-county/2026/01/02/polk-county-board-of-supervisors-chair-matt-mccoy-reelected-new-meeting-schedule/87993175007/,,published,
county-19153-mayor-connie-boesen,county,IA,19153,"Polk County, Iowa",City of Des Moines,Connie Boesen,Mayor,mayor,nonpartisan,2024-01-02,2028-01-03,,(515) 283-4944,"400 Robert D Ray Drive, Des Moines, IA 50309",,,https://www.dsm.city/government/index.php,,published,
county-19155-county-board-brian-shea,county,IA,19155,"Pottawattamie County, Iowa",Pottawattamie County Board of Supervisors,Brian Shea,"Chairman, Board of Supervisors",county_board,,,2028,,(712) 328-5644,"Courthouse, Second Floor, 227 S 6th St, Council Bluffs, IA 51501","The Pottawattamie County Board of Supervisors receives recommendations from the county Planning and Zoning Commission on amendments, supplements, changes or modifications to the zoning and subdivision ordinances and the Land Use Plan, under the zoning amendment procedure in Chapter 8.098 of the Pottawattamie County Code.",https://www.pottcounty-ia.gov/planning_and_development/planning_and_zoning_commission/,https://www.pottcounty-ia.gov/files/meetings/2026-09-01_minutes_2084.pdf,,published,
county-19155-mayor-jill-shudak,county,IA,19155,"Pottawattamie County, Iowa",City of Council Bluffs,Jill Shudak,Mayor,mayor,,,,,,,,,https://www.councilbluffs-ia.gov/95/Mayors-Office,,published,
county-17031-county-admin-zahra-ali,county,IL,17031,"Cook County, Illinois",Cook County government,Zahra Ali,Chief Administrative Officer,county_admin,,,,,(312) 603-3055,"118 N. Clark St. Room 801, Chicago, IL 60602",,,https://www.cookcountyil.gov/agency/chief-administrative-officer,,published,
county-17031-county-board-toni-preckwinkle,county,IL,17031,"Cook County, Illinois",Cook County Board of Commissioners,Toni Preckwinkle,"President, Cook County Board of Commissioners",county_board,,2010,2026-12-07,,(312) 603-4600,,"The President presides over meetings of the County Board, directly supervises departments providing services to residents, prepares and submits the annual county budget, and appoints members of boards and commissions with Board consent.",https://www.cookcountyil.gov/agency/office-president,https://www.cookcountyil.gov/all-people/toni-preckwinkle,,published,
county-17031-mayor-brandon-johnson,county,IL,17031,"Cook County, Illinois",City of Chicago,Brandon Johnson,Mayor,mayor,,,,,,"121 N LaSalle Street, Chicago City Hall 4th Floor, Chicago, IL 60602",,,https://www.chicago.gov/city/en/depts/mayor.html,,published,phone_unparseable
county-17043-county-admin-nick-kottmeyer,county,IL,17043,"DuPage County, Illinois",DuPage County,Nick Kottmeyer,Chief Administrative Officer,county_admin,,,,nick.kottmeyer@dupagecounty.gov,,"421 N. County Farm Road, Wheaton, IL",,,https://www.dupagecounty.gov/government/county_board/,,published,
county-17043-county-board-deborah-a-conroy,county,IL,17043,"DuPage County, Illinois",DuPage County Board,Deborah A. Conroy,County Board Chair,county_board,,2022,2026-12-07,chair@dupagecounty.gov,(630) 407-6060,"421 N. County Farm Road, Wheaton, IL","The County Board is the elected legislative branch of the County government and has reserved unto itself the final authority on variations, conditional uses, amendments, air rights development and planned developments.",https://library.municode.com/il/dupage_county/codes/code_of_ordinances?nodeId=CH37DUPACOZOOR_ARTXIVADEN_37-1401OR,https://www.dupagecounty.gov/government/county_board/conroy.php,,published,
county-17043-mayor-scott-a-wehrli,county,IL,17043,"DuPage County, Illinois",City of Naperville,Scott A. Wehrli,Mayor,mayor,,2023,2027,wehrlis@naperville.il.us,(630) 420-6018,,,,https://www.naperville.il.us/government/meet-your-city-council/mayor-scott-wehrli/,,published,
county-20091-county-admin-penny-postoak-ferguson,county,KS,20091,"Johnson County, Kansas",Johnson County,Penny Postoak Ferguson,County Manager,county_admin,,2018-07-15,,,,,,,https://www.jocogov.org/department/county-managers-office/county-leadership/county-manager-penny-postoak-ferguson,,published,
county-20091-county-board-mike-kelly,county,KS,20091,"Johnson County, Kansas",Johnson County Board of County Commissioners,Mike Kelly,Board Chairman,county_board,,2023,2027,mike.kelly@jocogov.org,(913) 715-0500,,The comprehensive plan and zoning regulations are subject to the Board of County Commissioners approval.,https://www.jocogov.org/department/planning/johnson-county-planning-commission,https://www.jocogov.org/department/board-county-commissioners/commissioners/board-chairman,,published,
county-20091-mayor-curt-skoog,county,KS,20091,"Johnson County, Kansas",City of Overland Park,Curt Skoog,Mayor,mayor,,2021,,,(913) 895-6104,"8500 Santa Fe Drive, Overland Park, KS 66212",The mayor presides over all City Council meetings.,https://www.opkansas.org/city-government/mayors-office/,https://www.opkansas.org/city-government/mayors-office/,,published,
county-26161-county-admin-derrick-jackson,county,MI,26161,"Washtenaw County, Michigan","Washtenaw County, Michigan",Derrick Jackson,Interim County Administrator,county_admin,,2026-07-13,,,,,,,https://content.civicplus.com/api/assets/mi-washtenawcounty/0f93b44c-83b6-4ce3-bea1-05a9da26eed0?cache=1800,,published,
county-26161-county-board-katie-scott,county,MI,26161,"Washtenaw County, Michigan",Washtenaw County Board of Commissioners,Katie Scott,Chair of the Board of Commissioners,county_board,,,,,,,"In Resolution 26-054 (March 18, 2026) the Washtenaw County Board of Commissioners supported and commended local municipalities that enacted temporary data center moratoriums, encouraged other municipalities to adopt similar moratoriums pending ordinances on renewable energy, noise setbacks and local labor, and directed the County Resiliency Office to keep updating the County's Data Center Resource Library.",https://content.civicplus.com/api/assets/mi-washtenawcounty/ac6ebb91-789e-4b9c-af05-f96830f28dd9?cache=1800,https://content.civicplus.com/api/assets/mi-washtenawcounty/168e6f63-8a67-4fce-b4e3-afde3b63311f?cache=1800,,published,
county-26161-mayor-christopher-taylor,county,MI,26161,"Washtenaw County, Michigan",City of Ann Arbor,Christopher Taylor,Mayor,mayor,,2014-11,,,,"Third floor, 301 E. Huron Street, Ann Arbor, MI 48104",,,https://www.a2gov.org/city-council/mayor-christopher-taylor/,,published,
county-31153-county-admin-bonnie-moore,county,NE,31153,"Sarpy County, Nebraska",Sarpy County,Bonnie Moore,Chief Administrative Officer,county_admin,,,,,(402) 593-2237,,"Under the direction of the Sarpy County Board of Commissioners, the Sarpy County Administration Department oversees the day-to-day operations of the county's administrative departments.",https://www.sarpy.gov/158/Administration,https://www.sarpy.gov/158/Administration,,published,
county-31153-county-board-don-kelly,county,NE,31153,"Sarpy County, Nebraska",Sarpy County Board of Commissioners,Don Kelly,District 1 Commissioner & Board Chair,county_board,,2025,2029,,(402) 206-1807,,"The Zoning Regulations and the Zoning Map may be amended, supplemented, changed, modified, or repealed from time to time by resolution of the County Board of Commissioners, after a public hearing and after having been submitted to the Planning Commission for a public hearing and a recommendation.",https://www.sarpy.gov/DocumentCenter/View/441/Zoning-Regulations---Section-43-Amendments-and-Rezoning-PDF,https://www.sarpy.gov/338/District-1,,published,
county-31153-mayor-rusty-hike,county,NE,31153,"Sarpy County, Nebraska",City of Bellevue,Rusty Hike,"Mayor, City of Bellevue",mayor,,,,,,,,,https://www.sarpy.gov/412/Bellevue-Mayor,,published,
county-34017-county-admin-abraham-antun,county,NJ,34017,"Hudson County, New Jersey",Hudson County,Abraham Antun,County Administrator,county_admin,,,,,,,"The County Administrator, as the chief administrative officer of the County, is appointed by the County Executive with the advice and consent of the Board of County Commissioners, and is responsible for the orderly and efficient administration of County operations.",https://www.hcnj.us/county-administrator/,https://www.hcnj.us/county-administrator/,,published,
county-34017-county-board-anthony-l-romano,county,NJ,34017,"Hudson County, New Jersey",Hudson County Board of County Commissioners,Anthony L. Romano,"Chairperson, Board of County Commissioners (District 5)",county_board,,,2026,,,,,,https://www.hcnj.us/countycommissioners/,,published,
county-34017-mayor-james-slater-solomon,county,NJ,34017,"Hudson County, New Jersey",City of Jersey City,James Slater Solomon,Mayor (50th Mayor of Jersey City),mayor,,2026-01-15,,,,,,,https://www.jerseycitynj.gov/cityhall/MayorSolomon/mayor_solomon_s_bio,,published,
county-34023-county-admin-john-a-pulomena,county,NJ,34023,"Middlesex County, New Jersey","Middlesex County, New Jersey",John A. Pulomena,County Administrator,county_admin,,,,,(732) 745-3040,"County Administration Building, 3rd Floor, 75 Bayard Street, New Brunswick, NJ 08901",,,https://www.middlesexcountynj.gov/government/departments/county-administration,,published,
county-34023-county-board-ronald-g-rios,county,NJ,34023,"Middlesex County, New Jersey",Middlesex County Board of County Commissioners,Ronald G. Rios,Director of the Board of County Commissioners,county_board,,,,,(732) 745-5792,,,,https://www.middlesexcountynj.gov/government/elected-officials,,published,
county-34023-mayor-samip-sam-joshi,county,NJ,34023,"Middlesex County, New Jersey",Township of Edison,"Samip ""Sam"" Joshi",Mayor,mayor,,,2029-12-31,,(732) 248-7200,"Municipal Building, 100 Municipal Boulevard, Edison, NJ 08817",,,https://cms2.revize.com/revize/edisonnj/Departments/Boards%20&%20Committees/Municipal%20Official%20List/OFFICIALSLIST%20(01-30-2026).pdf,,published,
county-34035-county-admin-colleen-mahr,county,NJ,34035,"Somerset County, New Jersey",Somerset County,Colleen Mahr,County Administrator,county_admin,,,2030-12-31,administratorsoffice@somersetcountynj.gov,(908) 231-7040,"20 Grove Street, P.O. Box 3000, Somerville, NJ 08876",,,https://www.somersetcountynj.gov/government/administrator-s-office,,published,
county-34035-county-board-shanel-y-robinson,county,NJ,34035,"Somerset County, New Jersey",Somerset County Board of County Commissioners,Shanel Y. Robinson,Commissioner Director,county_board,,2019-01-04,2027-12-31,robinson@somersetcountynj.gov,(908) 231-7030,"20 Grove Street, P.O. Box 3000, Somerville, NJ 08876",,,https://www.somersetcountynj.gov/government/elected-officials/county-commissioners/shanel-y-robinson-director,,published,
county-34035-mayor-phillip-kramer,county,NJ,34035,"Somerset County, New Jersey",Township of Franklin,Phillip Kramer,Mayor,mayor,,2024-01-01,2027-12-31,mayor.kramer@franklinnj.gov,(732) 675-7912,,,,https://www.franklintwpnj.org/government/township-council/council-members,,published,
county-32003-county-admin-kevin-schiller,county,NV,32003,"Clark County, Nevada","Clark County, Nevada",Kevin Schiller,County Manager,county_admin,,,,ccmgr@clarkcountynv.gov,(702) 455-3530,"500 S. Grand Central Pkwy., Floor 6, Las Vegas, NV 89155",,,https://www.clarkcountynv.gov/government/county_managers_office/biographies/,,published,
county-32003-county-board-michael-n-naft,county,NV,32003,"Clark County, Nevada",Clark County Board of County Commissioners,Michael N. Naft,"Chairman, Board of County Commissioners",county_board,,2026-01,,districta@clarkcountynv.gov,(702) 455-3500,"500 S. Grand Central Pkwy., Floor 6, Las Vegas, NV 89031","The Clark County Commission, acting as the Clark County Zoning Commission, unanimously approved Switch's expansion plan authorizing a 56,800-square-foot data center on nine acres near Warm Springs Road.",https://www.govtech.com/artificial-intelligence/clark-county-nev-commissioners-approve-data-center-project,https://www.clarkcountynv.gov/government/board_of_county_commissioners/district_a/biography,,published,
county-32003-mayor-shelley-berkley,county,NV,32003,"Clark County, Nevada",City of Las Vegas,Shelley Berkley,Mayor,mayor,,,,,(702) 229-6011,"Las Vegas City Hall, 495 S. Main St., Las Vegas, NV 89101",,,https://www.lasvegasnevada.gov/Government/Mayor-City-Council/Mayor,,published,
county-32031-county-admin-kate-thomas,county,NV,32031,"Washoe County, Nevada",Washoe County,Kate Thomas,County Manager,county_admin,,,,,,"1001 E. Ninth Street, Building A, Reno, NV 89512",,,https://www.washoecounty.gov/mgrsoff/,,published,
county-32031-county-board-clara-andriola,county,NV,32031,"Washoe County, Nevada",Washoe County Board of County Commissioners,Clara Andriola,"Chair, Board of County Commissioners",county_board,,2025-01-06,2029-01-01,,(775) 444-5185,,"The Washoe County Commission (Board) initiates amendments to Washoe County Code Chapter 110 (Development Code) and adopts them by ordinance after a duly noticed public hearing, and hears appeals of Washoe County Planning Commission denials.",https://www.washoecounty.gov/bcc/files/ordinance%20files/2020/BCC_1-17-23-Ch110%20.pdf,https://www.washoecounty.gov/bcc/profile/index.php,,published,
county-32031-mayor-hillary-l-schieve,county,NV,32031,"Washoe County, Nevada",City of Reno,Hillary L. Schieve,"Mayor, City of Reno",mayor,nonpartisan,2014-11-12,2026,,,,,,https://www.reno.gov/government/city-council/mayor-hillary-schieve,,published,
county-39049-county-admin-kenneth-n-wilson,county,OH,39049,"Franklin County, Ohio",Franklin County government,Kenneth N. Wilson,County Administrator,county_admin,,2015,,,(614) 525-4132,,,,https://www.franklincountyohio.gov/Agency-Directory/Board-of-Commissioners/County-Administration,,published,
county-39049-county-board-john-o-grady,county,OH,39049,"Franklin County, Ohio",Franklin County Board of Commissioners,John O'Grady,"Board President, Franklin County Board of Commissioners",county_board,,,,,(614) 525-3322,"373 S. High Street, 26th Floor, Columbus, OH 43215","The Board of Commissioners holds a Commissioners' Rezoning Hearing, typically on the second Tuesday of each month following the General Session.",https://www.franklincountyohio.gov/Agency-Directory/Board-of-Commissioners,https://www.franklincountyohio.gov/County-Government/County-News/Agency-Press-Releases/Board-of-Commissioners-News/2026/Franklin-County-Commissioners-Release-2026-State-Of-The-County-Report,,published,
county-39049-mayor-andrew-j-ginther,county,OH,39049,"Franklin County, Ohio",City of Columbus,Andrew J. Ginther,Mayor,mayor,,,,,(614) 645-7671,"City Hall 2nd Floor, 90 West Broad Street, Columbus, OH 43215",,,https://www.columbus.gov/Government/Mayors-Office,,published,
county-39089-county-admin-david-edelblute,county,OH,39089,"Licking County, Ohio",Licking County government,David Edelblute,County Administrator,county_admin,,,,,(740) 670-5111,,,,https://lickingcounty.gov/depts/commissioners/our_staff/default.htm,,published,
county-39089-county-board-timothy-e-bubb,county,OH,39089,"Licking County, Ohio",Board of Licking County Commissioners,Timothy E. Bubb,"President, Board of Licking County Commissioners",county_board,,,,,(740) 670-5118,"20 South Second Street, Newark, OH 43055","In testimony as a Licking County Commissioner, Bubb stated that commissioners often have limited direct siting authority over data centers because zoning authority in Ohio rests primarily with townships and municipalities, though some counties exercise county zoning authority.",https://search-prod.lis.state.oh.us/api/v2/general_assembly_136/committees/cmte_h_data_centers_1/meetings/cmte_h_data_centers_1_2026-06-08-1200_1409/testimony/18860/select_data_center_committee_testimony___ccao.pdf,https://lickingcounty.gov/depts/commissioners/default.htm,,published,
county-39089-mayor-jeff-hall,county,OH,39089,"Licking County, Ohio",City of Newark,Jeff Hall,"Mayor, City of Newark",mayor,,2012-01-01,,,(740) 670-7510,,,,https://www.newarkohio.gov/mayors-office/,,published,
county-41049-county-admin-matthew-jensen,county,OR,41049,"Morrow County, Oregon","Morrow County, Oregon",Matthew Jensen,County Administrator,county_admin,,,,mjensen@morrowcountyor.gov,(541) 676-2529,"Bartholomew Building, Room 201, 110 N. Court St., P.O. Box 788, Heppner, OR 97836",,,https://www.morrowcountyor.gov/administration,,published,
county-41049-county-board-david-sykes,county,OR,41049,"Morrow County, Oregon",Morrow County Board of Commissioners,David Sykes,"Chair, Board of Commissioners (Position 3)",county_board,,2023-01-02,2027-01-04,dsykes@morrowcountyor.gov,(541) 676-5613,"P.O. Box 788, 100 S. Court Street, Heppner, OR 97836","The Morrow County Board of Commissioners adopts ordinances amending the Morrow County Zoning Ordinance, including ORD-2023-6 (adopted September 20, 2023) amending the Comprehensive Plan and zone designation of a 274-acre parcel in a data center related land use action.",https://www.morrowcountyor.gov/planning/page/2020-current,https://www.morrowcountyor.gov/boc,,published,
county-41049-mayor-paul-keefer,county,OR,41049,"Morrow County, Oregon",City of Boardman,Paul Keefer,Mayor/Commission Chair,mayor,,,2028-12-31,,(541) 481-9252,"PO Box 229, 200 City Center Cir., Boardman, OR 97818",,,https://www.cityofboardman.com/city-council/directory-listing/paul-keefer,,published,
county-41059-county-board-dan-dorran,county,OR,41059,"Umatilla County, Oregon",Umatilla County Board of Commissioners,Dan Dorran,"Chair, Umatilla County Board of Commissioners",county_board,,,,,,,"As a sponsor of the Greater Umatilla Enterprise Zone, the Board of Commissioners acts on Long-Term Rural Enterprise Zone Tax Abatement Agreements and amendments with data center operators, including Sabey Data Center Properties LLC.",https://www.co.umatilla.or.us/fileadmin/user_upload/BCC/Agendas/Item16051225.pdf,https://www.co.umatilla.or.us/fileadmin/user_upload/BCC/Minutes/260218.pdf,,published,
county-41059-mayor-doug-primmer,county,OR,41059,"Umatilla County, Oregon",City of Hermiston,Doug Primmer,Mayor,mayor,,,2028-12-31,dprimmer@hermiston.gov,(541) 567-5521,"City Hall, 180 NE 2nd Street, Hermiston, OR 97838",,,https://www.hermiston.gov/citycouncil,,published,
county-41067-county-admin-tanya-ange,county,OR,41067,"Washington County, Oregon","Washington County, Oregon",Tanya Ange,County Administrator,county_admin,,,,,(503) 846-8611,"155 N. First Ave., Suite 300, Hillsboro, OR 97124",,,https://www.washingtoncountyor.gov/cao/county-administrative-office-staff,,published,
county-41067-county-board-kathryn-harrington,county,OR,41067,"Washington County, Oregon",Washington County Board of Commissioners,Kathryn Harrington,"Chair, Board of Commissioners",county_board,,,2027,,(503) 846-8681,"Charles D. Cameron Public Services Building, 155 N First Avenue, Rm 300, Hillsboro, OR 97124",,,https://sos.oregon.gov/blue-book/Pages/local/counties/washington.aspx,,published,
county-41067-mayor-beach-pace,county,OR,41067,"Washington County, Oregon",City of Hillsboro,Beach Pace,Mayor,mayor,,,,,(503) 681-6100,"150 E Main St., Hillsboro, OR 97123","On July 27, 2026 the Hillsboro City Council approved a 120-day land use moratorium on applications for new and expanded data centers and Battery Energy Storage System facilities, expiring November 24, 2026, while the City considers updates to Hillsboro's Community Development Code.",https://www.hillsboro-oregon.gov/Home/Components/News/News/17569/,https://sos.oregon.gov/blue-book/Pages/local/cities/e-k/hillsboro.aspx,,published,
county-42069-county-admin-brian-jeffers,county,PA,42069,"Lackawanna County, Pennsylvania",Lackawanna County Board of Commissioners,Brian Jeffers,Chief of Staff,county_admin,,,,jeffersb@lackawannacounty.org,(570) 963-6800,"Lackawanna County Government Center, 6th Floor, 123 Wyoming Avenue, Scranton, PA 18503",,,https://www.lackawannacounty.org/government/elected_officials/board_of_commissioners/index.php,,published,
county-42069-county-board-thom-welby,county,PA,42069,"Lackawanna County, Pennsylvania",Lackawanna County Board of Commissioners,Thom Welby,"Chairman, Board of Commissioners",county_board,,2026-01-05,,,(570) 963-6800,"Lackawanna County Government Center, 6th Floor, 123 Wyoming Avenue, Scranton, PA 18503",,,https://www.thetimes-tribune.com/2026/01/05/rocky-start-welby-made-chairman-chermak-vice-chair-of-commissioners-board/,,published,
county-42069-mayor-paige-g-cognetti,county,PA,42069,"Lackawanna County, Pennsylvania",City of Scranton,Paige G. Cognetti,Mayor,mayor,,2020-01-06,,,(570) 348-4101,,,,https://scrantonpa.gov/mayor/about-the/,,published,
county-42079-county-admin-romilda-p-crocamo,county,PA,42079,"Luzerne County, Pennsylvania",Luzerne County,Romilda P. Crocamo,County Manager,county_admin,,,,,,"20 North Pennsylvania Ave, Wilkes Barre, PA 18701",,,https://www.luzernecounty.org/204/County-Manager,,published,
county-42079-county-board-jimmy-sabatino,county,PA,42079,"Luzerne County, Pennsylvania",Luzerne County Council,Jimmy Sabatino,Council Chair,county_board,,2024,,,,,"Zoning Ordinance Amendment 1 of 2026 was ordained and enacted by the Luzerne County Council, adding provisions relating to Data Centers and Data Center Accessory Uses as Special Exceptions in the Heavy Industrial (HI) and Mining (MI) zoning districts.",https://www.luzernecounty.org/DocumentCenter/View/47756/20260308_LCPC_Zoning_Ordinance_Amendment_1_of_2026_V4,https://www.luzernecounty.org/437/County-Council,,published,
county-42079-mayor-george-c-brown,county,PA,42079,"Luzerne County, Pennsylvania",City of Wilkes-Barre,George C. Brown,Mayor,mayor,,,,,,,,,https://www.wilkes-barre.city/182/Mayor-George-C-Brown,,published,
county-42091-county-admin-lee-soltysiak,county,PA,42091,"Montgomery County, Pennsylvania","Montgomery County, Pennsylvania",Lee Soltysiak,Chief Operating Officer / Chief Clerk,county_admin,,,,coo@montgomerycountypa.gov,(610) 278-3020,,,,https://www.montgomerycountypa.gov/your-government/administration/chief-operating-officer-chief-clerk,,published,
county-42091-county-board-jamila-h-winder,county,PA,42091,"Montgomery County, Pennsylvania",Montgomery County Board of Commissioners,Jamila H. Winder,Chair of the Montgomery County Board of Commissioners,county_board,,2026,2026,,(610) 278-3000,,,,https://www.montgomerycountypa.gov/m/newsflash/Home/Detail/4871,,published,
county-42091-mayor-todd-m-sinai,county,PA,42091,"Montgomery County, Pennsylvania",Lower Merion Township,Todd M. Sinai,"Commissioner, President, Board of Commissioners (Ward 12)",mayor,,,,,(610) 645-6145,,,,https://www.lowermerion.org/government/board-of-commissioners,,published,
county-47157-county-admin-harold-collins,county,TN,47157,"Shelby County, Tennessee","Shelby County, Tennessee",Harold Collins,Chief Administrative Officer,county_admin,,,,,(901) 222-2050,"160 N. Main, Suite 1122, Memphis, TN 38103",,,https://www.shelbycountytn.gov/160/Chief-Administrative-Officer,,published,
county-47157-county-board-mickell-m-lowery,county,TN,47157,"Shelby County, Tennessee","Shelby County, Tennessee",Mickell M. Lowery,Mayor of Shelby County,county_board,,2026-08-31,,,(901) 222-2000,"160 N. Main, 11th Floor, Memphis, TN 38103",,,https://www.shelbycountytn.gov/213/About-the-Mayor,,published,
county-47157-mayor-paul-young,county,TN,47157,"Shelby County, Tennessee",City of Memphis,Paul Young,Mayor,mayor,,2024-01-01,,mayor@memphistn.gov,,,,,https://memphistn.gov/government-mayor/,,published,
county-48029-county-admin-david-l-smith,county,TX,48029,"Bexar County, Texas",Bexar County government,David L. Smith,County Manager,county_admin,,2011,,,,,,,https://www.bexar.org/453/David-L-Smith-Bio,,published,
county-48029-county-board-peter-sakai,county,TX,48029,"Bexar County, Texas",Bexar County Commissioners Court,Peter Sakai,County Judge,county_board,Democratic,,2026,,(210) 335-1326,"101 W. Nueva, 10th Floor, San Antonio, TX 78205","The County Judge is the presiding officer and a voting member of the Bexar County Commissioners Court, the five-member governing body of the county.",https://www.bexar.org/1143/Frequently-Asked-Questions,https://elections.bexar.org/1665/County-Judge-and-Commissioners,,published,
county-48029-mayor-gina-ortiz-jones,county,TX,48029,"Bexar County, Texas",City of San Antonio,Gina Ortiz Jones,Mayor (69th Mayor of San Antonio),mayor,,2025-06-18,,,(210) 207-5866,"P.O. Box 839966, San Antonio, TX 78283","Only City Council can approve zoning changes in San Antonio; the Zoning Commission, whose 11 members are appointed by each Council District and the Mayor, makes recommendations to City Council.",https://docsonline.sanantonio.gov/DSDUploads/20210120FAQ_ZONING.pdf,https://www.sa.gov/Directory/Departments/Mayor-Council/Mayor/Biography,,published,
county-48113-county-admin-darryl-martin,county,TX,48113,"Dallas County, Texas","Dallas County, Texas",Darryl Martin,County Administrator,county_admin,,,,,(214) 653-7327,"Records Building, 500 Elm Street, 7th Floor, Suite 7600, Dallas, TX 75202",,,https://www.dallascounty.org/government/county-administrator/,,published,
county-48113-county-board-clay-jenkins,county,TX,48113,"Dallas County, Texas",Dallas County Commissioners Court,Clay Jenkins,Dallas County Judge,county_board,Democratic,2011,2026-12-31,,(214) 653-7949,,,,https://ballotpedia.org/Clay_Jenkins,,published,
county-48113-mayor-eric-l-johnson,county,TX,48113,"Dallas County, Texas",City of Dallas,Eric L. Johnson,Mayor,mayor,,2019-06,,,(214) 670-3301,"Office of the Mayor, 1500 Marilla St., Suite 5EN, Dallas, TX 75201",,,https://dallascityhall.com/government/citymayor/pages/default.aspx,,published,
county-48139-county-board-john-wray,county,TX,48139,"Ellis County, Texas",Ellis County Commissioners Court,John Wray,Ellis County Judge,county_board,,2025-05-15,,,,,The County Judge is the Presiding Officer of the Ellis County Commissioners Court.,https://www.elliscountytx.gov/128/County-Judge,https://www.elliscountytx.gov/128/County-Judge,,published,
county-48139-mayor-billie-wallace,county,TX,48139,"Ellis County, Texas",City of Waxahachie,Billie Wallace,"Mayor, Place 4",mayor,,2026-05-12,2027,,,"P.O. Box 757, Waxahachie, TX 75168",,,https://www.waxahachietx.gov/m/directory/employee?eid=250,,published,
county-48453-county-board-andy-brown,county,TX,48453,"Travis County, Texas",Travis County Commissioners Court,Andy Brown,Travis County Judge,county_board,,,,,(512) 854-9555,"P.O. Box 1748, Austin, TX 78767",The County Judge presides over the Travis County Commissioners Court and is the Director of Emergency Management for the County.,https://www.traviscountytx.gov/commissioners-court/county-judge,https://www.traviscountytx.gov/commissioners-court/county-judge,,published,
county-48453-mayor-kirk-watson,county,TX,48453,"Travis County, Texas",City of Austin,Kirk Watson,Mayor,mayor,,2023-01-06,2029-01-06,,,,,,https://www.austintexas.gov/mayor,,published,
county-51059-county-admin-bryan-hill,county,VA,51059,"Fairfax County, Virginia",Fairfax County government,Bryan Hill,County Executive,county_admin,,,,,(703) 324-2531,"12000 Government Center Parkway, Fairfax, VA 22035",,,https://www.fairfaxcounty.gov/countyexec/,,published,
county-51059-county-board-jeffrey-c-mckay,county,VA,51059,"Fairfax County, Virginia",Fairfax County Board of Supervisors,Jeffrey C. McKay,"Chairman, Fairfax County Board of Supervisors (At-Large)",county_board,,,2027-12-31,chairman@fairfaxcounty.gov,(703) 324-2321,"12000 Government Center Parkway, Suite 530, Fairfax, VA 22035","The Board of Supervisors directed staff on March 19, 2024 to prepare a data center Zoning Ordinance amendment and adopted the Data Centers Zoning Ordinance Amendment on September 10, 2024, effective September 11, 2024, revising permissions and standards for data centers.",https://www.fairfaxcounty.gov/planning-development/data-centers,https://www.fairfaxcounty.gov/chairman/contact,,published,
county-51059-mayor-keven-j-leblanc-jr,county,VA,51059,"Fairfax County, Virginia",Town of Herndon,"Keven J. LeBlanc, Jr.",Mayor of the Town of Herndon,mayor,,2025,2026,,,,,,https://www.herndon-va.gov/government/mayor-town-council/town-elections,,published,
county-51107-county-admin-tim-hemstreet,county,VA,51107,"Loudoun County, Virginia",Loudoun County government,Tim Hemstreet,County Administrator and Clerk of the Board,county_admin,,,,,(703) 777-0200,"P.O. Box 7000, Leesburg, VA 20177-7000",,,https://www.loudoun.gov/m/directory/employee?eid=99,,published,
county-51107-county-board-phyllis-j-randall,county,VA,51107,"Loudoun County, Virginia",Loudoun County Board of Supervisors,Phyllis J. Randall,"Chair, Loudoun County Board of Supervisors",county_board,,,,,,"1 Harrison St. SE, Leesburg, VA","Board-adopted March 18, 2025 amendments make data centers a conditional use that requires an approved special exception application by the Board of Supervisors; data centers are no longer a by-right use.",https://www.loudoun.gov/6410/Land-Use-Considerations,http://www.loudoun.gov/m/newsflash/Home/Detail/10636,,published,
county-51107-mayor-kelly-burk,county,VA,51107,"Loudoun County, Virginia",Town of Leesburg,Kelly Burk,Mayor,mayor,,,2026-12-31,council@leesburgva.gov,,"25 West Market Street, Leesburg, VA 20176",,,https://www.leesburgva.gov/government/mayor-council,,published,
county-51153-county-admin-christopher-shorter,county,VA,51153,"Prince William County, Virginia",Prince William County government,Christopher Shorter,County Executive,county_admin,,2022,,,(703) 792-6600,"James J. McCoart Administration Building, 1 County Complex Court, Prince William, VA 22192",,,https://www.pwcva.gov/department/office-executive-management/cabinet-bios,,published,
county-51153-county-board-deshundra-jefferson,county,VA,51153,"Prince William County, Virginia",Prince William Board of County Supervisors,Deshundra Jefferson,"Chair at-Large, Prince William Board of County Supervisors",county_board,,2024-01-01,2027-12-31,,,,"The Board of County Supervisors created and amended the Data Center Opportunity Zone Overlay District, initiated amendments to County policies and regulations for data centers, and holds work sessions and public hearings on them.",https://www.pwcva.gov/department/planning-office/data-center-overlay-district-comprehensive-review,https://pwcgov.granicus.com/boards/w/b51dc3dce74bf1a6/boards/34649,,published,
county-51153-mayor-michelle-davis-younger,county,VA,51153,"Prince William County, Virginia",City of Manassas,Michelle Davis-Younger,Mayor,mayor,,2025-01-01,,,,,,,https://www.manassasva.gov/connect/mayor_and_council/michelle_davis-younger.php,,published,
county-53017-county-admin-jordyn-giulio,county,WA,53017,"Douglas County, Washington",Douglas County,Jordyn Giulio,County Administrator,county_admin,,,,,,,The County Administrator is an appointed position reporting to and directed by the Board of County Commissioners.,https://www.douglascountywa.gov/170/County-Administrator,https://www.douglascountywa.gov/Directory.aspx,,published,
county-53017-county-board-dan-sutton,county,WA,53017,"Douglas County, Washington",Douglas County Board of County Commissioners,Dan Sutton,"Chair, Board of County Commissioners (District 1)",county_board,,,,,(509) 745-8537,,,,https://www.douglascountywa.gov/AgendaCenter/ViewFile/Minutes/_08032026-580,,published,
county-53017-mayor-jerrilea-crawford,county,WA,53017,"Douglas County, Washington",City of East Wenatchee,Jerrilea Crawford,Mayor,mayor,,2020,,,,,,,https://www.eastwenatcheewa.gov/246/Mayors-Office,,published,
county-53025-county-admin-tom-gaines,county,WA,53025,"Grant County, Washington",Grant County government,Tom Gaines,County Administrator,county_admin,,,,,,,,,https://lfweb.grantcountywa.gov/BOCC/DocView.aspx?id=6777692&dbid=0&repo=grant-county,,published,
county-53025-county-board-kevin-r-burgess,county,WA,53025,"Grant County, Washington",Grant County Board of County Commissioners,Kevin R. Burgess,"Chair of the Board, Grant County Board of County Commissioners (Commissioner, District 1)",county_board,Republican,2025,,,(509) 754-2011 ext. 2901,"Room #206, 35 C Street NW, Ephrata, WA 98823",The Board of County Commissioners is the executive and legislative authority for Grant County and acts as the appeals body for some actions relating to the regulation of property division and land development.,https://www.grantcountywa.gov/317/County-Commissioners,https://www.grantcountywa.gov/320/Danny-Stone,,published,
county-53025-mayor-dustin-swartz,county,WA,53025,"Grant County, Washington",City of Moses Lake,Dustin Swartz,Mayor,mayor,,,,,,,,,https://www.cityofml.com/m/directory,,published,
county-53033-county-admin-girmay-zahilay,county,WA,53033,"King County, Washington",King County,Girmay Zahilay,King County Executive,county_admin,,,,,,,,,https://kingcounty.gov/en/dept/executive,,published,
county-53033-county-board-sarah-perry,county,WA,53033,"King County, Washington",King County Council,Sarah Perry,Council Chair,county_board,nonpartisan,2026-01-01,2028-12-31,sarah.perry@kingcounty.gov,(206) 477-1003,,,,https://kingcounty.gov/en/dept/council/governance-leadership/county-council/councilmembers-districts,,published,
county-53033-mayor-katie-b-wilson,county,WA,53033,"King County, Washington",City of Seattle,Katie B. Wilson,Mayor,mayor,,,,,(206) 684-4000,"P.O. Box 94749, Seattle, WA 98124-4749",,,https://www.seattle.gov/mayor,,published,
county-56021-county-board-gunnar-malm,county,WY,56021,"Laramie County, Wyoming",Laramie County Board of County Commissioners,Gunnar Malm,"Chairman, Board of County Commissioners",county_board,,2026-01-06,2027-01-04,gunnar.malm@laramiecountywy.gov,(307) 633-4260,"310 W 19th St, Suite 300, Cheyenne, WY 82001","The Laramie County Board of County Commissioners unanimously approved a zone change request for the proposed Vantage Data Center's Project Latigo, rezoning the land from Land Use (LU) to Planned Unit Development (PUD).",https://www.wyomingnews.com/laramieboomerang/news/commissioners-approve-zone-change-for-vantage-data-center-south-of-cheyenne/article_b1319e63-049c-46ac-94c4-cb36bc22446c.html,https://laramiecounty.legistar.com/PersonDetail.aspx?ID=210780&GUID=E2861DD9-2306-45E4-85D1-E1C7E3517A84&Search=,,published,
county-56021-mayor-patrick-collins,county,WY,56021,"Laramie County, Wyoming",City of Cheyenne,Patrick Collins,Mayor,mayor,,2021-01-04,,,,,,,https://www.cheyennecity.org/Your-Government/Mayor,,published,
state-az-bill-sponsor-jeff-weninger,state,AZ,,,Arizona,Jeff Weninger,"Primary sponsor, HB 4009",bill_sponsor,Republican,,,,,,"Primary sponsor of HB 4009, data centers; state lands; map (Failed floor vote)",https://openstates.org/az/bills/57th-2nd-regular/HB4009/,https://openstates.org/az/bills/57th-2nd-regular/HB4009/,2026-09-11,published,
state-az-governor-katie-hobbs,state,AZ,,,Arizona,Katie Hobbs,Governor,governor,Democratic,,,,(602) 542-4331,"Office of the Governor; 1700 W. Washington St., Phoenix, AZ 85007",,,https://openstates.org/person/katie-hobbs-3MAhjMTGr7iVHyOTVrQg8F/,2026-09-11,published,
state-ca-bill-sponsor-rebecca-bauer-kahan,state,CA,,,California,Rebecca Bauer-Kahan,"Co-sponsor, AB 1577",bill_sponsor,Democratic,,,,,,"Co-sponsor of AB 1577, Data centers: reporting. (Passed both chambers)",https://openstates.org/ca/bills/20252026/AB1577/,https://openstates.org/ca/bills/20252026/AB1577/,2026-09-11,published,
state-ga-bill-sponsor-matt-brass,state,GA,,,Georgia,Matt Brass,"Primary sponsor, SB 410",bill_sponsor,Republican,,,,,,"Primary sponsor of SB 410, State Sales and Use Taxes; the data center equipment sales and use tax exemption; repeal (Passed one chamber)",https://openstates.org/ga/bills/2025_26/SB410/,https://openstates.org/ga/bills/2025_26/SB410/,2026-09-11,published,
state-ga-governor-brian-kemp,state,GA,,,Georgia,Brian Kemp,Governor,governor,Republican,,,,(404) 656-1776,"206 Washington Street; Suite 203, State Capitol; Atlanta, GA 30334",,,https://openstates.org/person/brian-kemp-2vFpDjCbDLTkoGSIPkqNdX/,2026-09-11,published,
state-ia-bill-sponsor-cindy-golding,state,IA,,,Iowa,Cindy Golding,"Primary sponsor, HF 2447",bill_sponsor,Republican,,,,,,"Primary sponsor of HF 2447, A bill for an act relating to water and energy use for data centers, including reporting and tariff requirements, and including effective date provisions. (Passed committee only)",https://openstates.org/ia/bills/2025-2026/HF2447/,https://openstates.org/ia/bills/2025-2026/HF2447/,2026-09-11,published,
state-ia-governor-kim-reynolds,state,IA,,,Iowa,Kim Reynolds,Governor,governor,Republican,,,,(515) 281-5211,"Iowa State Capitol; 1007 East Grand Avenue; Des Moines, IA 50319",,,https://openstates.org/person/kim-reynolds-1iljVsuIKZ2qrUmgtNllhZ/,2026-09-11,published,
state-il-bill-sponsor-chapin-rose,state,IL,,,Illinois,Chapin Rose,"Primary sponsor, SB 4004",bill_sponsor,Republican,,,,,,"Primary sponsor of SB 4004, AQUIFER PROTECTION ACT (Introduced)",https://openstates.org/il/bills/104th/SB4004/,https://openstates.org/il/bills/104th/SB4004/,2026-09-11,published,
state-il-governor-j-b-pritzker,state,IL,,,Illinois,J. B. Pritzker,Governor,governor,Democratic,,,,(217) 782-6830,"Office of the Governor; 207 State House; Springfield, IL 62706",,,https://openstates.org/person/j-b-pritzker-6fgDatdgS27qGT02HHG74l/,2026-09-11,published,
state-mi-bill-sponsor-jim-runestad,state,MI,,,Michigan,Jim Runestad,"Primary sponsor, SB 1018",bill_sponsor,Republican,,,,,,"Primary sponsor of SB 1018, Businesses: other; moratorium on certain approvals for and operation of any new data centers; provide for. Creates new act. TIE BAR WITH: SB 1019'26 (Introduced)",https://openstates.org/mi/bills/2025-2026/SB1018/,https://openstates.org/mi/bills/2025-2026/SB1018/,2026-09-11,published,
state-mi-governor-gretchen-whitmer,state,MI,,,Michigan,Gretchen Whitmer,Governor,governor,Democratic,,,,(517) 373-3400,"Governor Gretchen Whitmer; P.O. Box 30013; Lansing, Michigan",,,https://openstates.org/person/gretchen-whitmer-4iy8KYtiacQjPrVI04Os3L/,2026-09-11,published,
state-ne-bill-sponsor-barry-dekay,state,NE,,,Nebraska,Barry DeKay,"Primary sponsor, LB 1261",bill_sponsor,Nonpartisan,,,,,,"Primary sponsor of LB 1261, Prohibit the use of eminent domain to acquire certain privately owned electric generation facilities (Signed into law)",https://openstates.org/ne/bills/109/LB1261/,https://openstates.org/ne/bills/109/LB1261/,2026-09-11,published,
state-ne-governor-jim-pillen,state,NE,,,Nebraska,Jim Pillen,Governor,governor,Republican,,,,(402) 471-2244,"P.O. Box 94848; Lincoln, NE 68509-4848",,,https://openstates.org/person/jim-pillen-62XFjkUfIIw4wXLdHUmQmr/,2026-09-11,published,
state-nj-bill-sponsor-dave-bailey,state,NJ,,,New Jersey,Dave Bailey,"Primary sponsor, A 5462",bill_sponsor,Democratic,,,,,,"Primary sponsor of A 5462, Requires electric public utilities to develop and apply special rules for large load customers to protect non-large load customers from increased costs.** (Passed both chambers)",https://openstates.org/nj/bills/221/A5462/,https://openstates.org/nj/bills/221/A5462/,2026-09-11,published,
state-nv-governor-joe-lombardo,state,NV,,,Nevada,Joe Lombardo,Governor,governor,Republican,,,,(775) 684-5670,"State Capitol Building; 101 N. Carson Street; Carson City, NV 89701",,,https://openstates.org/person/joe-lombardo-6Pglx3scCLnxGhhejxX4co/,2026-09-11,published,
state-oh-bill-sponsor-brian-stewart,state,OH,,,Ohio,Brian Stewart,"Primary sponsor, HB 96",bill_sponsor,Republican,,,,,,"Primary sponsor of HB 96, Make state operating appropriations for FY 2026-27 (Signed into law)",https://openstates.org/oh/bills/136/HB96/,https://openstates.org/oh/bills/136/HB96/,2026-09-11,published,
state-oh-governor-mike-dewine,state,OH,,,Ohio,Mike DeWine,Governor,governor,Republican,,,,,"Riffe Center, 30th Floor, 77 South High Street, Columbus, OH 43215-6117",,,https://openstates.org/person/mike-dewine-1gJH8vmumkd6lFH5Aotnpd/,2026-09-11,published,
state-pa-governor-josh-shapiro,state,PA,,,Pennsylvania,Josh Shapiro,Governor,governor,Democratic,,,,(717) 787-2500,"Office of Governor; 501 North 3rd Street; 508 Main Capitol Building; Harrisburg, PA 17120",,,https://openstates.org/person/josh-shapiro-5FPxj4Dp4ApQbQZwkOsUsh/,2026-09-11,published,
state-tn-bill-sponsor-ed-butler,state,TN,,,Tennessee,Ed Butler,"Primary sponsor, HB 1847",bill_sponsor,Republican,,,,,,"Primary sponsor of HB 1847, Computers and Electronic Processing - As enacted, generally prohibits a municipality or electric utility to pay or absorb the cost of electrical infrastructure (Signed into law)",https://openstates.org/tn/bills/114/HB1847/,https://openstates.org/tn/bills/114/HB1847/,2026-09-11,published,
state-tn-governor-bill-lee,state,TN,,,Tennessee,Bill Lee,Governor,governor,Republican,,,,(615) 741-2001,"Office of Governor Bill Lee; Tennessee State Capitol; 600 Dr. Martin L. King, Jr. Blvd.; Nashville, TN 37243-0001",,,https://openstates.org/person/bill-lee-6c2VZ3B25Jtvxdsp4ZUhS8/,2026-09-11,published,
state-tx-governor-greg-abbott,state,TX,,,Texas,Greg Abbott,Governor,governor,Republican,,,,(512) 463-2000,"P.O. Box 12428; Austin, TX 78711",,,https://openstates.org/person/greg-abbott-6YAAdevCZNDv0XhukjCRTr/,2026-09-11,published,
state-va-bill-sponsor-danica-roem,state,VA,,,Virginia,Danica Roem,"Primary sponsor, SB 94",bill_sponsor,Democratic,,,,,,"Primary sponsor of SB 94, Data centers; site assessment, sound profile of the high energy use facility. (Signed into law)",https://openstates.org/va/bills/2026/SB94/,https://openstates.org/va/bills/2026/SB94/,2026-09-11,published,
state-wa-bill-sponsor-noel-frame,state,WA,,,Washington,Noel Frame,"Primary sponsor, SB 6231",bill_sponsor,Democratic,,,,,,"Primary sponsor of SB 6231, Removing a tax exemption for the replacement of equipment for data centers. (Signed into law)",https://openstates.org/wa/bills/2025-2026/SB6231/,https://openstates.org/wa/bills/2025-2026/SB6231/,2026-09-11,published,
state-wa-governor-bob-ferguson,state,WA,,,Washington,Bob Ferguson,Governor,governor,Democratic,,,,(360) 902-4111,"Office of the Governor; PO Box 40002; Olympia, WA 98504-0002",,,https://openstates.org/person/bob-ferguson-Ww9g5A2JP1QBK8Aa4JQ2q/,2026-09-11,published,
state-wy-governor-mark-gordon,state,WY,,,Wyoming,Mark Gordon,Governor,governor,Republican,,,,(787) 721-2400,"La Fortaleza; P.O. Box 9020082; San Juan, PR 00902-0082",,,https://openstates.org/person/mark-gordon-6ZxVtJzEr117BOC5NeYhlH/,2026-09-11,published,
