recheck_priority,priority_reason,State,County,fips,Incident,Date,days_stale,threshold_days,overdue_ratio,qc_mechanism,status_clean,outcome_defensible,county_label,label_moving,project_id,Source URL
1,restrictive instrument past its threshold in a county not yet labelled enacted; a confirmed enactment moves the county label,TX,Tarrant County,48439,Fort Worth,2025-01-01,606,180,3.37,conditional_zoning,pending,pending,0,1,fort_worth_tx,https://fortworthreport.org/2026/02/11/10b-data-center-hits-wall-after-fort-worth-leaders-cite-resources-land-usage-concerns/
1,restrictive instrument past its threshold in a county not yet labelled enacted; a confirmed enactment moves the county label,VA,Prince William County,51153,Prince William County (Ashton/Amazon),2025-01-08,599,180,3.33,conditional_zoning,pending,mixed,0,1,prince_william_county_va,https://www.datacenterdynamics.com/en/news/prince-william-county-supervisors-shelve-amazon-data-center-proposal-indefinitely/
1,restrictive instrument past its threshold in a county not yet labelled enacted; a confirmed enactment moves the county label,VA,Orange County,51137,Orange County,2025-09-01,363,180,2.02,conditional_zoning,approved,mixed,0,1,orange_county_va,https://www.pecva.org/region/orange/orange-county-proposes-new-technology-zoning-district/
1,restrictive instrument past its threshold in a county not yet labelled enacted; a confirmed enactment moves the county label,TX,Bastrop County,48021,Bastrop County (Cedar Creek),2026-01-01,241,120,2.01,moratorium,active,pending,0,1,bastrop_county_tx,https://communityimpact.com/austin/bastrop-cedar-creek/development/2025/08/01/data-center-slated-for-construction-in-cedar-creek/
1,restrictive instrument past its threshold in a county not yet labelled enacted; a confirmed enactment moves the county label,VA,Albemarle County,51003,Albemarle County,2025-10-01,333,180,1.85,conditional_zoning,pending,mixed,0,1,albemarle_county_va,https://www.crozetgazette.com/2025/10/03/county-supervisors-consider-data-center-regulations/
1,restrictive instrument past its threshold in a county not yet labelled enacted; a confirmed enactment moves the county label,KS,Miami County,20121,Osawatomie,2026-02-18,193,120,1.61,moratorium,active,pending,0,1,osawatomie_ks,https://www.kshb.com/news/local-news/kansas/miami-county/rural-miami-county-kansas-residents-respond-to-1-billion-data-center-proposal
1,restrictive instrument past its threshold in a county not yet labelled enacted; a confirmed enactment moves the county label,TN,Moore County,47127,Moore County,2026-03-01,182,120,1.52,moratorium,pending,pending,0,1,moore_county_tn,https://mcobserver.news/news/metro-council-to-consider-data-center-moratorium/
1,restrictive instrument past its threshold in a county not yet labelled enacted; a confirmed enactment moves the county label,MI,Delta County,26041,Delta County,2026-03-03,180,120,1.5,moratorium,pending,pending,0,1,delta_county_mi,https://www.uppermichiganssource.com/2026/03/03/delta-county-could-prevent-data-center-development-year/
1,restrictive instrument past its threshold in a county not yet labelled enacted; a confirmed enactment moves the county label,MI,Huron County,26063,Huron County,2026-04-01,151,120,1.26,moratorium,pending,pending,0,1,huron_county_mi,https://writing.strisker.com/data-centers-daily-notes-april-2-2026/
1,restrictive instrument past its threshold in a county not yet labelled enacted; a confirmed enactment moves the county label,AL,Talladega County,01121,Childersburg,2026-01-23,219,180,1.22,conditional_zoning,pending,advanced_unverified,0,1,childersburg_al,https://insideclimatenews.org/news/23012026/this-small-alabama-town-was-part-of-the-manhattan-project-now-it-may-host-a-hyperscale-data-center/
1,restrictive instrument past its threshold in a county not yet labelled enacted; a confirmed enactment moves the county label,OH,Portage County,39133,Ravenna,2026-04-10,142,120,1.18,moratorium,pending,pending,0,1,ravenna_oh,https://theportager.com/ravenna-city-council-rushes-to-block-potential-data-center-proposal
1,restrictive instrument past its threshold in a county not yet labelled enacted; a confirmed enactment moves the county label,IN,DeKalb County,18033,DeKalb County (Auburn),2026-04-14,138,120,1.15,moratorium,pending,pending,0,1,dekalb_county_in,https://www.kpcnews.com/thestar/article_a68d5dcb-09aa-46bf-9158-a17661e990e6.html
1,restrictive instrument past its threshold in a county not yet labelled enacted; a confirmed enactment moves the county label,NC,Harnett County,37085,Harnett County,2026-04-21,131,120,1.09,moratorium,pending,pending,0,1,harnett_county_nc,https://sandhills.news/2026/04/21/harnett-moratorium-on-data-centers-public-hearing-scheduled/
1,restrictive instrument past its threshold in a county not yet labelled enacted; a confirmed enactment moves the county label,VA,New Kent County,51127,New Kent County,2026-02-17,194,180,1.08,conditional_zoning,pending,pending,0,1,new_kent_county_va,https://www.newkent-va.us/m/NewsFlash/Home/Detail/538
1,restrictive instrument past its threshold in a county not yet labelled enacted; a confirmed enactment moves the county label,FL,Polk County,12105,Fort Meade (Polk County),2026-02-25,186,180,1.03,conditional_zoning,approved,pending,0,1,fort_meade_fl,https://www.fox13news.com/news/residents-fort-meade-protest-proposed-data-center-developers-respond-questions
1,restrictive instrument past its threshold in a county not yet labelled enacted; a confirmed enactment moves the county label,NC,Brunswick County,37019,Leland,2026-02-27,184,180,1.02,conditional_zoning,pending,pending,0,1,leland_nc,https://portcitydaily.com/latest-news/2026/02/27/leland-braces-for-ai-surge-with-strict-proposed-data-center-rules/
2,"restrictive instrument past its threshold; the county is already labelled enacted, so only the record grade is at stake",CT,New London County,,Town of Groton,2022-06-15,1537,120,12.81,moratorium,expired,blocked_unverified,,0,groton_ct,https://ctexaminer.com/2022/06/15/groton-approves-one-year-moratorium-on-data-centers/
2,"restrictive instrument past its threshold; the county is already labelled enacted, so only the record grade is at stake",NC,Henderson County,37089,Henderson County,2023-05-01,1217,120,10.14,moratorium,expired,blocked_unverified,1,0,henderson_county_nc,https://www.foxcarolina.com/2023/05/01/henderson-county-hold-public-hearing-cryptocurrency-mining/
2,"restrictive instrument past its threshold; the county is already labelled enacted, so only the record grade is at stake",NC,Buncombe County,37021,Buncombe County,2023-05-02,1216,120,10.13,moratorium,expired,blocked_unverified,1,0,buncombe_county_nc,https://mountainx.com/news/commissioners-approve-one-year-ban-on-crypto-mining/
2,"restrictive instrument past its threshold; the county is already labelled enacted, so only the record grade is at stake",NC,Madison County,37115,Madison County,2023-06-13,1174,120,9.78,moratorium,expired,blocked_unverified,1,0,madison_county_nc,https://mjbommar.github.io/moratorium-data-2026/states/north-carolina.html
2,"restrictive instrument past its threshold; the county is already labelled enacted, so only the record grade is at stake",TN,DeKalb County,47041,DeKalb County,2024-06-01,820,120,6.83,ban,expired,blocked_unverified,1,0,dekalb_county_tn,https://www.wjle.com/county-commission-to-renew-discussion-about-proposed-data-center-regulations-view-video-here/
2,"restrictive instrument past its threshold; the county is already labelled enacted, so only the record grade is at stake",IA,Jackson County,19097,Jackson County,2024-09-17,712,120,5.93,moratorium,expired,mixed,1,0,jackson_county_ia,https://jacksoncounty.iowa.gov/supervisors/resolutions/
2,"restrictive instrument past its threshold; the county is already labelled enacted, so only the record grade is at stake",MA,Hampden County,25013,Westfield,2024-11-01,667,120,5.56,moratorium,pending,blocked_unverified,1,0,westfield_ma,https://theshoestring.org/2025/12/30/ai-hallucination-proposed-westfield-data-center-appears-abandoned-by-developers/
2,"restrictive instrument past its threshold; the county is already labelled enacted, so only the record grade is at stake",NE,Hitchcock County,31087,Hitchcock County,2025-02-01,575,120,4.79,moratorium,expired,blocked_unverified,1,0,hitchcock_county_ne,https://hitchcockcounty.ne.gov/webpages/planning_zoning/planning_zoning.html
2,"restrictive instrument past its threshold; the county is already labelled enacted, so only the record grade is at stake",IA,Adair County,19001,Adair County,2024-04-24,858,180,4.77,conditional_zoning,active,pending,1,0,adair_county_ia,https://www.datacenterdynamics.com/en/news/applied-digital-faces-opposition-to-planned-data-center-in-adair-county-iowa/
2,"restrictive instrument past its threshold; the county is already labelled enacted, so only the record grade is at stake",VA,Mecklenburg County,51117,Mecklenburg County,2025-03-01,547,120,4.56,moratorium,passed,mixed,1,0,mecklenburg_county_va,https://www.sovanow.com/articles/data-center-debates/
2,"restrictive instrument past its threshold; the county is already labelled enacted, so only the record grade is at stake",ID,Kootenai County,16055,Kootenai County,2025-03-02,546,120,4.55,ban,expired,blocked_unverified,1,0,kootenai_county_id,https://www.khq.com/news/kootenai-county-imposes-moratorium-on-data-center-building-permits/article_f622e15a-f79e-11ef-87ed-1bd380bdd67e.html
2,"restrictive instrument past its threshold; the county is already labelled enacted, so only the record grade is at stake",NY,Nassau County,36059,Nassau County,2025-04-01,516,120,4.3,moratorium,active,blocked_unverified,1,0,nassau_county_ny,https://abc7ny.com/post/nassau-county-officials-do-not-want-lithium-ion-battery-storage-facilities-long-island/16186659/
2,"restrictive instrument past its threshold; the county is already labelled enacted, so only the record grade is at stake",IA,Jones County,19105,Jones County,2025-05-13,474,120,3.95,moratorium,expired,blocked_unverified,1,0,jones_county_ia,https://www.jonescountyiowa.gov/files/land_use/jones_county_cryptocurrency_and_data_center_ordinance_78407.pdf
2,"restrictive instrument past its threshold; the county is already labelled enacted, so only the record grade is at stake",FL,Osceola County,12097,Osceola County,2024-10-01,698,180,3.88,conditional_zoning,active,pending,1,0,osceola_county_fl,https://www.datacenterdynamics.com/en/news/company-seeks-to-rezone-434-acres-for-data-center-in-osceola-county-florida/
2,"restrictive instrument past its threshold; the county is already labelled enacted, so only the record grade is at stake",MI,Chippewa County,26033,Clark Township,2025-06-01,455,120,3.79,moratorium,active,blocked_unverified,1,0,clark_township_mi,https://www.wkar.org/wkar-news/2026-02-27/michigan-data-center-tracker-moratoria-legislation-and-grid-impact
2,"restrictive instrument past its threshold; the county is already labelled enacted, so only the record grade is at stake",MI,Washtenaw County,26161,Ypsilanti Township,2025-06-01,455,120,3.79,moratorium,active,mixed,1,0,ypsilanti_township_mi,https://planetdetroit.org/2026/04/ypsilanti-township-escalates-data-center-fight/
2,"restrictive instrument past its threshold; the county is already labelled enacted, so only the record grade is at stake",KY,Oldham County,21185,City of La Grange,2025-06-02,454,120,3.78,moratorium,withdrawn,blocked_unverified,1,0,la_grange_ky,https://www.wdrb.com/in-depth/oldham-county-looks-to-pause-data-center-deals-amid-pushback-over-6b-project/article_d51c7f32-ff65-4e5e-a982-ddd9eae91e47.html
2,"restrictive instrument past its threshold; the county is already labelled enacted, so only the record grade is at stake",IA,Story County,19169,Story County,2025-06-17,439,120,3.66,moratorium,expired,blocked_unverified,1,0,story_county_ia,https://mjbommar.github.io/moratorium-data-2026/states/iowa.html
2,"restrictive instrument past its threshold; the county is already labelled enacted, so only the record grade is at stake",KY,Oldham County,21185,Oldham County,2025-07-02,424,120,3.53,moratorium,failed,blocked_unverified,1,0,oldham_county_ky,https://www.lpm.org/news/2025-07-02/oldham-county-passes-sweeping-data-center-moratorium-executive-fired-over-recording
2,"restrictive instrument past its threshold; the county is already labelled enacted, so only the record grade is at stake",NC,Wake County,37183,Wake County,2025-08-01,394,120,3.28,moratorium,failed,blocked_unverified,1,0,wake_county_nc,https://www.wunc.org/environment/2026-03-05/proposed-data-center-new-hill-digital-campus-wake-county-apex
2,"restrictive instrument past its threshold; the county is already labelled enacted, so only the record grade is at stake",KS,McPherson County,20113,McPherson County,2025-08-04,391,120,3.26,moratorium,unknown,blocked_unverified,1,0,mcpherson_county_ks,https://mjbommar.github.io/moratorium-data-2026/states/kansas.html
2,"restrictive instrument past its threshold; the county is already labelled enacted, so only the record grade is at stake",PA,Luzerne County,42079,Dorrance Township,2025-08-11,384,120,3.2,moratorium,active,blocked_unverified,1,0,dorrance_township_pa,https://www.alleghenyfront.org/pennsylvania-luzerne-dorrance-data-center-zoning/
2,"restrictive instrument past its threshold; the county is already labelled enacted, so only the record grade is at stake",GA,Clayton County,13063,Clayton County,2025-09-01,363,120,3.02,moratorium,active,blocked_unverified,1,0,clayton_county_ga,https://www.claytoncountyga.gov/news/clayton-county-board-of-commissioners-approves-moratorium-on-new-data-centers-in-clayton-county/
2,"restrictive instrument past its threshold; the county is already labelled enacted, so only the record grade is at stake",GA,Lamar County,13171,Lamar County,2025-09-01,363,120,3.02,moratorium,active,blocked_unverified,1,0,lamar_county_ga,https://www.gpb.org/news/2025/10/22/wave-of-data-center-ordinances-sweep-through-ga-counties-how-strict-are-they
2,"restrictive instrument past its threshold; the county is already labelled enacted, so only the record grade is at stake",GA,Pike County,13231,Pike County,2025-09-01,363,120,3.02,moratorium,active,blocked_unverified,1,0,pike_county_ga,https://www.gpb.org/news/2025/10/22/wave-of-data-center-ordinances-sweep-through-ga-counties-how-strict-are-they
2,"restrictive instrument past its threshold; the county is already labelled enacted, so only the record grade is at stake",GA,Troup County,13285,Troup County,2025-09-01,363,120,3.02,moratorium,active,blocked_unverified,1,0,troup_county_ga,https://www.11alive.com/article/news/local/troup-county-moratorium-on-data-centers/85-87d5c110-12db-4a48-88dd-70bda4ac47c9
2,"restrictive instrument past its threshold; the county is already labelled enacted, so only the record grade is at stake",MD,Prince George's County,24033,Prince George's County (Landover),2025-09-01,363,120,3.02,moratorium,active,blocked_unverified,1,0,prince_george_s_county_md,https://foxbaltimore.com/news/local/prince-georges-county-data-centers-zoning-electric-grid-energy-maryland
2,"restrictive instrument past its threshold; the county is already labelled enacted, so only the record grade is at stake",WA,Grant County,53025,Grant County PUD,2025-03-25,523,180,2.91,conditional_zoning,passed,mixed,1,0,grant_county_wa,https://www.yoursourceone.com/columbia_basin/report-quincy-at-center-of-debate-over-washington-s-data-centers-clean-energy-future/article_f2b12988-6708-44bd-b1fb-72e8a5e4d43b.html
2,"restrictive instrument past its threshold; the county is already labelled enacted, so only the record grade is at stake",GA,Walton County,13297,Social Circle,2025-09-18,346,120,2.88,moratorium,passed,mixed,1,0,social_circle_ga,https://www.wsbtv.com/news/local/walton-county/city-social-circle-bans-new-data-center-applications-90-days/JGRPK34JC5AGRA5V5KH6YCXVWA/
2,"restrictive instrument past its threshold; the county is already labelled enacted, so only the record grade is at stake",GA,Troup County,13285,City of LaGrange,2025-09-23,341,120,2.84,moratorium,expired,mixed,1,0,lagrange_ga,https://www.wsbtv.com/news/local/lagrange-city-council-passes-180-day-moratorium-data-centers/LFCNYS3HWRE3VJ3AJBBLRT3COA/
2,"restrictive instrument past its threshold; the county is already labelled enacted, so only the record grade is at stake",NY,Tompkins County,36109,Lansing,2025-09-24,340,120,2.83,moratorium,active,pending,1,0,lansing_ny,https://ithacavoice.org/2025/11/data-center-company-terawulf-threatens-legal-action-against-lansing-town-board/
2,"restrictive instrument past its threshold; the county is already labelled enacted, so only the record grade is at stake",MA,Franklin County,25011,Shutesbury,2025-09-30,334,120,2.78,moratorium,active,blocked_unverified,1,0,shutesbury_ma,https://recorder.com/2025/09/12/shutesbury-data-center-moratorium/
2,"restrictive instrument past its threshold; the county is already labelled enacted, so only the record grade is at stake",IN,White County,18181,White County,2025-10-01,333,120,2.77,moratorium,active,blocked_unverified,1,0,white_county_in,https://www.datacenterwatch.org/report
2,"restrictive instrument past its threshold; the county is already labelled enacted, so only the record grade is at stake",MI,Monroe County,26115,Dundee Township,2025-10-02,332,120,2.77,moratorium,active,blocked_unverified,1,0,dundee_township_mi,https://bluewaterhealthyliving.com/news/local-news/michigan/where-does-dundee-township-stand-on-the-proposed-data-center/
2,"restrictive instrument past its threshold; the county is already labelled enacted, so only the record grade is at stake",OH,Trumbull County,39155,Lordstown,2025-10-01,333,120,2.77,moratorium,active,pending,1,0,lordstown_oh,https://www.change.org/p/prevent-the-construction-of-ai-data-center-in-lordstown
2,"restrictive instrument past its threshold; the county is already labelled enacted, so only the record grade is at stake",PA,Lackawanna County,42069,Lackawanna County,2025-10-01,333,120,2.77,moratorium,active,pending,1,0,lackawanna_county_pa,https://www.change.org/p/stop-data-center-construction-in-lackawanna-county
2,"restrictive instrument past its threshold; the county is already labelled enacted, so only the record grade is at stake",KY,Meade County,21163,Meade County,2025-10-14,320,120,2.67,moratorium,failed,blocked_unverified,1,0,meade_county_ky,https://datacenterwatch.substack.com/p/briefing-10172025
2,"restrictive instrument past its threshold; the county is already labelled enacted, so only the record grade is at stake",MI,Washtenaw County,26161,Manchester Township,2025-10-14,320,120,2.67,moratorium,active,blocked_unverified,1,0,manchester_township_mi,https://www.wkar.org/wkar-news/2026-02-27/michigan-data-center-tracker-moratoria-legislation-and-grid-impact
2,"restrictive instrument past its threshold; the county is already labelled enacted, so only the record grade is at stake",CO,Logan County,08075,Logan County,2025-10-21,313,120,2.61,moratorium,active,blocked_unverified,1,0,logan_county_co,https://www.journal-advocate.com/2025/10/22/county-imposes-6-month-moratorium-on-solar-wind-data-center-and-battery-storage-permits/
2,"restrictive instrument past its threshold; the county is already labelled enacted, so only the record grade is at stake",GA,Douglas County,13097,Douglas County,2025-10-22,312,120,2.6,moratorium,active,mixed,1,0,douglas_county_ga,https://www.fox5atlanta.com/news/douglas-county-data-centers-moratorium
2,"restrictive instrument past its threshold; the county is already labelled enacted, so only the record grade is at stake",IL,Winnebago County,17201,Rockford,2025-11-01,302,120,2.52,moratorium,active,pending,1,0,rockford_il,https://www.change.org/p/oppose-high-impact-data-center-development-and-demand-sustainable-growth-for-rockford-il
2,"restrictive instrument past its threshold; the county is already labelled enacted, so only the record grade is at stake",IN,Putnam County,18133,Putnam County,2025-11-01,302,120,2.52,moratorium,active,pending,1,0,putnam_county_in,https://www.datacenterwatch.org/report
2,"restrictive instrument past its threshold; the county is already labelled enacted, so only the record grade is at stake",NC,Cumberland County,37051,Cumberland County,2025-11-01,302,120,2.52,moratorium,active,blocked_unverified,1,0,cumberland_county_nc,https://www.change.org/p/stop-data-centers-in-cumberland-county-protect-fayetteville-s-health-and-water
2,"restrictive instrument past its threshold; the county is already labelled enacted, so only the record grade is at stake",ME,Lincoln County,23015,Wiscasset,2025-11-04,299,120,2.49,moratorium,active,pending,1,0,wiscasset_me,https://mainemorningstar.com/2026/02/23/as-data-centers-look-to-rural-new-england-maine-considers-a-moratorium/
2,"restrictive instrument past its threshold; the county is already labelled enacted, so only the record grade is at stake",IA,Johnson County,19103,Johnson County,2025-11-08,295,120,2.46,moratorium,active,pending,1,0,johnson_county_ia,https://cbs2iowa.com/news/local/johnson-county-imposes-moratorium-on-data-centers-to-protect-resources-and-assess-impacts
2,"restrictive instrument past its threshold; the county is already labelled enacted, so only the record grade is at stake",IA,Tama County,19171,Tama County,2025-11-10,293,120,2.44,moratorium,active,pending,1,0,tama_county_ia,https://www.northtamatelegraph.com/news/local-news/2025/11/21/last-weeks-tama-county-supervisors-meeting/
2,"restrictive instrument past its threshold; the county is already labelled enacted, so only the record grade is at stake",OH,Summit County,39153,Barberton,2025-11-10,293,120,2.44,moratorium,active,blocked_unverified,1,0,barberton_oh,https://www.akron.com/articles/barberton-approves-open-ended-moratorium-on-data-centers/
2,"restrictive instrument past its threshold; the county is already labelled enacted, so only the record grade is at stake",KY,Breckinridge County,21027,Breckinridge County,2025-11-17,286,120,2.38,moratorium,active,pending,1,0,breckinridge_county_ky,https://breckinridgeky.com/ordinances/
2,"restrictive instrument past its threshold; the county is already labelled enacted, so only the record grade is at stake",MI,Washtenaw County,26161,Pittsfield Township,2025-11-18,285,120,2.38,moratorium,active,pending,1,0,pittsfield_township_mi,https://www.wemu.org/wemu-news/2025-11-17/pittsfield-township-to-vote-on-data-center-moratorium
2,"restrictive instrument past its threshold; the county is already labelled enacted, so only the record grade is at stake",MI,Livingston County,26093,Howell Township,2025-11-20,283,120,2.36,moratorium,failed,blocked_unverified,1,0,howell_township_mi,https://planetdetroit.org/2025/12/billion-dollar-data-center-paused/
2,"restrictive instrument past its threshold; the county is already labelled enacted, so only the record grade is at stake",TN,Sullivan County,47163,Sullivan County,2025-11-20,283,120,2.36,moratorium,pending,blocked_unverified,1,0,sullivan_county_tn,https://heraldcourier.com/news/article_9b6dc9dc-7dee-4370-a502-5ac8fb794474.html
2,"restrictive instrument past its threshold; the county is already labelled enacted, so only the record grade is at stake",IA,Mitchell County,19131,Mitchell County,2025-11-25,278,120,2.32,moratorium,active,pending,1,0,mitchell_county_ia,https://mitchellcounty.iowa.gov/wp-content/uploads/Board-Proceedings-11-12-25.pdf
2,"restrictive instrument past its threshold; the county is already labelled enacted, so only the record grade is at stake",GA,Troup County,13285,Hogansville (Troup County),2025-11-26,277,120,2.31,moratorium,active,pending,1,0,hogansville_ga,https://www.gpb.org/news/2025/11/26/why-are-troup-county-residents-saying-no-600-mw-data-center-in-hogansville
2,"restrictive instrument past its threshold; the county is already labelled enacted, so only the record grade is at stake",IL,Logan County,17107,Logan County,2025-12-01,272,120,2.27,moratorium,active,blocked_unverified,1,0,logan_county_il,https://www.illinoistimes.com/news/logan-county-takes-its-time-on-data-center-proposal/
2,"restrictive instrument past its threshold; the county is already labelled enacted, so only the record grade is at stake",MI,Cass County,26027,Cass County (Dowagiac),2025-12-01,272,120,2.27,moratorium,active,mixed,1,0,cass_county_mi,https://wwmt.com/news/local/cass-county-urges-more-transparency-data-center-development-new-resolution-dowagiac-hyperscale-energy-water-cooling-noise
2,"restrictive instrument past its threshold; the county is already labelled enacted, so only the record grade is at stake",OH,Lawrence County,39087,Lawrence County,2025-12-01,272,120,2.27,moratorium,active,pending,1,0,lawrence_county_oh,https://www.change.org/p/stop-the-ai-data-centers-in-lawrence-county-ohio
2,"restrictive instrument past its threshold; the county is already labelled enacted, so only the record grade is at stake",MI,Livingston County,26093,Tyrone Township,2025-12-02,271,120,2.26,moratorium,active,pending,1,0,tyrone_township_mi,https://www.wkar.org/wkar-news/2026-02-27/michigan-data-center-tracker-moratoria-legislation-and-grid-impact
2,"restrictive instrument past its threshold; the county is already labelled enacted, so only the record grade is at stake",IA,Clinton County,19045,Clinton County,2025-12-08,265,120,2.21,moratorium,active,pending,1,0,clinton_county_ia,https://www.clintonherald.com/news/county-supervisors-place-moratorium-on-wind-project-applications/article_1a96408a-29d3-11ef-9b45-47e3bc50532b.html
2,"restrictive instrument past its threshold; the county is already labelled enacted, so only the record grade is at stake",MI,Kent County,26081,Green Charter Township,2025-12-09,264,120,2.2,moratorium,active,pending,1,0,green_charter_township_mi,https://datacenterwatch.substack.com/p/briefing-12192025
2,"restrictive instrument past its threshold; the county is already labelled enacted, so only the record grade is at stake",MI,Washtenaw County,26161,Augusta Charter Township,2025-08-01,394,180,2.19,conditional_zoning,active,mixed,1,0,augusta_charter_township_mi,https://planetdetroit.org/2025/08/augusta-data-center-opposition/
2,"restrictive instrument past its threshold; the county is already labelled enacted, so only the record grade is at stake",OH,Wood County,39173,Waterville Township,2025-12-17,256,120,2.13,moratorium,active,pending,1,0,waterville_township_oh,https://toledofreepress.com/anthony-wayne-news-waterville-approves-6-month-moratorium/
2,"restrictive instrument past its threshold; the county is already labelled enacted, so only the record grade is at stake",OH,Pickaway County,39129,South Bloomfield,2025-12-19,254,120,2.12,moratorium,active,pending,1,0,south_bloomfield_oh,https://www.sciotopost.com/south-bloomfield-ashville-move-to-block-data-centers-as-pickaway-county-opposition-grows/
2,"restrictive instrument past its threshold; the county is already labelled enacted, so only the record grade is at stake",MI,Allegan County,26005,Dorr Township,2026-01-01,241,120,2.01,moratorium,active,pending,1,0,dorr_township_mi,https://wwmt.com/news/local/microsoft-data-center-proposal-protest-processing-information-farm-life-community-dorr-township-allegan-county-west-michigan-infrastructure-development
2,"restrictive instrument past its threshold; the county is already labelled enacted, so only the record grade is at stake",MI,Kalamazoo County,26077,Oshtemo Township,2026-01-01,241,120,2.01,moratorium,active,pending,1,0,oshtemo_township_mi,https://wwmt.com/news/local/oshtemo-charter-township-considers-data-center-moratorium-portage-ai-artificial-intelligence-debate-development-battery-energy-bess-west-michigan
2,"restrictive instrument past its threshold; the county is already labelled enacted, so only the record grade is at stake",MI,Kent County,26081,Caledonia Township,2026-01-01,241,120,2.01,moratorium,active,pending,1,0,caledonia_township_mi,https://www.fox17online.com/news/local-news/kent/caledonia-township-puts-6-month-pause-on-data-center-development-to-review-industrial-standards
2,"restrictive instrument past its threshold; the county is already labelled enacted, so only the record grade is at stake",MI,Saginaw County,26145,Saginaw,2026-01-01,241,120,2.01,moratorium,active,pending,1,0,saginaw_mi,https://www.wkar.org/wkar-news/2026-02-27/michigan-data-center-tracker-moratoria-legislation-and-grid-impact
2,"restrictive instrument past its threshold; the county is already labelled enacted, so only the record grade is at stake",MI,Wayne County,26163,City of Taylor,2026-01-01,241,120,2.01,moratorium,active,pending,1,0,taylor_mi,https://www.wkar.org/wkar-news/2026-02-27/michigan-data-center-tracker-moratoria-legislation-and-grid-impact
2,"restrictive instrument past its threshold; the county is already labelled enacted, so only the record grade is at stake",WI,Dane County,55025,Mount Horeb,2026-01-01,241,120,2.01,moratorium,active,pending,1,0,mount_horeb_wi,https://wisconsinexaminer.com/2026/02/12/democratic-lawmakers-propose-data-center-moratorium/
2,"restrictive instrument past its threshold; the county is already labelled enacted, so only the record grade is at stake",MI,Wayne County,26163,City of Northville,2026-01-06,236,120,1.97,moratorium,active,pending,1,0,northville_mi,https://www.wxyz.com/news/data-centers/northville-city-council-unanimously-approves-12-month-data-center-moratorium
2,"restrictive instrument past its threshold; the county is already labelled enacted, so only the record grade is at stake",OH,Wood County,39173,Wood County (Bowling Green area),2026-01-06,236,120,1.97,moratorium,active,pending,1,0,wood_county_oh,https://bgindependentmedia.org/meta-data-center-how-it-went-from-economic-development-coup-to-project-local-residents-rue/
2,"restrictive instrument past its threshold; the county is already labelled enacted, so only the record grade is at stake",PA,Schuylkill County,42107,New Castle Township (Frackville area),2025-09-10,354,180,1.97,conditional_zoning,active,mixed,1,0,new_castle_township_pa,https://www.wnep.com/article/news/local/schuylkill-county/schuylkill-county-frackville-data-center-new-castle-krnl-zoning/523-1e14d019-77cd-4b00-ab8e-b4cbbbaeba93
2,"restrictive instrument past its threshold; the county is already labelled enacted, so only the record grade is at stake",MI,Oakland County,26125,Springfield Township,2026-01-07,235,120,1.96,moratorium,active,pending,1,0,springfield_township_mi,https://www.detroitnews.com/story/news/local/oakland-county/2026/01/07/springfield-twp-passes-temporary-data-center-moratorium/88049214007/
2,"restrictive instrument past its threshold; the county is already labelled enacted, so only the record grade is at stake",OH,Lawrence County,39087,Ironton,2026-01-09,233,120,1.94,moratorium,active,pending,1,0,ironton_oh,https://irontontribune.com/2026/01/14/council-questions-ledc-director-on-ai-data-center/
2,"restrictive instrument past its threshold; the county is already labelled enacted, so only the record grade is at stake",MI,Washtenaw County,26161,Saline Township,2026-01-12,230,120,1.92,moratorium,active,advanced_unverified,1,0,saline_township_mi,https://themanchestermirror.com/2026/01/05/regulators-approve-dte-contracts-for-saline-township-data-center/
2,"restrictive instrument past its threshold; the county is already labelled enacted, so only the record grade is at stake",KS,Harvey County,20079,Harvey County,2026-01-13,229,120,1.91,moratorium,active,pending,1,0,harvey_county_ks,https://www.kwch.com/2026/01/13/harvey-county-commission-places-moratorium-data-center-construction/
2,"restrictive instrument past its threshold; the county is already labelled enacted, so only the record grade is at stake",MI,Saginaw County,26145,City of Saginaw,2026-01-13,229,120,1.91,ban,active,pending,1,0,saginaw_mi,https://www.wnem.com/2026/01/13/city-saginaw-placing-moratorium-data-centers/
2,"restrictive instrument past its threshold; the county is already labelled enacted, so only the record grade is at stake",MI,Macomb County,26099,Armada Township,2026-01-14,228,120,1.9,moratorium,active,pending,1,0,armada_township_mi,https://www.wkar.org/wkar-news/2026-02-27/michigan-data-center-tracker-moratoria-legislation-and-grid-impact
2,"restrictive instrument past its threshold; the county is already labelled enacted, so only the record grade is at stake",KS,Sedgwick County,20173,Sedgwick County,2026-01-15,227,120,1.89,moratorium,active,pending,1,0,sedgwick_county_ks,https://www.kwch.com/2026/03/04/sedgwick-county-extends-pause-data-center-applications/
2,"restrictive instrument past its threshold; the county is already labelled enacted, so only the record grade is at stake",IL,Madison County,17119,Village of Godfrey,2026-01-20,222,120,1.85,moratorium,active,pending,1,0,godfrey_il,https://www.advantagenews.com/news/local/godfrey-studying-data-centers-approves-moratorium-on-applications/article_cc9c3ec6-d706-4de8-a61a-bbad49c78302.html
2,"restrictive instrument past its threshold; the county is already labelled enacted, so only the record grade is at stake",IN,Pulaski County,18131,Pulaski County,2026-01-20,222,120,1.85,moratorium,active,blocked_unverified,1,0,pulaski_county_in,https://mjbommar.github.io/moratorium-data-2026/states/indiana.html
2,"restrictive instrument past its threshold; the county is already labelled enacted, so only the record grade is at stake",NY,Tompkins County,36109,Town of Lansing (Article 78 Lawsuit),2026-01-20,222,120,1.85,moratorium,active,pending,1,0,lansing_ny,https://ithacavoice.org/2026/01/local-groups-file-suit-against-terawulf-lansing-zoning-board-over-data-center/
2,"restrictive instrument past its threshold; the county is already labelled enacted, so only the record grade is at stake",CA,Los Angeles County,06037,Monterey Park,2026-01-21,221,120,1.84,ban,active,blocked_unverified,1,0,monterey_park_ca,https://www.montereypark.ca.gov/1710/Data-Center-Information
2,"restrictive instrument past its threshold; the county is already labelled enacted, so only the record grade is at stake",MI,Genesee County,26049,Grand Blanc Township,2026-01-21,221,120,1.84,moratorium,active,pending,1,0,grand_blanc_township_mi,https://www.wnem.com/2026/01/22/grand-blanc-twp-passes-moratorium-data-centers/
2,"restrictive instrument past its threshold; the county is already labelled enacted, so only the record grade is at stake",MI,Oakland County,26125,City of Pontiac,2026-01-21,221,120,1.84,moratorium,active,pending,1,0,pontiac_mi,https://www.detroitnews.com/story/news/local/oakland-county/2026/01/21/pontiac-latest-community-to-pass-data-center-moratorium/88286730007/
2,"restrictive instrument past its threshold; the county is already labelled enacted, so only the record grade is at stake",MI,Washtenaw County,26161,Sylvan Township,2026-01-22,220,120,1.83,moratorium,active,pending,1,0,sylvan_township_mi,https://thesuntimesnews.com/sylvan-township-decides-on-data-center-moratorium-and-new-computers/
2,"restrictive instrument past its threshold; the county is already labelled enacted, so only the record grade is at stake",MI,Macomb County,26099,Village of Romeo,2026-01-26,216,120,1.8,moratorium,active,pending,1,0,romeo_mi,https://www.wkar.org/wkar-news/2026-02-27/michigan-data-center-tracker-moratoria-legislation-and-grid-impact
2,"restrictive instrument past its threshold; the county is already labelled enacted, so only the record grade is at stake",CO,Larimer County,08069,Larimer County,2026-01-27,215,120,1.79,moratorium,active,pending,1,0,larimer_county_co,https://www.reporterherald.com/2026/01/26/larimer-county-eyes-30-day-moratorium-on-data-center-permits/
2,"restrictive instrument past its threshold; the county is already labelled enacted, so only the record grade is at stake",PA,York County,42133,East Manchester Township,2025-10-14,320,180,1.78,conditional_zoning,passed,mixed,1,0,east_manchester_township_pa,https://www.fox43.com/article/news/local/york-county/east-manchester-township-approves-two-new-data-center-ordinances-community-tech-york-county/521-de93d1bf-7139-4092-b5fc-2c61bd715273
2,"restrictive instrument past its threshold; the county is already labelled enacted, so only the record grade is at stake",MD,Carroll County,24013,Carroll County,2026-02-01,210,120,1.75,moratorium,active,pending,1,0,carroll_county_md,https://marylandmatters.org/2026/01/03/data-center-regulations-2026/
2,"restrictive instrument past its threshold; the county is already labelled enacted, so only the record grade is at stake",MD,Montgomery County,24031,Dickerson (Montgomery County),2026-02-01,210,120,1.75,moratorium,active,pending,1,0,dickerson_md,https://bethesdamagazine.com/2026/02/25/dickerson-data-center-developers-have-right-to-go-forward-elrich-says/
2,"restrictive instrument past its threshold; the county is already labelled enacted, so only the record grade is at stake",MI,Allegan County,26005,Saugatuck Township,2026-02-01,210,120,1.75,moratorium,active,pending,1,0,saugatuck_township_mi,https://www.wkar.org/wkar-news/2026-02-27/michigan-data-center-tracker-moratoria-legislation-and-grid-impact
2,"restrictive instrument past its threshold; the county is already labelled enacted, so only the record grade is at stake",MI,Kent County,26081,Solon Township,2026-02-01,210,120,1.75,moratorium,active,pending,1,0,solon_township_mi,https://www.fox17online.com/news/local-news/rockford-cedar-springs-sparta/solon-township-approves-6-month-moratorium-on-data-center-proposals
2,"restrictive instrument past its threshold; the county is already labelled enacted, so only the record grade is at stake",OH,Adams County,39001,Adams County,2026-02-01,210,120,1.75,ban,active,pending,1,0,adams_county_oh,https://www.wcpo.com/news/local-news/i-team/adams-county-data-center-could-be-one-of-ohios-biggest-power-guzzlers
2,"restrictive instrument past its threshold; the county is already labelled enacted, so only the record grade is at stake",OH,Trumbull County,39155,Vienna Township,2026-02-01,210,120,1.75,moratorium,active,pending,1,0,vienna_township_oh,https://www.statenews.org/section/the-ohio-newsroom/2026-02-26/ohio-towns-are-pushing-back-against-data-centers-to-varying-degrees-of-success
2,"restrictive instrument past its threshold; the county is already labelled enacted, so only the record grade is at stake",WI,Manitowoc County,55071,Two Creeks,2026-02-01,210,120,1.75,moratorium,active,pending,1,0,two_creeks_wi,https://www.wpr.org/news/northeast-wisconsin-towns-1-year-moratorium-data-centers
2,"restrictive instrument past its threshold; the county is already labelled enacted, so only the record grade is at stake",WI,Manitowoc County,55071,Two Rivers,2026-02-01,210,120,1.75,moratorium,active,pending,1,0,two_rivers_wi,https://www.wpr.org/news/northeast-wisconsin-towns-1-year-moratorium-data-centers
2,"restrictive instrument past its threshold; the county is already labelled enacted, so only the record grade is at stake",WI,Manitowoc County,55071,Mishicot,2026-02-01,210,120,1.75,moratorium,active,pending,1,0,mishicot_wi,https://www.wpr.org/news/northeast-wisconsin-towns-1-year-moratorium-data-centers
2,"restrictive instrument past its threshold; the county is already labelled enacted, so only the record grade is at stake",GA,Brooks County,13027,Brooks County,2026-02-02,209,120,1.74,moratorium,active,blocked_unverified,1,0,brooks_county_ga,https://mjbommar.github.io/moratorium-data-2026/states/georgia.html
2,"restrictive instrument past its threshold; the county is already labelled enacted, so only the record grade is at stake",MD,Baltimore County,24005,Baltimore County,2026-02-02,209,120,1.74,moratorium,active,pending,1,0,baltimore_county_md,https://www.thebanner.com/economy/growth-development/baltimore-county-data-center-moratorium-EVIJFJDL5VGCDNC22K52NQBMGI/
2,"restrictive instrument past its threshold; the county is already labelled enacted, so only the record grade is at stake",MD,Montgomery County,24031,Montgomery County,2026-02-02,209,120,1.74,moratorium,active,pending,1,0,montgomery_county_md,https://www.foodandwaterwatch.org/2026/02/24/md-advocates-residents-call-for-data-center-moratorium-at-town-hall/
2,"restrictive instrument past its threshold; the county is already labelled enacted, so only the record grade is at stake",MI,Macomb County,26099,Lenox Township,2026-02-02,209,120,1.74,moratorium,active,pending,1,0,lenox_township_mi,http://www.lenox-mi.gov/m/newsflash?cat=7
2,"restrictive instrument past its threshold; the county is already labelled enacted, so only the record grade is at stake",OH,Lucas County,39095,Maumee,2026-02-02,209,120,1.74,moratorium,active,pending,1,0,maumee_oh,https://www.toledoblade.com/local/suburbs/2026/02/03/maumee-becomes-latest-northwest-ohio-community-to-pass-data-center-moratorium/stories/20260203114
2,"restrictive instrument past its threshold; the county is already labelled enacted, so only the record grade is at stake",MI,Washtenaw County,26161,Lodi Township,2026-02-03,208,120,1.73,moratorium,active,pending,1,0,lodi_township_mi,https://www.wkar.org/wkar-news/2026-02-27/michigan-data-center-tracker-moratoria-legislation-and-grid-impact
2,"restrictive instrument past its threshold; the county is already labelled enacted, so only the record grade is at stake",PA,Lackawanna County,42069,Covington Township (Lackawanna County),2026-02-03,208,120,1.73,moratorium,active,pending,1,0,covington_township_pa,https://nodatacenter.net/
2,"restrictive instrument past its threshold; the county is already labelled enacted, so only the record grade is at stake",SC,Colleton County,45029,Colleton County (ACE Basin lawsuit),2026-02-05,206,120,1.72,moratorium,pending,mixed,1,0,colleton_county_sc,https://www.live5news.com/2026/01/09/landowners-sue-colleton-county-over-data-center-ordinance/
2,"restrictive instrument past its threshold; the county is already labelled enacted, so only the record grade is at stake",OH,Pickaway County,39129,Muhlenberg Township,2026-02-06,205,120,1.71,moratorium,active,pending,1,0,muhlenberg_township_oh,https://www.change.org/p/muhlenberg-twp-and-community-against-data-center-and-or-power-distribution-build
2,"restrictive instrument past its threshold; the county is already labelled enacted, so only the record grade is at stake",ID,Ada County,16001,Ada County,2025-11-01,302,180,1.68,conditional_zoning,passed,mixed,1,0,ada_county_id,https://adacounty.id.gov/blog/news/zoning-ordinance-update-public-hearing/
2,"restrictive instrument past its threshold; the county is already labelled enacted, so only the record grade is at stake",IL,Kankakee County,17091,Essex,2025-11-01,302,180,1.68,conditional_zoning,active,pending,1,0,essex_il,https://www.thecentersquare.com/illinois/article_05a303b2-1a7c-430a-ab7f-8a7c9ed27437.html
2,"restrictive instrument past its threshold; the county is already labelled enacted, so only the record grade is at stake",KS,Kingman County,20095,Kingman County,2026-02-09,202,120,1.68,moratorium,active,blocked_unverified,1,0,kingman_county_ks,https://mjbommar.github.io/moratorium-data-2026/states/kansas.html
2,"restrictive instrument past its threshold; the county is already labelled enacted, so only the record grade is at stake",MI,Charlevoix County,26029,Hayes Township,2026-02-10,201,120,1.68,moratorium,active,pending,1,0,hayes_township_mi,https://www.interlochenpublicradio.org/ipr-news/2026-02-10/charlevoix-area-township-passes-data-center-moratorium
2,"restrictive instrument past its threshold; the county is already labelled enacted, so only the record grade is at stake",MI,Monroe County,26115,Erie Township,2026-02-10,201,120,1.68,moratorium,active,pending,1,0,erie_township_mi,https://www.wkar.org/wkar-news/2026-02-27/michigan-data-center-tracker-moratoria-legislation-and-grid-impact
2,"restrictive instrument past its threshold; the county is already labelled enacted, so only the record grade is at stake",MI,Oakland County,26125,City of South Lyon,2026-02-10,201,120,1.68,moratorium,active,pending,1,0,south_lyon_mi,https://www.whmi.com/news/article/city-of-south-lyon-adopts-12-month-moratorium-on-data-center-applications
2,"restrictive instrument past its threshold; the county is already labelled enacted, so only the record grade is at stake",PA,Lackawanna County,42069,Archbald,2025-11-01,302,180,1.68,conditional_zoning,active,pending,1,0,archbald_pa,https://www.wvia.org/news/local/2025-11-25/crammed-angered-archbald-residents-express-disapproval-as-council-approves-controversial-data-center-zoning-amendment
2,"restrictive instrument past its threshold; the county is already labelled enacted, so only the record grade is at stake",TX,Angelina County,48005,Lufkin,2025-11-01,302,180,1.68,conditional_zoning,active,pending,1,0,lufkin_tx,https://www.change.org/p/stop-ai-data-center-lufkin-tx
2,"restrictive instrument past its threshold; the county is already labelled enacted, so only the record grade is at stake",VA,Campbell County,51031,Campbell County,2025-11-01,302,180,1.68,conditional_zoning,active,pending,1,0,campbell_county_va,https://wset.com/news/local/campbell-county-faces-data-center-proposals-as-residents-call-for-stricter-regulations-route-460-concord-cabin-field-road-mesh-capital-llc-supervisor-matthew-kline-november-2025
2,"restrictive instrument past its threshold; the county is already labelled enacted, so only the record grade is at stake",VA,Spotsylvania County,51177,Spotsylvania County,2025-11-01,302,180,1.68,conditional_zoning,approved,mixed,1,0,spotsylvania_county_va,https://www.fredericksburgfreepress.com/2026/02/25/spotsylvania-board-of-supervisors-vote-to-require-sup-for-data-centers-set-advertised-tax-rate/
2,"restrictive instrument past its threshold; the county is already labelled enacted, so only the record grade is at stake",NC,Haywood County,37087,Town of Canton,2026-02-11,200,120,1.67,moratorium,active,pending,1,0,canton_nc,https://indyweek.com/news/as-chatham-considers-moratorium-wake-county-residents-continue-opposition-to-proposed-apex-data-center/
2,"restrictive instrument past its threshold; the county is already labelled enacted, so only the record grade is at stake",MI,Washtenaw County,26161,York Township,2026-02-12,199,120,1.66,moratorium,active,blocked_unverified,1,0,york_township_mi,https://www.wemu.org/wemu-news/2026-02-12/york-township-places-six-month-moratorium-on-data-center-plans
2,"restrictive instrument past its threshold; the county is already labelled enacted, so only the record grade is at stake",OH,Clinton County,39027,Blanchester,2026-02-12,199,120,1.66,moratorium,active,pending,1,0,blanchester_oh,https://www.alleghenyfront.org/ohio-towns-are-pushing-back-against-data-centers-to-varying-degrees-of-success/
2,"restrictive instrument past its threshold; the county is already labelled enacted, so only the record grade is at stake",NC,Chatham County,37037,Chatham County,2026-02-13,198,120,1.65,moratorium,active,pending,1,0,chatham_county_nc,https://indyweek.com/news/as-chatham-considers-moratorium-wake-county-residents-continue-opposition-to-proposed-apex-data-center/
2,"restrictive instrument past its threshold; the county is already labelled enacted, so only the record grade is at stake",OH,Trumbull County,39155,Hubbard Township,2026-02-15,196,120,1.63,moratorium,active,pending,1,0,hubbard_township_oh,https://www.tribtoday.com/news/local-news/2026/02/hubbard-township-oks-moratorium-on-data-centers/
2,"restrictive instrument past its threshold; the county is already labelled enacted, so only the record grade is at stake",OH,Lucas County,39095,Richfield Township,2026-02-17,194,120,1.62,moratorium,active,pending,1,0,richfield_township_oh,https://www.toledoblade.com/local/politics/2026/02/18/monclova-richfield-townships-latest-to-pass-data-center-moratoriums/stories/20260218126
2,"restrictive instrument past its threshold; the county is already labelled enacted, so only the record grade is at stake",CO,Logan County,08075,Logan County (regulations adopted),2026-02-18,193,120,1.61,moratorium,passed,mixed,1,0,logan_county_co,https://www.kunc.org/2026-03-27/some-mountain-west-counties-impose-moratoriums-on-data-centers-as-national-pause-is-proposed
2,"restrictive instrument past its threshold; the county is already labelled enacted, so only the record grade is at stake",OH,Lucas County,39095,Monclova Township,2026-02-18,193,120,1.61,moratorium,active,pending,1,0,monclova_township_oh,https://www.wtol.com/article/news/local/monclova-township-approves-12-month-moratorium-on-data-centers/512-9307862d-1a3c-45f9-acf2-8b49f0222efc
2,"restrictive instrument past its threshold; the county is already labelled enacted, so only the record grade is at stake",WI,Manitowoc County,55071,Manitowoc County (Three Towns Resolution),2026-02-20,191,120,1.59,moratorium,active,pending,1,0,manitowoc_county_wi,https://www.wpr.org/news/northeast-wisconsin-towns-1-year-moratorium-data-centers
2,"restrictive instrument past its threshold; the county is already labelled enacted, so only the record grade is at stake",CO,Denver County,08031,Denver (Elyria-Swansea),2026-02-23,188,120,1.57,moratorium,active,pending,1,0,denver_co,https://www.denverpost.com/2026/02/23/denver-data-center-coresite-elyria-swansea/
2,"restrictive instrument past its threshold; the county is already labelled enacted, so only the record grade is at stake",IN,Huntington County,18069,Huntington County,2026-02-23,188,120,1.57,moratorium,active,blocked_unverified,1,0,huntington_county_in,https://mjbommar.github.io/moratorium-data-2026/states/indiana.html
2,"restrictive instrument past its threshold; the county is already labelled enacted, so only the record grade is at stake",IN,Shelby County,18145,Shelby County,2026-02-23,188,120,1.57,moratorium,active,blocked_unverified,1,0,shelby_county_in,https://mjbommar.github.io/moratorium-data-2026/states/indiana.html
2,"restrictive instrument past its threshold; the county is already labelled enacted, so only the record grade is at stake",GA,Cobb County,13067,Cobb County,2026-02-24,187,120,1.56,moratorium,active,pending,1,0,cobb_county_ga,https://www.fox5atlanta.com/news/cobb-county-temporarily-pauses-new-data-center-development
2,"restrictive instrument past its threshold; the county is already labelled enacted, so only the record grade is at stake",IN,Franklin County,18047,Franklin County,2026-02-24,187,120,1.56,moratorium,active,blocked_unverified,1,0,franklin_county_in,https://www.eaglecountryonline.com/news/local-news/franklin-co-commissioners-place-year-long-moratorium-on-data-centers/
2,"restrictive instrument past its threshold; the county is already labelled enacted, so only the record grade is at stake",MI,Kalamazoo County,26077,City of Portage,2026-02-25,186,120,1.55,moratorium,passed,pending,1,0,portage_mi,https://wkzo.com/2026/02/25/894892/
2,"restrictive instrument past its threshold; the county is already labelled enacted, so only the record grade is at stake",GA,Hall County,13139,Hall County,2026-02-26,185,120,1.54,moratorium,active,pending,1,0,hall_county_ga,https://www.wsbtv.com/news/local/hall-county/hall-county-commission-debating-180-day-data-center-moratorium/OOHPTCO4TJEL3H7MBY2FIVJZQM/
2,"restrictive instrument past its threshold; the county is already labelled enacted, so only the record grade is at stake",NC,Cleveland County,37045,City of Kings Mountain,2026-02-26,185,120,1.54,moratorium,active,pending,1,0,kings_mountain_nc,https://thrivekingsmountain.com/
2,"restrictive instrument past its threshold; the county is already labelled enacted, so only the record grade is at stake",OH,Clinton County,39027,Wilmington,2025-11-26,277,180,1.54,conditional_zoning,active,pending,1,0,wilmington_oh,https://www.datacenterdynamics.com/en/news/wilmington-city-council-postpones-vote-on-aws-data-center-in-southwest-ohio/
2,"restrictive instrument past its threshold; the county is already labelled enacted, so only the record grade is at stake",OH,Pickaway County,39129,Commercial Point / Scioto Township (Pickaway County),2026-03-01,182,120,1.52,moratorium,passed,mixed,1,0,commercial_point_scioto_township_oh,https://www.sciotopost.com/proposed-152-acre-data-center-campus-in-commercial-point-borders-housing-development-in-pickaway-county/
2,"restrictive instrument past its threshold; the county is already labelled enacted, so only the record grade is at stake",TN,DeKalb County,47041,DeKalb County (nuclear data center regulations),2026-03-01,182,120,1.52,ban,pending,pending,1,0,dekalb_county_tn,https://www.wjle.com/county-commission-to-renew-discussion-about-proposed-data-center-regulations-view-video-here/
2,"restrictive instrument past its threshold; the county is already labelled enacted, so only the record grade is at stake",KS,Brown County,20013,Brown County,2026-03-02,181,120,1.51,moratorium,active,blocked_unverified,1,0,brown_county_ks,https://mjbommar.github.io/moratorium-data-2026/states/kansas.html
2,"restrictive instrument past its threshold; the county is already labelled enacted, so only the record grade is at stake",KS,Marion County,20115,Marion County,2026-03-02,181,120,1.51,moratorium,active,blocked_unverified,1,0,marion_county_ks,https://mjbommar.github.io/moratorium-data-2026/states/kansas.html
2,"restrictive instrument past its threshold; the county is already labelled enacted, so only the record grade is at stake",GA,Polk County,13233,Polk County,2026-03-03,180,120,1.5,moratorium,active,blocked_unverified,1,0,polk_county_ga,https://mjbommar.github.io/moratorium-data-2026/states/georgia.html
2,"restrictive instrument past its threshold; the county is already labelled enacted, so only the record grade is at stake",LA,Caddo Parish,22017,Blanchard (North Caddo Parish),2026-03-03,180,120,1.5,moratorium,active,pending,1,0,blanchard_la,https://www.ksla.com/video/2026/03/02/rural-community-hosting-boycott-data-center-meeting/
2,"restrictive instrument past its threshold; the county is already labelled enacted, so only the record grade is at stake",CA,Los Angeles County,06037,Monterey Park (permanent ballot ban),2026-03-04,179,120,1.49,ban,pending,blocked_unverified,1,0,monterey_park_ca,https://www.montereypark.ca.gov/m/newsflash/home/detail/1306
2,"restrictive instrument past its threshold; the county is already labelled enacted, so only the record grade is at stake",NC,Cumberland County,37051,Fayetteville,2026-03-05,178,120,1.48,moratorium,pending,blocked_unverified,1,0,fayetteville_nc,https://thecitizen.com/2026/03/16/data-center-decision-comes-thursday-for-fayetteville-council/
2,"restrictive instrument past its threshold; the county is already labelled enacted, so only the record grade is at stake",NC,Lee County,37105,Lee County,2026-03-16,167,120,1.39,moratorium,passed,mixed,1,0,lee_county_nc,https://www.wunc.org/2026-03-17/lee-county-residents-ask-for-a-data-center-moratorium
2,"restrictive instrument past its threshold; the county is already labelled enacted, so only the record grade is at stake",GA,Fayette County,13113,City of Fayetteville,2026-03-18,165,120,1.38,ban,failed,blocked_unverified,1,0,fayetteville_ga,https://thecitizen.com/2026/03/19/data-center-appeal-withdrawn-in-fayetteville-the-power-of-the-people/
2,"restrictive instrument past its threshold; the county is already labelled enacted, so only the record grade is at stake",IA,Shelby County,19165,Shelby County moratorium,2026-03-17,166,120,1.38,moratorium,active,blocked_unverified,1,0,shelby_county_moratorium_ia,https://mjbommar.github.io/moratorium-data-2026/states/iowa.html
2,"restrictive instrument past its threshold; the county is already labelled enacted, so only the record grade is at stake",MD,Frederick County,24021,Frederick County,2025-12-24,249,180,1.38,conditional_zoning,passed,mixed,1,0,frederick_county_md,https://www.datacenterdynamics.com/en/news/amazon-to-expand-virginia-cloud-region-into-maryland-develop-data-centers-in-tpgs-quantum-frederick-park/
2,"restrictive instrument past its threshold; the county is already labelled enacted, so only the record grade is at stake",NC,Rowan County,37159,Rowan County,2026-03-17,166,120,1.38,moratorium,active,mixed,1,0,rowan_county_nc,https://www.salisburypost.com/2026/03/17/online-petition-draws-ire-over-long-ferry-road-industrial-site/
2,"restrictive instrument past its threshold; the county is already labelled enacted, so only the record grade is at stake",ND,Dunn County,38025,Dunn County,2026-03-18,165,120,1.38,moratorium,active,blocked_unverified,1,0,dunn_county_nd,https://mjbommar.github.io/moratorium-data-2026/states/north-dakota.html
2,"restrictive instrument past its threshold; the county is already labelled enacted, so only the record grade is at stake",PA,York County,42133,Conewago Township (York County),2026-01-01,241,180,1.34,conditional_zoning,active,pending,1,0,conewago_township_pa,https://www.change.org/p/stop-ai-data-centers-in-conewago-township-york-co
2,"restrictive instrument past its threshold; the county is already labelled enacted, so only the record grade is at stake",TX,Lee County,48287,Lee County (Blue/Sandow),2026-01-01,241,180,1.34,conditional_zoning,active,pending,1,0,lee_county_tx,https://www.texastribune.org/2025/06/05/texas-data-centers-gas-power-plants-ai/
2,"restrictive instrument past its threshold; the county is already labelled enacted, so only the record grade is at stake",VA,Chesterfield County,51041,Chesterfield County (WestDulles appeal),2026-01-01,241,180,1.34,conditional_zoning,active,pending,1,0,chesterfield_county_va,https://richmondbizsense.com/2026/03/09/developer-appealing-permit-requirement-for-data-center-project-in-chesterfield/
2,"restrictive instrument past its threshold; the county is already labelled enacted, so only the record grade is at stake",NC,Watauga County,37189,Watauga County,2026-03-24,159,120,1.32,moratorium,pending,pending,1,0,watauga_county_nc,https://www.wataugademocrat.com/news/local/commissioners-move-toward-data-center-moratorium/article_d6f97008-ebf5-4ac5-ab70-43746bb9e4a0.html
2,"restrictive instrument past its threshold; the county is already labelled enacted, so only the record grade is at stake",GA,Henry County,13151,Henry County,2026-01-06,236,180,1.31,conditional_zoning,active,pending,1,0,henry_county_ga,https://www.atlantanewsfirst.com/2026/01/06/henry-county-commissioners-look-put-guardrails-any-future-data-centers/
2,"restrictive instrument past its threshold; the county is already labelled enacted, so only the record grade is at stake",OH,Stark County,39151,Massillon,2026-03-31,152,120,1.27,moratorium,pending,pending,1,0,massillon_oh,https://writing.strisker.com/data-centers-daily-notes-april-1-2026/
2,"restrictive instrument past its threshold; the county is already labelled enacted, so only the record grade is at stake",WI,Manitowoc County,55071,Manitowoc County,2026-03-31,152,120,1.27,moratorium,pending,pending,1,0,manitowoc_county_wi,https://www.wpr.org/news/manitowoc-county-committee-recommends-moratorium-data-center-permitting
2,"restrictive instrument past its threshold; the county is already labelled enacted, so only the record grade is at stake",MO,Franklin County,29071,Villa Ridge (Franklin County),2026-01-15,227,180,1.26,conditional_zoning,pending,pending,1,0,villa_ridge_mo,https://www.change.org/p/stop-the-data-center-on-robertsville-road-in-villa-ridge-missouri
2,"restrictive instrument past its threshold; the county is already labelled enacted, so only the record grade is at stake",NJ,Warren County,34041,Warren County (model ordinance),2026-01-15,227,180,1.26,conditional_zoning,active,pending,1,0,warren_county_nj,https://www.tapinto.net/towns/phillipsburg/articles/commissioner-kern-shares-model-ordinance-to-assist-municipalities-in-evaluating-data-center-siting
2,"restrictive instrument past its threshold; the county is already labelled enacted, so only the record grade is at stake",MO,Franklin County,29071,Villa Ridge,2026-01-20,222,180,1.23,conditional_zoning,active,pending,1,0,villa_ridge_mo,https://www.firstalert4.com/2026/03/14/franklin-county-data-center-projects-return-planning-commission-tuesday-with-frustration-about-process/
2,"restrictive instrument past its threshold; the county is already labelled enacted, so only the record grade is at stake",AZ,Cochise County,04003,Cochise County,2026-04-07,145,120,1.21,moratorium,passed,mixed,1,0,cochise_county_az,https://news.azpm.org/p/azpmnews/2026/4/10/229272-cochise-county-will-regulate-data-centers-but-some-residents-want-more/
2,"restrictive instrument past its threshold; the county is already labelled enacted, so only the record grade is at stake",MN,Rice County,27131,Northfield,2026-04-08,144,120,1.2,moratorium,active,blocked_unverified,1,0,northfield_mn,https://kymnradio.net/2026/04/08/northfield-an-outlier-and-potential-model-in-minnesotas-data-center-debacle/
2,"restrictive instrument past its threshold; the county is already labelled enacted, so only the record grade is at stake",DE,New Castle County,10003,Newark,2026-01-30,212,180,1.18,conditional_zoning,active,pending,1,0,newark_de,https://www.newarkpostonline.com/news/data-center-complex-proposed-near-newark/article_25f31b5b-71d7-4975-9ace-213c3dbf35ff.html
2,"restrictive instrument past its threshold; the county is already labelled enacted, so only the record grade is at stake",WV,Monroe County,54063,Monroe County,2026-02-01,210,180,1.17,conditional_zoning,active,pending,1,0,monroe_county_wv,https://therealwv.com/2026/02/06/monroe-county-commission-denies-data-center-discussions/
2,"restrictive instrument past its threshold; the county is already labelled enacted, so only the record grade is at stake",KY,Hancock County,21091,Hancock County (Hawesville),2026-02-02,209,180,1.16,conditional_zoning,active,pending,1,0,hancock_county_ky,https://spectrumnews1.com/ky/louisville/news/2026/02/14/ai-database-hawesville
2,"restrictive instrument past its threshold; the county is already labelled enacted, so only the record grade is at stake",PA,Luzerne County,42079,Luzerne County (county-wide),2026-02-02,209,180,1.16,conditional_zoning,pending,pending,1,0,luzerne_county_pa,https://www.timesleader.com/news/1731917/data-center-zoning-amendment-proposed-for-20-luzerne-county-covered-municipalities
2,"restrictive instrument past its threshold; the county is already labelled enacted, so only the record grade is at stake",GA,Decatur County,13087,Decatur County,2026-04-14,138,120,1.15,moratorium,active,blocked_unverified,1,0,decatur_county_ga,https://mjbommar.github.io/moratorium-data-2026/states/georgia.html
2,"restrictive instrument past its threshold; the county is already labelled enacted, so only the record grade is at stake",OH,Montgomery County,39113,Dayton,2026-04-14,138,120,1.15,moratorium,pending,pending,1,0,dayton_oh,https://www.daytondailynews.com/local/large-data-centers-could-be-banned-from-dayton-under-zoning-proposal/article_76b7992f-0baa-475a-af7f-883102de75f4.html
2,"restrictive instrument past its threshold; the county is already labelled enacted, so only the record grade is at stake",OH,Lucas County,39095,City of Oregon,2026-02-10,201,180,1.12,conditional_zoning,approved,pending,1,0,oregon_oh,https://www.13abc.com/2026/02/10/oregon-council-denies-data-center-extension-project-jeopardy/
2,"restrictive instrument past its threshold; the county is already labelled enacted, so only the record grade is at stake",TN,Davidson County,47037,Nashville/Davidson County,2026-04-17,135,120,1.12,moratorium,pending,pending,1,0,nashville_davidson_county_tn,https://www.multistate.us/resources/state-data-center-policy-101
2,"restrictive instrument past its threshold; the county is already labelled enacted, so only the record grade is at stake",PA,Dauphin County,42043,Londonderry Township,2026-02-11,200,180,1.11,conditional_zoning,active,pending,1,0,londonderry_township_pa,https://www.datacenterdynamics.com/en/news/pennsylvanias-londonderry-township-weighs-data-center-zoning-ordinance-change/
2,"restrictive instrument past its threshold; the county is already labelled enacted, so only the record grade is at stake",WA,Walla Walla County,53071,Walla Walla County,2026-02-12,199,180,1.11,conditional_zoning,active,pending,1,0,walla_walla_county_wa,https://www.datacenterdynamics.com/en/news/aws-likely-behind-48bn-data-center-in-walla-walla-washington/
2,"restrictive instrument past its threshold; the county is already labelled enacted, so only the record grade is at stake",OH,Trumbull County,39155,Niles,2026-04-20,132,120,1.1,moratorium,failed,blocked_unverified,1,0,niles_oh,https://www.wkbn.com/news/local-news/niles-news/niles-announces-decision-on-proposed-data-center-annexation/
2,"restrictive instrument past its threshold; the county is already labelled enacted, so only the record grade is at stake",PA,Lackawanna County,42069,Dickson City,2026-02-13,198,180,1.1,conditional_zoning,active,pending,1,0,dickson_city_pa,https://www.thetimes-tribune.com/2026/02/13/dickson-city-adopts-data-center-regulations-halts-bell-mountain-campus/
2,"restrictive instrument past its threshold; the county is already labelled enacted, so only the record grade is at stake",GA,Lowndes County,13185,Lowndes County,2026-02-17,194,180,1.08,conditional_zoning,active,pending,1,0,lowndes_county_ga,https://www.walb.com/2026/02/10/rural-communities-raise-concerns-data-centers-expand-across-georgia-beyond/
2,"restrictive instrument past its threshold; the county is already labelled enacted, so only the record grade is at stake",OH,Montgomery County,39113,Vandalia,2026-04-22,130,120,1.08,moratorium,pending,pending,1,0,vandalia_oh,https://www.daytondailynews.com/community/vandalia/latest-data-centers-move-vandalia-city-council-considers-moratorium/article_0f9731a6-57dc-4e70-945e-460ff6fc47fc.html
2,"restrictive instrument past its threshold; the county is already labelled enacted, so only the record grade is at stake",NC,Mecklenburg County,37119,Charlotte,2026-04-23,129,120,1.07,moratorium,pending,pending,1,0,charlotte_nc,https://www.wfae.org/energy-environment/2026-04-23/east-charlotte-residents-protest-data-center-development-during-rezoning-hearing
2,"restrictive instrument past its threshold; the county is already labelled enacted, so only the record grade is at stake",IL,Morgan County,17137,Morgan County,2026-04-27,125,120,1.04,moratorium,active,blocked_unverified,1,0,morgan_county_il,https://mjbommar.github.io/moratorium-data-2026/states/illinois.html
2,"restrictive instrument past its threshold; the county is already labelled enacted, so only the record grade is at stake",MA,Middlesex County,25017,Everett,2026-02-24,187,180,1.04,conditional_zoning,pending,pending,1,0,everett_ma,https://www.boston.com/news/local-news/2026/04/08/everett-restricts-data-centers-development/
2,"restrictive instrument past its threshold; the county is already labelled enacted, so only the record grade is at stake",PA,Bucks County,42017,East Rockhill Township (Bucks County),2026-02-24,187,180,1.04,conditional_zoning,active,pending,1,0,east_rockhill_township_pa,https://northpennnow.com/news/2026/apr/04/east-rockhill-supervisors-advance-data-center-ordi/
2,"restrictive instrument past its threshold; the county is already labelled enacted, so only the record grade is at stake",PA,Chester County,42029,North Coventry Township,2026-02-23,188,180,1.04,conditional_zoning,active,pending,1,0,north_coventry_township_pa,https://www.readingeagle.com/2026/03/03/north-coventry-rejects-boutique-data-center-idea/
2,"restrictive instrument past its threshold; the county is already labelled enacted, so only the record grade is at stake",PA,Chester County,42029,East Whiteland Township (Curative Amendment),2026-02-26,185,180,1.03,conditional_zoning,active,mixed,1,0,east_whiteland_township_pa,https://www.inquirer.com/news/pennsylvania/east-whiteland-data-center-zoning-20260401.html
2,"restrictive instrument past its threshold; the county is already labelled enacted, so only the record grade is at stake",PA,Lackawanna County,42069,Ransom Township,2026-02-27,184,180,1.02,conditional_zoning,active,pending,1,0,ransom_township_pa,https://www.thetimes-tribune.com/2026/02/27/scranton-materials-appeals-ransom-twp-denial-of-data-center-zoning-change/
2,"restrictive instrument past its threshold; the county is already labelled enacted, so only the record grade is at stake",GA,Early County,13099,Blakely (Early County),2026-03-01,182,180,1.01,conditional_zoning,active,pending,1,0,blakely_ga,https://www.datacenterdynamics.com/en/news/qts-targets-two-data-center-campuses-in-georgia/
3,non-restrictive instrument past its threshold,ND,Cass County,38017,Harwood,2025-08-25,370,120,3.08,project_denial,approved,mixed,0,0,harwood_nd,https://www.inforum.com/news/fargo/fargo-withdraws-annexation-attempts-of-3-billion-ai-data-center-near-harwood
3,non-restrictive instrument past its threshold,TN,Shelby County,47157,Shelby County Health Department (xAI enforcement letter),2024-08-26,734,270,2.72,legislation,active,advanced_unverified,1,0,xai_colossus,https://interactive.localmemphis.com/pdfs/2024-08-26-Letter-to-SCHD-re-xAI-operating-without-permits.pdf
3,non-restrictive instrument past its threshold,TN,Shelby County,47157,EPA Region 4 (xAI Memphis inquiry),2024-11-01,667,270,2.47,legislation,resolved,pending,1,0,xai_colossus,https://prismreports.org/2025/06/18/xai-memphis-data-center-pollution/
3,non-restrictive instrument past its threshold,IA,Scott County,19163,Davenport,2024-05-01,851,365,2.33,cost_allocation,active,pending,0,0,davenport_ia,https://www.datacenterdynamics.com/en/news/meta-named-as-company-behind-328-acre-data-center-in-davenport-iowa/
3,non-restrictive instrument past its threshold,WI,Racine County,55101,City of Racine vs. Village of Mount Pleasant (water-and-wastewater agreement dispute),2024-06-01,820,365,2.25,disclosure,active,pending,0,0,racine_vs_mount_pleasant_wi,https://urbanmilwaukee.com/2024/09/18/mount-pleasant-racine-in-legal-battle-over-water-after-foxconn-failure/
3,non-restrictive instrument past its threshold,TN,Shelby County,47157,Shelby County Health Department (xAI 15-turbine air permit application),2025-01-15,592,270,2.19,legislation,pending,advanced_unverified,1,0,xai_colossus,https://prismreports.org/2025/06/18/xai-memphis-data-center-pollution/
3,non-restrictive instrument past its threshold,MI,Kent County,26081,Lowell Township,2025-12-18,255,120,2.12,project_denial,active,pending,1,0,lowell_township_mi,https://www.datacenterdynamics.com/en/news/developer-in-lowell-township-michigan-withdraws-data-center-application-following-opposition/
3,non-restrictive instrument past its threshold,TN,Shelby County,47157,Shelby County Commission (xAI public hearing resolution),2025-04-01,516,270,1.91,legislation,passed,blocked_unverified,1,0,xai_colossus,https://www.actionnews5.com/2025/04/01/shelby-county-commissioners-vote-urge-health-dept-hold-hearing-xai-gas-turbines/
3,non-restrictive instrument past its threshold,TX,Hood County,48221,Granbury / Mitchell Bend,2024-10-04,695,365,1.9,disclosure,active,mixed,0,0,granbury_mitchell_bend_tx,https://earthjustice.org/press/2024/granbury-residents-sue-local-bitcoin-mine-over-health-threatening-noise-pollution
3,non-restrictive instrument past its threshold,TN,Shelby County,47157,Shelby County Health Department (SELC second xAI letter),2025-04-09,508,270,1.88,legislation,active,advanced_unverified,1,0,xai_colossus,https://interactive.localmemphis.com/pdfs/2025-04-09_Letter_from_SELC_et_al._to_SCHD_re_xAI's_New_Turbines.pdf
3,non-restrictive instrument past its threshold,MN,Sherburne County,27141,City of Becker,2025-05-23,464,270,1.72,legislation,failed,blocked_unverified,0,0,becker_mn,https://www.mprnews.org/story/2025/05/23/amazon-pulls-back-on-plans-for-large-data-center-in-becker
3,non-restrictive instrument past its threshold,AK,North Slope Borough,02185,North Slope Borough,2025-06-03,453,270,1.68,legislation,active,pending,0,0,north_slope_borough_ak,https://alaskabeacon.com/2025/06/03/new-alaska-bitcoin-mine-would-use-as-much-power-as-the-states-largest-coal-plant-produces/
3,non-restrictive instrument past its threshold,TN,Shelby County,47157,EPA (Memphis ozone non-attainment petition),2025-06-05,451,270,1.67,legislation,pending,pending,1,0,xai_colossus,https://tennesseelookout.com/2025/06/10/groups-petition-epa-to-act-as-ozone-levels-in-memphis-exceed-national-health-standards/
3,non-restrictive instrument past its threshold,CA,Imperial County,06025,Imperial Valley,2025-01-28,579,365,1.59,litigation,active,pending,1,0,imperial_valley_ca,https://www.thedesertreview.com/business/data-center-company-to-build-315-acre-center-in-lithium-valley/article_aff75860-4f82-11ef-a8b5-7f739e431385.html
3,non-restrictive instrument past its threshold,NY,Genesee County,36037,Genesee County (STAMP),2025-02-01,575,365,1.58,disclosure,active,mixed,0,0,genesee_county_ny,https://www.wxxinews.org/local-news/2025-02-06/big-data-centers-eying-genesee-county-tech-park-face-widespread-opposition
3,non-restrictive instrument past its threshold,MN,Dakota County,27037,Apple Valley,2025-02-05,571,365,1.56,public_pressure,failed,blocked_unverified,1,0,apple_valley_mn,https://www.datacenterdynamics.com/en/news/oppidan-proposes-data-center-campus-in-apple-valley-minnesota/
3,non-restrictive instrument past its threshold,MO,Franklin County,29071,Pacific,2026-02-25,186,120,1.55,project_denial,pending,blocked_unverified,1,0,pacific_mo,https://www.change.org/p/demand-transparency-on-data-center-records-in-pacific-mo-under-missouri-sunshine-law
3,non-restrictive instrument past its threshold,TN,Shelby County,47157,Memphis & Shelby County Air Pollution Control Board (xAI appeal filing),2025-07-15,411,270,1.52,legislation,pending,advanced_unverified,1,0,xai_colossus,https://cdn.arstechnica.net/wp-content/uploads/2025/07/NAACP-and-YGGs-xAI-Air-Permit-Appeal-7-15-2025.pdf
3,non-restrictive instrument past its threshold,VA,Shenandoah County,51171,Strasburg,2025-03-01,547,365,1.5,public_pressure,active,pending,0,0,strasburg_va,https://www.nvdaily.com/nvdaily/shenandoah-county-weighing-safeguards-as-it-shapes-data-center-policy/article_9457e215-e1c7-5396-93ce-537a11345351.html
3,non-restrictive instrument past its threshold,LA,Richland Parish,22083,Richland Parish,2025-08-01,394,270,1.46,legislation,approved,mixed,0,0,richland_parish_la,https://fortune.com/2026/02/04/meta-hyperion-ai-data-center-louisiana-expansion/
3,non-restrictive instrument past its threshold,TN,Shelby County,47157,Memphis (SCHD public hearing — Fairley High School),2025-04-25,492,365,1.35,disclosure,active,advanced_unverified,1,0,xai_colossus,https://wreg.com/news/xai-hearing-draws-hundreds-becomes-heated-debate/
3,non-restrictive instrument past its threshold,AZ,Maricopa County,04013,Buckeye,2025-06-01,455,365,1.25,public_pressure,active,pending,1,0,buckeye_az,https://www.datacenterdynamics.com/en/news/tract-announces-18gw-data-center-park-in-phoenix-arizona/
3,non-restrictive instrument past its threshold,MI,Oakland County,26125,Oakland University (Rochester Hills),2025-06-01,455,365,1.25,infrastructure_opposition,active,pending,1,0,oakland_university_mi,https://actionnetwork.org/petitions/petition-to-stop-the-data-center-from-being-built-in-p-35
3,non-restrictive instrument past its threshold,MI,Washtenaw County,26161,Saline Township,2025-10-01,333,270,1.23,legislation,active,mixed,1,0,saline_township_mi,https://www.change.org/p/stop-the-massive-ai-data-center-in-saline-township-in-michigan
3,non-restrictive instrument past its threshold,TN,Shelby County,47157,Memphis (NAACP/SELC 60-day NOI to sue xAI Colossus 1),2025-06-17,439,365,1.2,litigation,active,pending,1,0,xai_colossus,https://512pixels.net/wp-content/uploads/2025/06/2025.06.17-SELC-Notice-of-Intent-to-Sue-for-Violations-of-the-Clean-Air-Act_with-Enclosures.pdf
3,non-restrictive instrument past its threshold,WI,Ozaukee County,55089,Fredonia/Saukville,2025-10-10,324,270,1.2,legislation,pending,pending,1,0,fredonia_saukville_wi,https://spectrumnews1.com/wi/milwaukee/news/2025/10/10/ozaukee-county-port-washington-data-center-fredonia
3,non-restrictive instrument past its threshold,TN,Shelby County,47157,Memphis (xAI Colossus Water Recycle Plant indefinite pause),2026-04-09,143,120,1.19,project_denial,pending,advanced_unverified,1,0,xai_colossus,https://www.actionnews5.com/2026/04/09/xai-pauses-plans-build-water-recycling-plant-memphis/
3,non-restrictive instrument past its threshold,MI,Washtenaw County,26161,Saline Township (consent judgment with Related Digital),2025-10-15,319,270,1.18,legislation,approved,mixed,1,0,saline_township_mi,https://planetdetroit.org/2025/10/saline-data-center-settlement/
3,non-restrictive instrument past its threshold,SC,Aiken County,45003,Savannah River Site (Federal AI Data Center),2025-07-01,425,365,1.16,disclosure,active,pending,0,0,savannah_river_site_sc__r816,https://www.energy.gov/nnsa/articles/nnsa-seeks-proposals-ai-data-centers-energy-projects-savannah-river-site-0
3,non-restrictive instrument past its threshold,WI,Sheboygan County,55117,Sheboygan,2025-07-01,425,365,1.16,infrastructure_opposition,active,advanced_unverified,0,0,sheboygan_wi,https://www.tmj4.com/news/sheboygan-county/sheboygan-residents-raise-concerns-about-speculated-data-center-amid-land-deal-city-denies-data-center
3,non-restrictive instrument past its threshold,MN,Dakota County,27037,Lakeville,2025-08-01,394,365,1.08,disclosure,active,advanced_unverified,1,0,lakeville_mn,https://www.mncenter.org/data-centers-lawsuits
3,non-restrictive instrument past its threshold,MT,Yellowstone County,30111,Broadview,2025-07-31,395,365,1.08,public_pressure,active,pending,0,0,broadview_mt,https://www.ktvq.com/news/local-news/proposed-ai-data-center-sparks-debate-in-rural-montana
3,non-restrictive instrument past its threshold,OH,Stark County,39151,Perry Township (Stark County),2025-08-01,394,365,1.08,cost_allocation,active,mixed,1,0,perry_township_oh,https://www.yahoo.com/news/articles/many-perry-township-residents-voice-114547726.html
3,non-restrictive instrument past its threshold,TN,Shelby County,47157,Memphis,2025-08-01,394,365,1.08,disclosure,active,pending,1,0,xai_colossus,https://www.ehn.org/community-pushback-grows-over-musk-backed-supercomputer-in-southwest-memphis
3,non-restrictive instrument past its threshold,TN,Shelby County,47157,Memphis City Council (xAI Community Benefit Ordinance),2025-08-01,394,365,1.08,community_benefit,passed,mixed,1,0,xai_colossus,https://www.fox13memphis.com/news/city-council-approves-tax-benefits-from-xai-for-surrounding-communities-in-south-memphis/article_2e980200-40a7-4a6e-8d23-e97e4dc1314d.html
3,non-restrictive instrument past its threshold,LA,Richland Parish,22083,Louisiana Department of Environmental Quality (LDEQ),2025-11-19,284,270,1.05,legislation,active,pending,0,0,louisiana_department_of_environmental_quality_la,https://www.knoe.com/2025/11/19/community-speaks-environmental-permits-entergy-power-plant/
3,non-restrictive instrument past its threshold,WI,Ozaukee County,55089,Washington County and Ozaukee County Boards of Supervisors (transmission-route resolutions),2025-11-19,284,270,1.05,legislation,passed,pending,1,0,washington_county_and_ozaukee_county_boards_of_supervisors_wi,https://www.gmtoday.com/news_graphic/business/port-washington-power-routes/article_13c93a82-e614-5ea5-8dd8-fdc8cbc1c561.html
3,non-restrictive instrument past its threshold,AK,Wrangell City and Borough,02275,Wrangell,2025-08-21,374,365,1.02,public_pressure,active,blocked_unverified,0,0,wrangell_ak,"https://wrangellsentinel.com/stories/borough-wants-to-pursue-possible-data-center-tenant-at-6-mile-mill-site,24587"
3,non-restrictive instrument past its threshold,AL,Shelby County,01117,Wilsonville,2025-08-24,371,365,1.02,public_pressure,active,pending,1,0,wilsonville_al,https://alabamareflector.com/2025/08/24/wilsonville-residents-seek-preemptive-strike-against-massive-data-center-project/
3,non-restrictive instrument past its threshold,PA,Lackawanna County,42069,Clifton Township,2025-08-22,373,365,1.02,litigation,active,pending,1,0,clifton_township_pa,https://www.thetimes-tribune.com/2026/02/03/judge-tosses-settlement-between-clifton-twp-data-center-developer/
3,non-restrictive instrument past its threshold,AL,Baldwin County,01003,Baldwin County (Stockton),2025-12-02,271,270,1.0,legislation,active,pending,0,0,baldwin_county_al,https://www.wkrg.com/baldwin-county/people-care-about-these-wetlands-baldwin-county-residents-unite-against-massive-solar-farm-project/
4,"inside the 30-day early-warning band, not yet stale",PA,Carbon County,42025,Packer Township / Banks Township,2025-09-01,363,365,0.99,public_pressure,pending,pending,1,0,packer_township_banks_township_pa,https://www.change.org/p/stop-the-data-center-in-packer-township-and-banks-township
4,"inside the 30-day early-warning band, not yet stale",TX,Bexar County,48029,San Antonio,2026-03-05,178,180,0.99,conditional_zoning,pending,pending,0,1,san_antonio_tx,https://www.swunion.org/blog/data-center-rebellion-convening-2026
4,"inside the 30-day early-warning band, not yet stale",MN,Stearns,27145,"Waite Park City Council, MN",2026-05-04,118,120,0.98,moratorium,passed,pending,1,0,waite_park_mn,https://knsiradio.com/2026/05/04/waite-park-council-to-hear-public-input-tonight-on-data-center-moratorium/
4,"inside the 30-day early-warning band, not yet stale",OR,Wasco County,41065,The Dalles (HR 655 Federal Land Transfer),2025-12-09,264,270,0.98,legislation,pending,pending,0,0,the_dalles_or__r673,https://www.columbiariverkeeper.org/2026/coalition-urges-senators-wyden-and-merkley-to-oppose-public-land-giveaway-for-data-center-water-use/
4,"inside the 30-day early-warning band, not yet stale",SC,Colleton,45029,"Colleton County Council (first-reading 6-month moratorium on 850-acre Eagle Rock proposal in ACE Basin), SC",2026-05-04,118,120,0.98,moratorium,pending,blocked_unverified,1,0,colleton_sc,https://www.aol.com/articles/south-carolina-county-passes-first-090447896.html
4,"inside the 30-day early-warning band, not yet stale",WI,Sheboygan,55117,"Sheboygan Common Council, WI",2026-05-04,118,120,0.98,moratorium,pending,pending,0,1,sheboygan_wi,https://whbl.com/2026/05/05/city-of-sheboygan-sends-data-center-limits-to-plan-commission/
4,"inside the 30-day early-warning band, not yet stale",NV,Clark,32003,"Boulder City, NV (Townsite Solar 2 Data Center — second town hall + ballot initiative)",2026-05-06,116,120,0.97,project_denial,resolved,mixed,0,0,boulder_city_nv,https://www.fox5vegas.com/2026/05/06/developers-proposed-data-center-hold-second-community-meeting-opposition-continues/
4,"inside the 30-day early-warning band, not yet stale",VA,Chesterfield County,51041,Chesterfield County,2026-03-09,174,180,0.97,conditional_zoning,active,pending,1,0,chesterfield_county_va,https://richmondbizsense.com/2026/03/09/developer-appealing-permit-requirement-for-data-center-project-in-chesterfield/
4,"inside the 30-day early-warning band, not yet stale",MD,Harford,24025,"Harford County Executive Bob Cassilly (proposed legislation to permanently ban data centers countywide; public hearing May 18, vote June 1), MD",2026-05-07,115,120,0.96,ban,pending,pending,0,1,harford_county_executive_bob_cassilly_md,https://www.baltimoresun.com/2026/05/07/cassilly-proposes-permanent-data-center-ban/
4,"inside the 30-day early-warning band, not yet stale",MI,Washtenaw County,26161,Washtenaw County Circuit Court (Related Digital v. Saline Township),2025-09-12,352,365,0.96,disclosure,active,advanced_unverified,1,0,washtenaw_county_circuit_court_mi,https://thesuntimesnews.com/saline-township-sued-data-center-zoning/
4,"inside the 30-day early-warning band, not yet stale",NC,Chatham,37037,NC Superior Court (ECO TIP West LLC v. Chatham County re: 12-month moratorium),2026-05-08,114,120,0.95,moratorium,pending,pending,1,0,nc_superior_court_nc,https://nsjonline.com/article/2026/05/chatham-county-faces-lawsuit-over-data-center-moratorium/
4,"inside the 30-day early-warning band, not yet stale",NY,Dutchess,36027,"Town of East Fishkill (Dutchess County — Treetop Development data center; industrial moratorium extended to data centers), NY",2026-05-08,114,120,0.95,moratorium,unknown,pending,0,1,east_fishkill_ny,https://midhudsonnews.com/2026/05/08/rumors-of-proposed-data-center-are-premature/
4,"inside the 30-day early-warning band, not yet stale",KY,Jefferson,21111,"Louisville Metro Council (Councilwoman Chappell reintroduces moratorium on telecom hotels / data centers), KY",2026-05-11,111,120,0.93,moratorium,pending,pending,0,1,louisville_metro_council_ky,https://louisvilleky.gov/news/councilwoman-chappell-reintroduces-temporary-moratorium-data-centers
4,"inside the 30-day early-warning band, not yet stale",MI,Cass,26027,"Penn Township Board (Cass County), MI",2026-05-11,111,120,0.93,moratorium,passed,mixed,1,0,penn_township_board_mi,https://www.wndu.com/2026/05/12/officials-approve-30-day-moratorium-data-center-penn-township-residents-request-longer-term-option/
4,"inside the 30-day early-warning band, not yet stale",NJ,Sussex,34037,"Andover Township Committee (Sussex County — ban announced after viral tense meeting at former Newton/Jump airport site), NJ",2026-05-10,112,120,0.93,moratorium,announced,blocked_unverified,0,1,andover_township_committee_nj,https://newjersey.news12.com/2026/05/10/andover-plans-ban-on-ai-data-centers-after-tense-meeting-and-viral-video/5ouXiKxrUSaKWwCIz4Fflg
4,"inside the 30-day early-warning band, not yet stale",TX,Somervell County,48425,Somervell County,2026-05-11,111,120,0.93,moratorium,passed,pending,0,1,somervell_county_tx,https://www.keranews.org/energy-environment/2026-05-12/oppose-expand-votes-in-2-north-texas-communities-highlight-a-divide-over-data-center-growth
4,"inside the 30-day early-warning band, not yet stale",CA,Imperial County,06025,"Calipatria City Council (Imperial County — interim 5-year moratorium introduced), CA",2026-05-12,110,120,0.92,moratorium,pending,pending,1,0,calipatria_ca,https://inewsource.org/2026/05/13/data-center-moratorium-imperial-county-salton-sea-calipatria/
4,"inside the 30-day early-warning band, not yet stale",MO,Franklin County,29071,Franklin County (county-wide regulations),2026-03-17,166,180,0.92,conditional_zoning,pending,pending,1,0,franklin_county_mo,https://www.firstalert4.com/2026/03/18/franklin-county-data-center-projects-draw-packed-crowd-opposition-planning-meeting/
4,"inside the 30-day early-warning band, not yet stale",OH,Franklin County,39049,Jackson Township,2026-05-12,110,120,0.92,moratorium,passed,mixed,1,0,jackson_township_oh,https://www.10tv.com/article/news/local/jackson-township-approves-1-year-data-center-moratorium/530-b8cddb38-1b51-412b-a97c-1f718112af08
4,"inside the 30-day early-warning band, not yet stale",PA,Lackawanna County,42069,City of Scranton,2026-03-17,166,180,0.92,conditional_zoning,pending,pending,1,0,scranton_pa,https://www.thetimes-tribune.com/2026/03/09/scranton-to-amend-zoning-to-regulate-data-centers/
4,"inside the 30-day early-warning band, not yet stale",TX,Kaufman County,48257,Forney,2026-03-17,166,180,0.92,conditional_zoning,pending,pending,0,1,forney_tx,https://www.inforney.com/local-news/forney-proposes-new-rules-for-data-centers/article_51ff32ba-83f3-44aa-91c1-73c022a88384.html
4,"inside the 30-day early-warning band, not yet stale",NC,Brunswick County,37019,Boiling Spring Lakes,2026-05-14,108,120,0.9,moratorium,pending,pending,0,1,boiling_spring_lakes_nc,https://www.wect.com/2026/05/14/data-center-moratorium-proposed-boiling-spring-lakes/
4,"inside the 30-day early-warning band, not yet stale",IN,Marion County,18097,"Indianapolis / Marion County (City-County Council nonbinding moratorium resolution, Prop. 158), IN",2026-05-15,107,120,0.89,moratorium,passed,mixed,1,0,indianapolis_marion_county_in,https://www.axios.com/local/indianapolis/2026/05/15/the-city-county-council-passed-a-data-center-moratorium-heres-whats-next
4,"inside the 30-day early-warning band, not yet stale",PA,Montgomery County,42091,Montgomery Township,2026-03-23,160,180,0.89,conditional_zoning,active,pending,1,0,montgomery_township_pa,https://northpennnow.com/news/2026/mar/27/montgomery-township-moves-to-fix-zoning-gap-on-data-centers/
4,"inside the 30-day early-warning band, not yet stale",KS,Johnson County,20091,Spring Hill,2026-03-25,158,180,0.88,conditional_zoning,active,pending,1,0,spring_hill_ks,https://fox4kc.com/news/spring-hill-residents-raise-concerns-over-rezoning-plan-for-data-center/
4,"inside the 30-day early-warning band, not yet stale",FL,DeSoto County,12027,DeSoto County,2026-05-19,103,120,0.86,moratorium,passed,mixed,0,1,desoto_county_fl,"https://thebradentontimes.com/stories/developers-push-massive-data-center-complex-in-desoto-county-amid-backlash,198154"
4,"inside the 30-day early-warning band, not yet stale",CA,Imperial County,06025,"City of Imperial (hyperscale data center moratorium advancing), CA",2026-05-20,102,120,0.85,moratorium,pending,blocked_unverified,1,0,imperial_ca,https://kyma.com/news/top-stories/2026/05/21/imperial-moves-toward-moratorium-on-hyperscale-data-centers/
4,"inside the 30-day early-warning band, not yet stale",NJ,Union County,34039,Roselle Park,2026-05-21,101,120,0.84,ban,pending,pending,1,0,roselle_park_nj,https://www.tapinto.net/towns/roselle-park/articles/roselle-park-moves-to-ban-data-centers-seeks-answers-on-kenilworth-project
4,"inside the 30-day early-warning band, not yet stale",PA,Luzerne County,42079,Jenkins Township,2026-03-31,152,180,0.84,conditional_zoning,pending,pending,1,0,jenkins_township_pa,https://www.timesleader.com/news/1737257/jenkins-twp-holds-hearing-on-data-center-ordinance
4,"inside the 30-day early-warning band, not yet stale",PA,Montgomery County,42091,Montgomery County,2026-04-01,151,180,0.84,conditional_zoning,active,pending,1,0,montgomery_county_pa,https://chestercountyengineers.org/news/events/planning-for-the-digital-backbone-a-practical-guide-to-data-center-ordinances-for-engineers/
4,"inside the 30-day early-warning band, not yet stale",TN,Anderson County,47001,City of Rocky Top,2026-04-01,151,180,0.84,conditional_zoning,pending,pending,1,0,rocky_top_tn,https://www.wbir.com/article/news/local/rocky-top-regulate-location-of-any-future-ai-data-centers-in-city/51-d109d822-3a2d-4c45-bc0d-e30b3065b70f
4,"inside the 30-day early-warning band, not yet stale",AL,Jefferson County,01073,"Birmingham (amended class action alleging city-developer conspiracy to evade DC moratorium), AL",2026-05-25,97,120,0.81,moratorium,active,pending,1,0,birmingham_al,https://birminghamwatch.org/2026/05/28/new-legal-filing-suggests-birmingham-helped-developers-evade-data-center-moratorium/
4,"inside the 30-day early-warning band, not yet stale",FL,Jackson County,12063,"Jackson County (1-year AI data center moratorium), FL",2026-05-26,96,120,0.8,moratorium,pending,blocked_unverified,0,1,jackson_county_fl,https://www.wctv.tv/2026/05/26/jackson-county-commissioners-vote-moratorium-ai-data-centers/
4,"inside the 30-day early-warning band, not yet stale",AZ,Pinal County,04021,"Pinal County (Eloy — La Osa campus scaled back ~80% after opposition), AZ",2026-05-28,94,120,0.78,project_denial,pending,blocked_unverified,0,0,pinal_county_az,https://www.kjzz.org/fronteras-desk/2026-05-28/largest-proposed-data-center-in-arizona-to-be-scaled-back-80-after-opposition
4,"inside the 30-day early-warning band, not yet stale",NY,Suffolk County,36103,"Town of Brookhaven (Yaphank — 18-month data center moratorium hearing set), NY",2026-05-29,93,120,0.78,moratorium,pending,pending,0,1,brookhaven_ny,https://pix11.com/news/local-news/long-island/long-island-town-approves-moratorium-on-data-center-after-public-pushback/
